Workbook

Sheet level
A1: Level | B1: BasePow | C1: SpiritPower
A2: Both | B2: Both | C2: Both
A3: 0 | B3: 0 | C3: 0
A4: 1 | B4: =INT([1]角色能力总表!$D5/0.8 + [1]角色能力总表!$E5*10+ [1]角色能力总表!$F5/3 -160) -> 40 | C4: 10
A5: 2 | B5: =INT([1]角色能力总表!$D6/0.8 + [1]角色能力总表!$E6*10+ [1]角色能力总表!$F6/3 -160) -> 42 | C5: 20
A6: 3 | B6: =INT([1]角色能力总表!$D7/0.8 + [1]角色能力总表!$E7*10+ [1]角色能力总表!$F7/3 -160) -> 44 | C6: 30
A7: 4 | B7: =INT([1]角色能力总表!$D8/0.8 + [1]角色能力总表!$E8*10+ [1]角色能力总表!$F8/3 -160) -> 46 | C7: 40
A8: 5 | B8: =INT([1]角色能力总表!$D9/0.8 + [1]角色能力总表!$E9*10+ [1]角色能力总表!$F9/3 -160) -> 48 | C8: 50
A9: 6 | B9: =INT([1]角色能力总表!$D10/0.8 + [1]角色能力总表!$E10*10+ [1]角色能力总表!$F10/3 -160) -> 50 | C9: 60
A10: 7 | B10: =INT([1]角色能力总表!$D11/0.8 + [1]角色能力总表!$E11*10+ [1]角色能力总表!$F11/3 -160) -> 52 | C10: 70
A11: 8 | B11: =INT([1]角色能力总表!$D12/0.8 + [1]角色能力总表!$E12*10+ [1]角色能力总表!$F12/3 -160) -> 54 | C11: 80
A12: 9 | B12: =INT([1]角色能力总表!$D13/0.8 + [1]角色能力总表!$E13*10+ [1]角色能力总表!$F13/3 -160) -> 56 | C12: 90
A13: 10 | B13: =INT([1]角色能力总表!$D14/0.8 + [1]角色能力总表!$E14*10+ [1]角色能力总表!$F14/3 -160) -> 58 | C13: 100
A14: 11 | B14: =INT([1]角色能力总表!$D15/0.8 + [1]角色能力总表!$E15*10+ [1]角色能力总表!$F15/3 -160) -> 66 | C14: 110
A15: 12 | B15: =INT([1]角色能力总表!$D16/0.8 + [1]角色能力总表!$E16*10+ [1]角色能力总表!$F16/3 -160) -> 73 | C15: 120
... A63: 60 | B63: =INT([1]角色能力总表!$D64/0.8 + [1]角色能力总表!$E64*10+ [1]角色能力总表!$F64/3 -160) -> 316 | C63: 600
A64: 61 | C64: 610
A65: 62 | C65: 620
A66: 63 | C66: 630
A67: 64 | C67: 640
A68: 65 | C68: 650
A69: 66 | C69: 660
A70: 67 | C70: 670
A71: 68 | C71: 680
A72: 69 | C72: 690
A73: 70 | C73: 700
A74: 90 | B74: =INT([1]角色能力总表!$D94/0.8 + [1]角色能力总表!$E94*10+ [1]角色能力总表!$F94/3)-160 -> 436
A75: 99 | B75: =INT([1]角色能力总表!$D103/0.8 + [1]角色能力总表!$E103*10+ [1]角色能力总表!$F103/3)-160 -> 472

Sheet define
A1: 字段 | B1: 描述 | C1: 说明
A2: Level | B2: 等级
A3: MaxExp | B3: 升级经验
A4: Pow | B4: 战斗力
A5: MoneyType01DailyUseLimit | B5: 绑金每日使用上限
A6: MoneyTypeBFTotalLimit | B6: 战场点数上限
A7: MoneyTypeBFWeeklyEarnLimit | B7: 战场点数周上限
A8: MoneyTypeArenaTotalLimit | B8: 竞技场点数上限
A9: MoneyTypeArenaWeeklyEarnLimit | B9: 竞技场点数周上限
A10: DailyExpLimit | B10: 每日野外经验值获得上限

Sheet Sheet3
