Workbook

Sheet Sheet1
A1: ID | B1: Description | C1: Level | D1: Color | E1: Exp | F1: NextLevelExp | G1: NextLevelID | H1: NodeTemplateID1 | I1: NodeTemplateID2 | J1: ExchangeCount | K1: GroupID | L1: ExChangeAvaible | M1: JobLimitedShow | N1: BroadcastStringID | O1: Icon0
A2: Both | B2: Client | C2: Both | D2: Both | E2: Both | F2: Both | G2: Both | H2: Both | I2: Both | J2: Both | K2: Both | L2: Both | M2: Both | N2: Both | O2: Client
A3: 0 | B3: Null | C3: 0 | D3: 0 | E3: 0 | F3: 0 | G3: 0 | H3: 0 | I3: 0 | J3: 0 | K3: 0 | L3: 0 | M3: -1 | N3: 0
A4: 101 | B4: 热血 | C4: 1 | D4: 1 | E4: 30 | F4: 120 | G4: =IF(C4=10,A4,A4+1) -> 102 | H4: 0 | I4: 0 | J4: 0 | K4: 1 | L4: 0 | M4: -1 | N4: 0 | O4: MMOUI_HeavenFx_Lib/1
A5: 102 | B5: 热血 | C5: 2 | D5: 1 | E5: 30 | F5: 240 | G5: =IF(C5=10,A5,A5+1) -> 103 | H5: 0 | I5: 0 | J5: 0 | K5: 1 | L5: 0 | M5: -1 | N5: 0 | O5: MMOUI_HeavenFx_Lib/1
A6: 103 | B6: 热血 | C6: 3 | D6: 1 | E6: 30 | F6: =F5*2 -> 480 | G6: =IF(C6=10,A6,A6+1) -> 104 | H6: 0 | I6: 0 | J6: 0 | K6: 1 | L6: 0 | M6: -1 | N6: 0 | O6: MMOUI_HeavenFx_Lib/1
A7: 104 | B7: 热血 | C7: 4 | D7: 1 | E7: 30 | F7: =F6*2 -> 960 | G7: =IF(C7=10,A7,A7+1) -> 105 | H7: 0 | I7: 0 | J7: 0 | K7: 1 | L7: 0 | M7: -1 | N7: 0 | O7: MMOUI_HeavenFx_Lib/1
A8: 105 | B8: 热血 | C8: 5 | D8: 1 | E8: 30 | F8: =F7*2 -> 1920 | G8: =IF(C8=10,A8,A8+1) -> 106 | H8: 0 | I8: 0 | J8: 0 | K8: 1 | L8: 0 | M8: -1 | N8: 0 | O8: MMOUI_HeavenFx_Lib/1
A9: 106 | B9: 热血 | C9: 6 | D9: 1 | E9: 30 | F9: =F8*2 -> 3840 | G9: =IF(C9=10,A9,A9+1) -> 107 | H9: 0 | I9: 0 | J9: 0 | K9: 1 | L9: 0 | M9: -1 | N9: 0 | O9: MMOUI_HeavenFx_Lib/1
A10: 107 | B10: 热血 | C10: 7 | D10: 1 | E10: 30 | F10: =F9*2 -> 7680 | G10: =IF(C10=10,A10,A10+1) -> 108 | H10: 0 | I10: 0 | J10: 0 | K10: 1 | L10: 0 | M10: -1 | N10: 0 | O10: MMOUI_HeavenFx_Lib/1
A11: 108 | B11: 热血 | C11: 8 | D11: 1 | E11: 30 | F11: =F10*2 -> 15360 | G11: =IF(C11=10,A11,A11+1) -> 109 | H11: 0 | I11: 0 | J11: 0 | K11: 1 | L11: 0 | M11: -1 | N11: 0 | O11: MMOUI_HeavenFx_Lib/1
A12: 109 | B12: 热血 | C12: 9 | D12: 1 | E12: 30 | F12: =F11*2 -> 30720 | G12: =IF(C12=10,A12,A12+1) -> 110 | H12: 0 | I12: 0 | J12: 0 | K12: 1 | L12: 0 | M12: -1 | N12: 0 | O12: MMOUI_HeavenFx_Lib/1
A13: 110 | B13: 热血 | C13: 10 | D13: 1 | E13: 30 | F13: =F12*2 -> 61440 | G13: =IF(C13=10,A13,A13+1) -> 110 | H13: 0 | I13: 0 | J13: 0 | K13: 1 | L13: 0 | M13: -1 | N13: 0 | O13: MMOUI_HeavenFx_Lib/1
A14: 111 | B14: 岩御 | C14: 1 | D14: 1 | E14: 30 | F14: 120 | G14: =IF(C14=10,A14,A14+1) -> 112 | H14: 0 | I14: 0 | J14: 0 | K14: 2 | L14: 0 | M14: -1 | N14: 0 | O14: MMOUI_HeavenFx_Lib/2
A15: 112 | B15: 岩御 | C15: 2 | D15: 1 | E15: 30 | F15: 240 | G15: =IF(C15=10,A15,A15+1) -> 113 | H15: 0 | I15: 0 | J15: 0 | K15: 2 | L15: 0 | M15: -1 | N15: 0 | O15: MMOUI_HeavenFx_Lib/2
A16: 113 | B16: 岩御 | C16: 3 | D16: 1 | E16: 30 | F16: =F15*2 -> 480 | G16: =IF(C16=10,A16,A16+1) -> 114 | H16: 0 | I16: 0 | J16: 0 | K16: 2 | L16: 0 | M16: -1 | N16: 0 | O16: MMOUI_HeavenFx_Lib/2
A17: 114 | B17: 岩御 | C17: 4 | D17: 1 | E17: 30 | F17: =F16*2 -> 960 | G17: =IF(C17=10,A17,A17+1) -> 115 | H17: 0 | I17: 0 | J17: 0 | K17: 2 | L17: 0 | M17: -1 | N17: 0 | O17: MMOUI_HeavenFx_Lib/2
A18: 115 | B18: 岩御 | C18: 5 | D18: 1 | E18: 30 | F18: =F17*2 -> 1920 | G18: =IF(C18=10,A18,A18+1) -> 116 | H18: 0 | I18: 0 | J18: 0 | K18: 2 | L18: 0 | M18: -1 | N18: 0 | O18: MMOUI_HeavenFx_Lib/2
A19: 116 | B19: 岩御 | C19: 6 | D19: 1 | E19: 30 | F19: =F18*2 -> 3840 | G19: =IF(C19=10,A19,A19+1) -> 117 | H19: 0 | I19: 0 | J19: 0 | K19: 2 | L19: 0 | M19: -1 | N19: 0 | O19: MMOUI_HeavenFx_Lib/2
A20: 117 | B20: 岩御 | C20: 7 | D20: 1 | E20: 30 | F20: =F19*2 -> 7680 | G20: =IF(C20=10,A20,A20+1) -> 118 | H20: 0 | I20: 0 | J20: 0 | K20: 2 | L20: 0 | M20: -1 | N20: 0 | O20: MMOUI_HeavenFx_Lib/2
A21: 118 | B21: 岩御 | C21: 8 | D21: 1 | E21: 30 | F21: =F20*2 -> 15360 | G21: =IF(C21=10,A21,A21+1) -> 119 | H21: 0 | I21: 0 | J21: 0 | K21: 2 | L21: 0 | M21: -1 | N21: 0 | O21: MMOUI_HeavenFx_Lib/2
A22: 119 | B22: 岩御 | C22: 9 | D22: 1 | E22: 30 | F22: =F21*2 -> 30720 | G22: =IF(C22=10,A22,A22+1) -> 120 | H22: 0 | I22: 0 | J22: 0 | K22: 2 | L22: 0 | M22: -1 | N22: 0 | O22: MMOUI_HeavenFx_Lib/2
A23: 120 | B23: 岩御 | C23: 10 | D23: 1 | E23: 30 | F23: =F22*2 -> 61440 | G23: =IF(C23=10,A23,A23+1) -> 120 | H23: 0 | I23: 0 | J23: 0 | K23: 2 | L23: 0 | M23: -1 | N23: 0 | O23: MMOUI_HeavenFx_Lib/2
A24: 121 | B24: 斩铁 | C24: 1 | D24: 1 | E24: 30 | F24: 120 | G24: =IF(C24=10,A24,A24+1) -> 122 | H24: 0 | I24: 0 | J24: 0 | K24: 3 | L24: 0 | M24: -1 | N24: 0 | O24: MMOUI_HeavenFx_Lib/3
A25: 122 | B25: 斩铁 | C25: 2 | D25: 1 | E25: 30 | F25: 240 | G25: =IF(C25=10,A25,A25+1) -> 123 | H25: 0 | I25: 0 | J25: 0 | K25: 3 | L25: 0 | M25: -1 | N25: 0 | O25: MMOUI_HeavenFx_Lib/3
A26: 123 | B26: 斩铁 | C26: 3 | D26: 1 | E26: 30 | F26: =F25*2 -> 480 | G26: =IF(C26=10,A26,A26+1) -> 124 | H26: 0 | I26: 0 | J26: 0 | K26: 3 | L26: 0 | M26: -1 | N26: 0 | O26: MMOUI_HeavenFx_Lib/3
A27: 124 | B27: 斩铁 | C27: 4 | D27: 1 | E27: 30 | F27: =F26*2 -> 960 | G27: =IF(C27=10,A27,A27+1) -> 125 | H27: 0 | I27: 0 | J27: 0 | K27: 3 | L27: 0 | M27: -1 | N27: 0 | O27: MMOUI_HeavenFx_Lib/3
A28: 125 | B28: 斩铁 | C28: 5 | D28: 1 | E28: 30 | F28: =F27*2 -> 1920 | G28: =IF(C28=10,A28,A28+1) -> 126 | H28: 0 | I28: 0 | J28: 0 | K28: 3 | L28: 0 | M28: -1 | N28: 0 | O28: MMOUI_HeavenFx_Lib/3
A29: 126 | B29: 斩铁 | C29: 6 | D29: 1 | E29: 30 | F29: =F28*2 -> 3840 | G29: =IF(C29=10,A29,A29+1) -> 127 | H29: 0 | I29: 0 | J29: 0 | K29: 3 | L29: 0 | M29: -1 | N29: 0 | O29: MMOUI_HeavenFx_Lib/3
A30: 127 | B30: 斩铁 | C30: 7 | D30: 1 | E30: 30 | F30: =F29*2 -> 7680 | G30: =IF(C30=10,A30,A30+1) -> 128 | H30: 0 | I30: 0 | J30: 0 | K30: 3 | L30: 0 | M30: -1 | N30: 0 | O30: MMOUI_HeavenFx_Lib/3
A31: 128 | B31: 斩铁 | C31: 8 | D31: 1 | E31: 30 | F31: =F30*2 -> 15360 | G31: =IF(C31=10,A31,A31+1) -> 129 | H31: 0 | I31: 0 | J31: 0 | K31: 3 | L31: 0 | M31: -1 | N31: 0 | O31: MMOUI_HeavenFx_Lib/3
A32: 129 | B32: 斩铁 | C32: 9 | D32: 1 | E32: 30 | F32: =F31*2 -> 30720 | G32: =IF(C32=10,A32,A32+1) -> 130 | H32: 0 | I32: 0 | J32: 0 | K32: 3 | L32: 0 | M32: -1 | N32: 0 | O32: MMOUI_HeavenFx_Lib/3
A33: 130 | B33: 斩铁 | C33: 10 | D33: 1 | E33: 30 | F33: =F32*2 -> 61440 | G33: =IF(C33=10,A33,A33+1) -> 130 | H33: 0 | I33: 0 | J33: 0 | K33: 3 | L33: 0 | M33: -1 | N33: 0 | O33: MMOUI_HeavenFx_Lib/3
A34: 181 | B34: 必中 | C34: 1 | D34: 1 | E34: 30 | F34: 120 | G34: =IF(C34=10,A34,A34+1) -> 182 | H34: 0 | I34: 0 | J34: 0 | K34: 9 | L34: 0 | M34: -1 | N34: 0 | O34: MMOUI_HeavenFx_Lib/9
A35: 182 | B35: 必中 | C35: 2 | D35: 1 | E35: 30 | F35: 240 | G35: =IF(C35=10,A35,A35+1) -> 183 | H35: 0 | I35: 0 | J35: 0 | K35: 9 | L35: 0 | M35: -1 | N35: 0 | O35: MMOUI_HeavenFx_Lib/9
A36: 183 | B36: 必中 | C36: 3 | D36: 1 | E36: 30 | F36: =F35*2 -> 480 | G36: =IF(C36=10,A36,A36+1) -> 184 | H36: 0 | I36: 0 | J36: 0 | K36: 9 | L36: 0 | M36: -1 | N36: 0 | O36: MMOUI_HeavenFx_Lib/9
A37: 184 | B37: 必中 | C37: 4 | D37: 1 | E37: 30 | F37: =F36*2 -> 960 | G37: =IF(C37=10,A37,A37+1) -> 185 | H37: 0 | I37: 0 | J37: 0 | K37: 9 | L37: 0 | M37: -1 | N37: 0 | O37: MMOUI_HeavenFx_Lib/9
A38: 185 | B38: 必中 | C38: 5 | D38: 1 | E38: 30 | F38: =F37*2 -> 1920 | G38: =IF(C38=10,A38,A38+1) -> 186 | H38: 0 | I38: 0 | J38: 0 | K38: 9 | L38: 0 | M38: -1 | N38: 0 | O38: MMOUI_HeavenFx_Lib/9
A39: 186 | B39: 必中 | C39: 6 | D39: 1 | E39: 30 | F39: =F38*2 -> 3840 | G39: =IF(C39=10,A39,A39+1) -> 187 | H39: 0 | I39: 0 | J39: 0 | K39: 9 | L39: 0 | M39: -1 | N39: 0 | O39: MMOUI_HeavenFx_Lib/9
A40: 187 | B40: 必中 | C40: 7 | D40: 1 | E40: 30 | F40: =F39*2 -> 7680 | G40: =IF(C40=10,A40,A40+1) -> 188 | H40: 0 | I40: 0 | J40: 0 | K40: 9 | L40: 0 | M40: -1 | N40: 0 | O40: MMOUI_HeavenFx_Lib/9
A41: 188 | B41: 必中 | C41: 8 | D41: 1 | E41: 30 | F41: =F40*2 -> 15360 | G41: =IF(C41=10,A41,A41+1) -> 189 | H41: 0 | I41: 0 | J41: 0 | K41: 9 | L41: 0 | M41: -1 | N41: 0 | O41: MMOUI_HeavenFx_Lib/9
A42: 189 | B42: 必中 | C42: 9 | D42: 1 | E42: 30 | F42: =F41*2 -> 30720 | G42: =IF(C42=10,A42,A42+1) -> 190 | H42: 0 | I42: 0 | J42: 0 | K42: 9 | L42: 0 | M42: -1 | N42: 0 | O42: MMOUI_HeavenFx_Lib/9
A43: 190 | B43: 必中 | C43: 10 | D43: 1 | E43: 30 | F43: =F42*2 -> 61440 | G43: =IF(C43=10,A43,A43+1) -> 190 | H43: 0 | I43: 0 | J43: 0 | K43: 9 | L43: 0 | M43: -1 | N43: 0 | O43: MMOUI_HeavenFx_Lib/9
A44: 191 | B44: 灵巧 | C44: 1 | D44: 1 | E44: 30 | F44: 120 | G44: =IF(C44=10,A44,A44+1) -> 192 | H44: 0 | I44: 0 | J44: 0 | K44: 10 | L44: 0 | M44: -1 | N44: 0 | O44: MMOUI_HeavenFx_Lib/10
A45: 192 | B45: 灵巧 | C45: 2 | D45: 1 | E45: 30 | F45: 240 | G45: =IF(C45=10,A45,A45+1) -> 193 | H45: 0 | I45: 0 | J45: 0 | K45: 10 | L45: 0 | M45: -1 | N45: 0 | O45: MMOUI_HeavenFx_Lib/10
A46: 193 | B46: 灵巧 | C46: 3 | D46: 1 | E46: 30 | F46: =F45*2 -> 480 | G46: =IF(C46=10,A46,A46+1) -> 194 | H46: 0 | I46: 0 | J46: 0 | K46: 10 | L46: 0 | M46: -1 | N46: 0 | O46: MMOUI_HeavenFx_Lib/10
A47: 194 | B47: 灵巧 | C47: 4 | D47: 1 | E47: 30 | F47: =F46*2 -> 960 | G47: =IF(C47=10,A47,A47+1) -> 195 | H47: 0 | I47: 0 | J47: 0 | K47: 10 | L47: 0 | M47: -1 | N47: 0 | O47: MMOUI_HeavenFx_Lib/10
A48: 195 | B48: 灵巧 | C48: 5 | D48: 1 | E48: 30 | F48: =F47*2 -> 1920 | G48: =IF(C48=10,A48,A48+1) -> 196 | H48: 0 | I48: 0 | J48: 0 | K48: 10 | L48: 0 | M48: -1 | N48: 0 | O48: MMOUI_HeavenFx_Lib/10
A49: 196 | B49: 灵巧 | C49: 6 | D49: 1 | E49: 30 | F49: =F48*2 -> 3840 | G49: =IF(C49=10,A49,A49+1) -> 197 | H49: 0 | I49: 0 | J49: 0 | K49: 10 | L49: 0 | M49: -1 | N49: 0 | O49: MMOUI_HeavenFx_Lib/10
A50: 197 | B50: 灵巧 | C50: 7 | D50: 1 | E50: 30 | F50: =F49*2 -> 7680 | G50: =IF(C50=10,A50,A50+1) -> 198 | H50: 0 | I50: 0 | J50: 0 | K50: 10 | L50: 0 | M50: -1 | N50: 0 | O50: MMOUI_HeavenFx_Lib/10
A51: 198 | B51: 灵巧 | C51: 8 | D51: 1 | E51: 30 | F51: =F50*2 -> 15360 | G51: =IF(C51=10,A51,A51+1) -> 199 | H51: 0 | I51: 0 | J51: 0 | K51: 10 | L51: 0 | M51: -1 | N51: 0 | O51: MMOUI_HeavenFx_Lib/10
A52: 199 | B52: 灵巧 | C52: 9 | D52: 1 | E52: 30 | F52: =F51*2 -> 30720 | G52: =IF(C52=10,A52,A52+1) -> 200 | H52: 0 | I52: 0 | J52: 0 | K52: 10 | L52: 0 | M52: -1 | N52: 0 | O52: MMOUI_HeavenFx_Lib/10
A53: 200 | B53: 灵巧 | C53: 10 | D53: 1 | E53: 30 | F53: =F52*2 -> 61440 | G53: =IF(C53=10,A53,A53+1) -> 200 | H53: 0 | I53: 0 | J53: 0 | K53: 10 | L53: 0 | M53: -1 | N53: 0 | O53: MMOUI_HeavenFx_Lib/10
A54: 201 | B54: 无惧 | C54: 1 | D54: 1 | E54: 30 | F54: 120 | G54: =IF(C54=10,A54,A54+1) -> 202 | H54: 0 | I54: 0 | J54: 0 | K54: 11 | L54: 0 | M54: -1 | N54: 0 | O54: MMOUI_HeavenFx_Lib/11
A55: 202 | B55: 无惧 | C55: 2 | D55: 1 | E55: 30 | F55: 240 | G55: =IF(C55=10,A55,A55+1) -> 203 | H55: 0 | I55: 0 | J55: 0 | K55: 11 | L55: 0 | M55: -1 | N55: 0 | O55: MMOUI_HeavenFx_Lib/11
A56: 203 | B56: 无惧 | C56: 3 | D56: 1 | E56: 30 | F56: =F55*2 -> 480 | G56: =IF(C56=10,A56,A56+1) -> 204 | H56: 0 | I56: 0 | J56: 0 | K56: 11 | L56: 0 | M56: -1 | N56: 0 | O56: MMOUI_HeavenFx_Lib/11
A57: 204 | B57: 无惧 | C57: 4 | D57: 1 | E57: 30 | F57: =F56*2 -> 960 | G57: =IF(C57=10,A57,A57+1) -> 205 | H57: 0 | I57: 0 | J57: 0 | K57: 11 | L57: 0 | M57: -1 | N57: 0 | O57: MMOUI_HeavenFx_Lib/11
A58: 205 | B58: 无惧 | C58: 5 | D58: 1 | E58: 30 | F58: =F57*2 -> 1920 | G58: =IF(C58=10,A58,A58+1) -> 206 | H58: 0 | I58: 0 | J58: 0 | K58: 11 | L58: 0 | M58: -1 | N58: 0 | O58: MMOUI_HeavenFx_Lib/11
A59: 206 | B59: 无惧 | C59: 6 | D59: 1 | E59: 30 | F59: =F58*2 -> 3840 | G59: =IF(C59=10,A59,A59+1) -> 207 | H59: 0 | I59: 0 | J59: 0 | K59: 11 | L59: 0 | M59: -1 | N59: 0 | O59: MMOUI_HeavenFx_Lib/11
A60: 207 | B60: 无惧 | C60: 7 | D60: 1 | E60: 30 | F60: =F59*2 -> 7680 | G60: =IF(C60=10,A60,A60+1) -> 208 | H60: 0 | I60: 0 | J60: 0 | K60: 11 | L60: 0 | M60: -1 | N60: 0 | O60: MMOUI_HeavenFx_Lib/11
A61: 208 | B61: 无惧 | C61: 8 | D61: 1 | E61: 30 | F61: =F60*2 -> 15360 | G61: =IF(C61=10,A61,A61+1) -> 209 | H61: 0 | I61: 0 | J61: 0 | K61: 11 | L61: 0 | M61: -1 | N61: 0 | O61: MMOUI_HeavenFx_Lib/11
A62: 209 | B62: 无惧 | C62: 9 | D62: 1 | E62: 30 | F62: =F61*2 -> 30720 | G62: =IF(C62=10,A62,A62+1) -> 210 | H62: 0 | I62: 0 | J62: 0 | K62: 11 | L62: 0 | M62: -1 | N62: 0 | O62: MMOUI_HeavenFx_Lib/11
A63: 210 | B63: 无惧 | C63: 10 | D63: 1 | E63: 30 | F63: =F62*2 -> 61440 | G63: =IF(C63=10,A63,A63+1) -> 210 | H63: 0 | I63: 0 | J63: 0 | K63: 11 | L63: 0 | M63: -1 | N63: 0 | O63: MMOUI_HeavenFx_Lib/11
A64: 211 | B64: 破军 | C64: 1 | D64: 1 | E64: 30 | F64: 120 | G64: =IF(C64=10,A64,A64+1) -> 212 | H64: 0 | I64: 0 | J64: 0 | K64: 12 | L64: 0 | M64: -1 | N64: 0 | O64: MMOUI_HeavenFx_Lib/12
A65: 212 | B65: 破军 | C65: 2 | D65: 1 | E65: 30 | F65: 240 | G65: =IF(C65=10,A65,A65+1) -> 213 | H65: 0 | I65: 0 | J65: 0 | K65: 12 | L65: 0 | M65: -1 | N65: 0 | O65: MMOUI_HeavenFx_Lib/12
A66: 213 | B66: 破军 | C66: 3 | D66: 1 | E66: 30 | F66: =F65*2 -> 480 | G66: =IF(C66=10,A66,A66+1) -> 214 | H66: 0 | I66: 0 | J66: 0 | K66: 12 | L66: 0 | M66: -1 | N66: 0 | O66: MMOUI_HeavenFx_Lib/12
A67: 214 | B67: 破军 | C67: 4 | D67: 1 | E67: 30 | F67: =F66*2 -> 960 | G67: =IF(C67=10,A67,A67+1) -> 215 | H67: 0 | I67: 0 | J67: 0 | K67: 12 | L67: 0 | M67: -1 | N67: 0 | O67: MMOUI_HeavenFx_Lib/12
A68: 215 | B68: 破军 | C68: 5 | D68: 1 | E68: 30 | F68: =F67*2 -> 1920 | G68: =IF(C68=10,A68,A68+1) -> 216 | H68: 0 | I68: 0 | J68: 0 | K68: 12 | L68: 0 | M68: -1 | N68: 0 | O68: MMOUI_HeavenFx_Lib/12
A69: 216 | B69: 破军 | C69: 6 | D69: 1 | E69: 30 | F69: =F68*2 -> 3840 | G69: =IF(C69=10,A69,A69+1) -> 217 | H69: 0 | I69: 0 | J69: 0 | K69: 12 | L69: 0 | M69: -1 | N69: 0 | O69: MMOUI_HeavenFx_Lib/12
A70: 217 | B70: 破军 | C70: 7 | D70: 1 | E70: 30 | F70: =F69*2 -> 7680 | G70: =IF(C70=10,A70,A70+1) -> 218 | H70: 0 | I70: 0 | J70: 0 | K70: 12 | L70: 0 | M70: -1 | N70: 0 | O70: MMOUI_HeavenFx_Lib/12
A71: 218 | B71: 破军 | C71: 8 | D71: 1 | E71: 30 | F71: =F70*2 -> 15360 | G71: =IF(C71=10,A71,A71+1) -> 219 | H71: 0 | I71: 0 | J71: 0 | K71: 12 | L71: 0 | M71: -1 | N71: 0 | O71: MMOUI_HeavenFx_Lib/12
A72: 219 | B72: 破军 | C72: 9 | D72: 1 | E72: 30 | F72: =F71*2 -> 30720 | G72: =IF(C72=10,A72,A72+1) -> 220 | H72: 0 | I72: 0 | J72: 0 | K72: 12 | L72: 0 | M72: -1 | N72: 0 | O72: MMOUI_HeavenFx_Lib/12
A73: 220 | B73: 破军 | C73: 10 | D73: 1 | E73: 30 | F73: =F72*2 -> 61440 | G73: =IF(C73=10,A73,A73+1) -> 220 | H73: 0 | I73: 0 | J73: 0 | K73: 12 | L73: 0 | M73: -1 | N73: 0 | O73: MMOUI_HeavenFx_Lib/12
A74: 221 | B74: 如山 | C74: 1 | D74: 1 | E74: 30 | F74: 120 | G74: =IF(C74=10,A74,A74+1) -> 222 | H74: 0 | I74: 0 | J74: 0 | K74: 13 | L74: 0 | M74: -1 | N74: 0 | O74: MMOUI_HeavenFx_Lib/13
A75: 222 | B75: 如山 | C75: 2 | D75: 1 | E75: 30 | F75: 240 | G75: =IF(C75=10,A75,A75+1) -> 223 | H75: 0 | I75: 0 | J75: 0 | K75: 13 | L75: 0 | M75: -1 | N75: 0 | O75: MMOUI_HeavenFx_Lib/13
A76: 223 | B76: 如山 | C76: 3 | D76: 1 | E76: 30 | F76: =F75*2 -> 480 | G76: =IF(C76=10,A76,A76+1) -> 224 | H76: 0 | I76: 0 | J76: 0 | K76: 13 | L76: 0 | M76: -1 | N76: 0 | O76: MMOUI_HeavenFx_Lib/13
A77: 224 | B77: 如山 | C77: 4 | D77: 1 | E77: 30 | F77: =F76*2 -> 960 | G77: =IF(C77=10,A77,A77+1) -> 225 | H77: 0 | I77: 0 | J77: 0 | K77: 13 | L77: 0 | M77: -1 | N77: 0 | O77: MMOUI_HeavenFx_Lib/13
A78: 225 | B78: 如山 | C78: 5 | D78: 1 | E78: 30 | F78: =F77*2 -> 1920 | G78: =IF(C78=10,A78,A78+1) -> 226 | H78: 0 | I78: 0 | J78: 0 | K78: 13 | L78: 0 | M78: -1 | N78: 0 | O78: MMOUI_HeavenFx_Lib/13
A79: 226 | B79: 如山 | C79: 6 | D79: 1 | E79: 30 | F79: =F78*2 -> 3840 | G79: =IF(C79=10,A79,A79+1) -> 227 | H79: 0 | I79: 0 | J79: 0 | K79: 13 | L79: 0 | M79: -1 | N79: 0 | O79: MMOUI_HeavenFx_Lib/13
A80: 227 | B80: 如山 | C80: 7 | D80: 1 | E80: 30 | F80: =F79*2 -> 7680 | G80: =IF(C80=10,A80,A80+1) -> 228 | H80: 0 | I80: 0 | J80: 0 | K80: 13 | L80: 0 | M80: -1 | N80: 0 | O80: MMOUI_HeavenFx_Lib/13
A81: 228 | B81: 如山 | C81: 8 | D81: 1 | E81: 30 | F81: =F80*2 -> 15360 | G81: =IF(C81=10,A81,A81+1) -> 229 | H81: 0 | I81: 0 | J81: 0 | K81: 13 | L81: 0 | M81: -1 | N81: 0 | O81: MMOUI_HeavenFx_Lib/13
A82: 229 | B82: 如山 | C82: 9 | D82: 1 | E82: 30 | F82: =F81*2 -> 30720 | G82: =IF(C82=10,A82,A82+1) -> 230 | H82: 0 | I82: 0 | J82: 0 | K82: 13 | L82: 0 | M82: -1 | N82: 0 | O82: MMOUI_HeavenFx_Lib/13
A83: 230 | B83: 如山 | C83: 10 | D83: 1 | E83: 30 | F83: =F82*2 -> 61440 | G83: =IF(C83=10,A83,A83+1) -> 230 | H83: 0 | I83: 0 | J83: 0 | K83: 13 | L83: 0 | M83: -1 | N83: 0 | O83: MMOUI_HeavenFx_Lib/13
A84: 231 | B84: 瞬击 | C84: 1 | D84: 1 | E84: 30 | F84: 120 | G84: =IF(C84=10,A84,A84+1) -> 232 | H84: 0 | I84: 0 | J84: 0 | K84: 14 | L84: 0 | M84: -1 | N84: 0 | O84: MMOUI_HeavenFx_Lib/14
A85: 232 | B85: 瞬击 | C85: 2 | D85: 1 | E85: 30 | F85: 240 | G85: =IF(C85=10,A85,A85+1) -> 233 | H85: 0 | I85: 0 | J85: 0 | K85: 14 | L85: 0 | M85: -1 | N85: 0 | O85: MMOUI_HeavenFx_Lib/14
A86: 233 | B86: 瞬击 | C86: 3 | D86: 1 | E86: 30 | F86: =F85*2 -> 480 | G86: =IF(C86=10,A86,A86+1) -> 234 | H86: 0 | I86: 0 | J86: 0 | K86: 14 | L86: 0 | M86: -1 | N86: 0 | O86: MMOUI_HeavenFx_Lib/14
A87: 234 | B87: 瞬击 | C87: 4 | D87: 1 | E87: 30 | F87: =F86*2 -> 960 | G87: =IF(C87=10,A87,A87+1) -> 235 | H87: 0 | I87: 0 | J87: 0 | K87: 14 | L87: 0 | M87: -1 | N87: 0 | O87: MMOUI_HeavenFx_Lib/14
A88: 235 | B88: 瞬击 | C88: 5 | D88: 1 | E88: 30 | F88: =F87*2 -> 1920 | G88: =IF(C88=10,A88,A88+1) -> 236 | H88: 0 | I88: 0 | J88: 0 | K88: 14 | L88: 0 | M88: -1 | N88: 0 | O88: MMOUI_HeavenFx_Lib/14
A89: 236 | B89: 瞬击 | C89: 6 | D89: 1 | E89: 30 | F89: =F88*2 -> 3840 | G89: =IF(C89=10,A89,A89+1) -> 237 | H89: 0 | I89: 0 | J89: 0 | K89: 14 | L89: 0 | M89: -1 | N89: 0 | O89: MMOUI_HeavenFx_Lib/14
A90: 237 | B90: 瞬击 | C90: 7 | D90: 1 | E90: 30 | F90: =F89*2 -> 7680 | G90: =IF(C90=10,A90,A90+1) -> 238 | H90: 0 | I90: 0 | J90: 0 | K90: 14 | L90: 0 | M90: -1 | N90: 0 | O90: MMOUI_HeavenFx_Lib/14
A91: 238 | B91: 瞬击 | C91: 8 | D91: 1 | E91: 30 | F91: =F90*2 -> 15360 | G91: =IF(C91=10,A91,A91+1) -> 239 | H91: 0 | I91: 0 | J91: 0 | K91: 14 | L91: 0 | M91: -1 | N91: 0 | O91: MMOUI_HeavenFx_Lib/14
A92: 239 | B92: 瞬击 | C92: 9 | D92: 1 | E92: 30 | F92: =F91*2 -> 30720 | G92: =IF(C92=10,A92,A92+1) -> 240 | H92: 0 | I92: 0 | J92: 0 | K92: 14 | L92: 0 | M92: -1 | N92: 0 | O92: MMOUI_HeavenFx_Lib/14
A93: 240 | B93: 瞬击 | C93: 10 | D93: 1 | E93: 30 | F93: =F92*2 -> 61440 | G93: =IF(C93=10,A93,A93+1) -> 240 | H93: 0 | I93: 0 | J93: 0 | K93: 14 | L93: 0 | M93: -1 | N93: 0 | O93: MMOUI_HeavenFx_Lib/14
A94: 241 | B94: 龙威 | C94: 1 | D94: 1 | E94: 30 | F94: 120 | G94: =IF(C94=10,A94,A94+1) -> 242 | H94: 0 | I94: 0 | J94: 0 | K94: 15 | L94: 0 | M94: -1 | N94: 0 | O94: MMOUI_HeavenFx_Lib/15
A95: 242 | B95: 龙威 | C95: 2 | D95: 1 | E95: 30 | F95: 240 | G95: =IF(C95=10,A95,A95+1) -> 243 | H95: 0 | I95: 0 | J95: 0 | K95: 15 | L95: 0 | M95: -1 | N95: 0 | O95: MMOUI_HeavenFx_Lib/15
A96: 243 | B96: 龙威 | C96: 3 | D96: 1 | E96: 30 | F96: =F95*2 -> 480 | G96: =IF(C96=10,A96,A96+1) -> 244 | H96: 0 | I96: 0 | J96: 0 | K96: 15 | L96: 0 | M96: -1 | N96: 0 | O96: MMOUI_HeavenFx_Lib/15
A97: 244 | B97: 龙威 | C97: 4 | D97: 1 | E97: 30 | F97: =F96*2 -> 960 | G97: =IF(C97=10,A97,A97+1) -> 245 | H97: 0 | I97: 0 | J97: 0 | K97: 15 | L97: 0 | M97: -1 | N97: 0 | O97: MMOUI_HeavenFx_Lib/15
A98: 245 | B98: 龙威 | C98: 5 | D98: 1 | E98: 30 | F98: =F97*2 -> 1920 | G98: =IF(C98=10,A98,A98+1) -> 246 | H98: 0 | I98: 0 | J98: 0 | K98: 15 | L98: 0 | M98: -1 | N98: 0 | O98: MMOUI_HeavenFx_Lib/15
A99: 246 | B99: 龙威 | C99: 6 | D99: 1 | E99: 30 | F99: =F98*2 -> 3840 | G99: =IF(C99=10,A99,A99+1) -> 247 | H99: 0 | I99: 0 | J99: 0 | K99: 15 | L99: 0 | M99: -1 | N99: 0 | O99: MMOUI_HeavenFx_Lib/15
A100: 247 | B100: 龙威 | C100: 7 | D100: 1 | E100: 30 | F100: =F99*2 -> 7680 | G100: =IF(C100=10,A100,A100+1) -> 248 | H100: 0 | I100: 0 | J100: 0 | K100: 15 | L100: 0 | M100: -1 | N100: 0 | O100: MMOUI_HeavenFx_Lib/15
...

Sheet ICON索引
A1: 技能名称 | B1: ICON
A2: 精通格档 | B2: MMOUI_HeavenFx_Lib/1
A3: 盾牌大师 | B3: MMOUI_HeavenFx_Lib/2
A4: 无懈防御 | B4: MMOUI_HeavenFx_Lib/3
A5: 精通双手 | B5: MMOUI_HeavenFx_Lib/4
A6: 怒火中烧 | B6: MMOUI_HeavenFx_Lib/5
A7: 战斗意志 | B7: MMOUI_HeavenFx_Lib/6
A8: 战场暴君 | B8: MMOUI_HeavenFx_Lib/7
A9: 奋战不息 | B9: MMOUI_HeavenFx_Lib/8
A10: 烈焰斗气 | B10: MMOUI_HeavenFx_Lib/9
A11: 忍死术 | B11: MMOUI_HeavenFx_Lib/10
A12: 残影乱闪 | B12: MMOUI_HeavenFx_Lib/11
... A41: 时间之流 | B41: MMOUI_HeavenFx_Lib/40

Sheet 备注
A1: ID | B1: 名称 | C1: 等级 | D1: 品质 0白色 | E1: Exp 经验 | F1: NextLevelExp 下级经验 | G1: NextLevelID 对应下个ID | H1: NodeTemplateID1 | I1: NodeTemplateID2 | J1: ExchangeCount 万法之气对应量 | K1: 万法之气是否兑换 | L1: 职业分类兑换 -1不限0战士1法师2刺客3弓手 | M1: Icon0 | N1: Icon1
A2: 0 | B2: Null | C2: 0 | D2: 0 | E2: 0 | G2: 0 | J2: 0 | M2: 中心 | N2: 外围
