Workbook

Sheet Sheet1
A1: DropGroupID | B1: Enabled | C1: ModChanceByLevel | D1: RandomDur | E1: DropLimitType | F1: CheckDropLimit | G1: Item | H1: Weight | I1: CountMin | J1: CountMax | K1: desc
A2: Both | B2: Both | C2: Server | D2: Server | E2: Server | F2: Server | G2: Both | H2: Both | I2: Both | J2: Both | K2: Client
A3: 0 | B3: 0 | C3: 1 | D3: 1 | E3: 0 | F3: 1 | G3: 0 | H3: 0 | I3: 0 | J3: 0 | K3: 0
A4: 301 | B4: 1 | C4: 1 | D4: 0 | E4: 0 | F4: 1 | G4: 301 | H4: 1 | I4: 1 | J4: 1 | K4: 金创药(小量)
A5: 302 | B5: 1 | C5: 1 | D5: 0 | E5: 0 | F5: 1 | G5: 302 | H5: 1 | I5: 1 | J5: 1 | K5: 金创药(中量)
A6: 303 | B6: 1 | C6: 1 | D6: 0 | E6: 0 | F6: 1 | G6: 303 | H6: 1 | I6: 1 | J6: 1 | K6: 强效金创药
A7: 304 | B7: 1 | C7: 1 | D7: 0 | E7: 0 | F7: 1 | G7: 304 | H7: 1 | I7: 1 | J7: 1 | K7: 超强金创药（占位）
A8: 305 | B8: 1 | C8: 1 | D8: 0 | E8: 0 | F8: 1 | G8: 305 | H8: 1 | I8: 1 | J8: 1 | K8: 金创药（占位）
A9: 311 | B9: 1 | C9: 1 | D9: 0 | E9: 0 | F9: 1 | G9: 311 | H9: 1 | I9: 1 | J9: 1 | K9: 小金创药(绑定)
A10: 312 | B10: 1 | C10: 1 | D10: 0 | E10: 0 | F10: 1 | G10: 312 | H10: 1 | I10: 1 | J10: 1 | K10: 中金创药(绑定)
A11: 321 | B11: 1 | C11: 1 | D11: 0 | E11: 0 | F11: 1 | G11: 321 | H11: 1 | I11: 1 | J11: 1 | K11: 魔法药(小量)
A12: 322 | B12: 1 | C12: 1 | D12: 0 | E12: 0 | F12: 1 | G12: 322 | H12: 1 | I12: 1 | J12: 1 | K12: 魔法药(中量)
A13: 323 | B13: 1 | C13: 1 | D13: 0 | E13: 0 | F13: 1 | G13: 323 | H13: 1 | I13: 1 | J13: 1 | K13: 强效魔法药
A14: 324 | B14: 1 | C14: 1 | D14: 0 | E14: 0 | F14: 1 | G14: 324 | H14: 1 | I14: 1 | J14: 1 | K14: 超强魔法药(占位）
A15: 331 | B15: 1 | C15: 1 | D15: 0 | E15: 0 | F15: 1 | G15: 331 | H15: 1 | I15: 1 | J15: 1 | K15: 新手药水(绑定)
... A360: 110001 | B360: 1 | C360: 1 | D360: 0 | E360: 0 | F360: 1 | G360: 111004 | H360: 1 | I360: 1 | J360: 1 | K360: 草药
A361: 111001 | B361: 1 | C361: 1 | D361: 0 | E361: 0 | F361: 1 | G361: 111001 | H361: 1 | I361: =ROUND(RIGHT(A361,3)*80%,0) -> 1 | J361: =ROUND(RIGHT(A361,3)*120%,0) -> 1 | K361: 装备碎片1
A362: 111002 | B362: 1 | C362: 1 | D362: 0 | E362: 0 | F362: 1 | G362: 111001 | H362: 1 | I362: =ROUND(RIGHT(A362,3)*80%,0) -> 2 | J362: =ROUND(RIGHT(A362,3)*120%,0) -> 2 | K362: 装备碎片2
A363: 111003 | B363: 1 | C363: 1 | D363: 0 | E363: 0 | F363: 1 | G363: 111001 | H363: 1 | I363: =ROUND(RIGHT(A363,3)*80%,0) -> 2 | J363: =ROUND(RIGHT(A363,3)*120%,0) -> 4 | K363: 装备碎片3
A364: 111004 | B364: 1 | C364: 1 | D364: 0 | E364: 0 | F364: 1 | G364: 111001 | H364: 1 | I364: =ROUND(RIGHT(A364,3)*80%,0) -> 3 | J364: =ROUND(RIGHT(A364,3)*120%,0) -> 5 | K364: 装备碎片4
A365: 111005 | B365: 1 | C365: 1 | D365: 0 | E365: 0 | F365: 1 | G365: 111001 | H365: 1 | I365: =ROUND(RIGHT(A365,3)*80%,0) -> 4 | J365: =ROUND(RIGHT(A365,3)*120%,0) -> 6 | K365: 装备碎片5
A366: 111006 | B366: 1 | C366: 1 | D366: 0 | E366: 0 | F366: 1 | G366: 111001 | H366: 1 | I366: =ROUND(RIGHT(A366,3)*80%,0) -> 5 | J366: =ROUND(RIGHT(A366,3)*120%,0) -> 7 | K366: 装备碎片6
A367: 111007 | B367: 1 | C367: 1 | D367: 0 | E367: 0 | F367: 1 | G367: 111001 | H367: 1 | I367: =ROUND(RIGHT(A367,3)*80%,0) -> 6 | J367: =ROUND(RIGHT(A367,3)*120%,0) -> 8 | K367: 装备碎片7
A368: 111008 | B368: 1 | C368: 1 | D368: 0 | E368: 0 | F368: 1 | G368: 111001 | H368: 1 | I368: =ROUND(RIGHT(A368,3)*80%,0) -> 6 | J368: =ROUND(RIGHT(A368,3)*120%,0) -> 10 | K368: 装备碎片8
A369: 111009 | B369: 1 | C369: 1 | D369: 0 | E369: 0 | F369: 1 | G369: 111001 | H369: 1 | I369: =ROUND(RIGHT(A369,3)*80%,0) -> 7 | J369: =ROUND(RIGHT(A369,3)*120%,0) -> 11 | K369: 装备碎片9
A370: 111010 | B370: 1 | C370: 1 | D370: 0 | E370: 0 | F370: 1 | G370: 111001 | H370: 1 | I370: =ROUND(RIGHT(A370,3)*80%,0) -> 8 | J370: =ROUND(RIGHT(A370,3)*120%,0) -> 12 | K370: 装备碎片10
A371: 111011 | B371: 1 | C371: 1 | D371: 0 | E371: 0 | F371: 1 | G371: 111001 | H371: 1 | I371: =ROUND(RIGHT(A371,3)*80%,0) -> 9 | J371: =ROUND(RIGHT(A371,3)*120%,0) -> 13 | K371: 装备碎片11
A372: 111012 | B372: 1 | C372: 1 | D372: 0 | E372: 0 | F372: 1 | G372: 111001 | H372: 1 | I372: =ROUND(RIGHT(A372,3)*80%,0) -> 10 | J372: =ROUND(RIGHT(A372,3)*120%,0) -> 14 | K372: 装备碎片12
... A1859: 112500 | B1859: 1 | C1859: 1 | D1859: 0 | E1859: 0 | F1859: 1 | G1859: 111003 | H1859: 1 | I1859: =ROUND(RIGHT(A1859,3)*80%,0) -> 400 | J1859: =ROUND(RIGHT(A1859,3)*120%,0) -> 600 | K1859: 技能书碎片500
A1860: 114000 | B1860: 1 | C1860: 1 | D1860: 0 | E1860: 0 | F1860: 1 | G1860: 114003 | H1860: 6818 | I1860: 1 | J1860: 1 | K1860: 挖矿1
A1861: 114000 | B1861: 1 | C1861: 1 | D1861: 0 | E1861: 0 | F1861: 1 | G1861: 114004 | H1861: 6851 | I1861: 1 | J1861: 1 | K1861: 挖矿2
A1862: 114000 | B1862: 1 | C1862: 1 | D1862: 0 | E1862: 0 | F1862: 1 | G1862: 114005 | H1862: 6883 | I1862: 1 | J1862: 1 | K1862: 挖矿3
A1863: 114000 | B1863: 1 | C1863: 1 | D1863: 0 | E1863: 0 | F1863: 1 | G1863: 114006 | H1863: 6916 | I1863: 1 | J1863: 1 | K1863: 挖矿4
A1864: 114000 | B1864: 1 | C1864: 1 | D1864: 0 | E1864: 0 | F1864: 1 | G1864: 114007 | H1864: 6948 | I1864: 1 | J1864: 1 | K1864: 挖矿5
A1865: 114000 | B1865: 1 | C1865: 1 | D1865: 0 | E1865: 0 | F1865: 1 | G1865: 114008 | H1865: 6981 | I1865: 1 | J1865: 1 | K1865: 挖矿6
A1866: 114000 | B1866: 1 | C1866: 1 | D1866: 0 | E1866: 0 | F1866: 1 | G1866: 114009 | H1866: 7013 | I1866: 1 | J1866: 1 | K1866: 挖矿7
A1867: 114000 | B1867: 1 | C1867: 1 | D1867: 0 | E1867: 0 | F1867: 1 | G1867: 114010 | H1867: 7045 | I1867: 1 | J1867: 1 | K1867: 挖矿8
A1868: 114000 | B1868: 1 | C1868: 1 | D1868: 0 | E1868: 0 | F1868: 1 | G1868: 114011 | H1868: 7078 | I1868: 1 | J1868: 1 | K1868: 挖矿9
A1869: 114000 | B1869: 1 | C1869: 1 | D1869: 0 | E1869: 0 | F1869: 1 | G1869: 114012 | H1869: 7110 | I1869: 1 | J1869: 1 | K1869: 挖矿10
A1870: 114000 | B1870: 1 | C1870: 1 | D1870: 0 | E1870: 0 | F1870: 1 | G1870: 114013 | H1870: 7143 | I1870: 1 | J1870: 1 | K1870: 挖矿11
A1871: 114000 | B1871: 1 | C1871: 1 | D1871: 0 | E1871: 0 | F1871: 1 | G1871: 114014 | H1871: 7143 | I1871: 1 | J1871: 1 | K1871: 挖矿12
... A1979: 118000 | B1979: 1 | C1979: 1 | D1979: 0 | E1979: 0 | F1979: 1 | G1979: 118026 | H1979: 32 | I1979: 1 | J1979: 1 | K1979: 挖矿120
A1980: 115003 | B1980: 1 | C1980: 1 | D1980: 0 | E1980: 0 | F1980: 1 | G1980: 114000 | H1980: =INT(VLOOKUP(A1980,洗矿索引!$B$2:$H$97,IF(INT(G1980/10000)=11,7,IF(INT(G1980/10000)=2,6,IF(RIGHT(G1980,1)="0",4,5))),TRUE)/IF(INT(G1980/10000)=11,1,IF(INT(G1980/10000)=2,3,IF(RIGHT(G1980,1)=0,6,6)))*100000) -> 99960 | I1980: 1 | J1980: 1 | K1980: 洗矿1
A1981: 115003 | B1981: 1 | C1981: 1 | D1981: 0 | E1981: 0 | F1981: 1 | G1981: 21001 | H1981: =INT(VLOOKUP(A1981,洗矿索引!$B$2:$H$97,IF(INT(G1981/10000)=11,7,IF(INT(G1981/10000)=2,6,IF(RIGHT(G1981,1)="0",4,5))),TRUE)/IF(INT(G1981/10000)=11,1,IF(INT(G1981/10000)=2,3,IF(RIGHT(G1981,1)=0,6,6)))*100000) -> 13 | I1981: 1 | J1981: 1 | K1981: 洗矿2
A1982: 115003 | B1982: 1 | C1982: 1 | D1982: 0 | E1982: 0 | F1982: 1 | G1982: 21002 | H1982: =INT(VLOOKUP(A1982,洗矿索引!$B$2:$H$97,IF(INT(G1982/10000)=11,7,IF(INT(G1982/10000)=2,6,IF(RIGHT(G1982,1)="0",4,5))),TRUE)/IF(INT(G1982/10000)=11,1,IF(INT(G1982/10000)=2,3,IF(RIGHT(G1982,1)=0,6,6)))*100000) -> 13 | I1982: 1 | J1982: 1 | K1982: 洗矿3
A1983: 115003 | B1983: 1 | C1983: 1 | D1983: 0 | E1983: 0 | F1983: 1 | G1983: 21003 | H1983: =INT(VLOOKUP(A1983,洗矿索引!$B$2:$H$97,IF(INT(G1983/10000)=11,7,IF(INT(G1983/10000)=2,6,IF(RIGHT(G1983,1)="0",4,5))),TRUE)/IF(INT(G1983/10000)=11,1,IF(INT(G1983/10000)=2,3,IF(RIGHT(G1983,1)=0,6,6)))*100000) -> 13 | I1983: 1 | J1983: 1 | K1983: 洗矿4
A1984: 115004 | B1984: 1 | C1984: 1 | D1984: 0 | E1984: 0 | F1984: 1 | G1984: 114000 | H1984: =INT(VLOOKUP(A1984,洗矿索引!$B$2:$H$97,IF(INT(G1984/10000)=11,7,IF(INT(G1984/10000)=2,6,IF(RIGHT(G1984,1)="0",4,5))),TRUE)/IF(INT(G1984/10000)=11,1,IF(INT(G1984/10000)=2,3,IF(RIGHT(G1984,1)=0,6,6)))*100000) -> 99952 | I1984: =IF(G1984=114000,VLOOKUP(A1984,洗矿索引!$B$2:$H$97,3,FALSE),1) -> 1 | J1984: =I1984 -> 1 | K1984: 洗矿5
A1985: 115004 | B1985: 1 | C1985: 1 | D1985: 0 | E1985: 0 | F1985: 1 | G1985: 21001 | H1985: =INT(VLOOKUP(A1985,洗矿索引!$B$2:$H$97,IF(INT(G1985/10000)=11,7,IF(INT(G1985/10000)=2,6,IF(RIGHT(G1985,1)="0",4,5))),TRUE)/IF(INT(G1985/10000)=11,1,IF(INT(G1985/10000)=2,3,IF(RIGHT(G1985,1)=0,6,6)))*100000) -> 16 | I1985: =IF(G1985=114000,VLOOKUP(A1985,洗矿索引!$B$2:$H$97,3,FALSE),1) -> 1 | J1985: =I1985 -> 1 | K1985: 洗矿6
A1986: 115004 | B1986: 1 | C1986: 1 | D1986: 0 | E1986: 0 | F1986: 1 | G1986: 21002 | H1986: =INT(VLOOKUP(A1986,洗矿索引!$B$2:$H$97,IF(INT(G1986/10000)=11,7,IF(INT(G1986/10000)=2,6,IF(RIGHT(G1986,1)="0",4,5))),TRUE)/IF(INT(G1986/10000)=11,1,IF(INT(G1986/10000)=2,3,IF(RIGHT(G1986,1)=0,6,6)))*100000) -> 16 | I1986: =IF(G1986=114000,VLOOKUP(A1986,洗矿索引!$B$2:$H$97,3,FALSE),1) -> 1 | J1986: =I1986 -> 1 | K1986: 洗矿7
A1987: 115004 | B1987: 1 | C1987: 1 | D1987: 0 | E1987: 0 | F1987: 1 | G1987: 21003 | H1987: =INT(VLOOKUP(A1987,洗矿索引!$B$2:$H$97,IF(INT(G1987/10000)=11,7,IF(INT(G1987/10000)=2,6,IF(RIGHT(G1987,1)="0",4,5))),TRUE)/IF(INT(G1987/10000)=11,1,IF(INT(G1987/10000)=2,3,IF(RIGHT(G1987,1)=0,6,6)))*100000) -> 16 | I1987: =IF(G1987=114000,VLOOKUP(A1987,洗矿索引!$B$2:$H$97,3,FALSE),1) -> 1 | J1987: =I1987 -> 1 | K1987: 洗矿8
A1988: 115005 | B1988: 1 | C1988: 1 | D1988: 0 | E1988: 0 | F1988: 1 | G1988: 114000 | H1988: =INT(VLOOKUP(A1988,洗矿索引!$B$2:$H$97,IF(INT(G1988/10000)=11,7,IF(INT(G1988/10000)=2,6,IF(RIGHT(G1988,1)="0",4,5))),TRUE)/IF(INT(G1988/10000)=11,1,IF(INT(G1988/10000)=2,3,IF(RIGHT(G1988,1)=0,6,6)))*100000) -> 99944 | I1988: =IF(G1988=114000,VLOOKUP(A1988,洗矿索引!$B$2:$H$97,3,FALSE),1) -> 1 | J1988: =I1988 -> 1 | K1988: 洗矿9
A1989: 115005 | B1989: 1 | C1989: 1 | D1989: 0 | E1989: 0 | F1989: 1 | G1989: 21001 | H1989: =INT(VLOOKUP(A1989,洗矿索引!$B$2:$H$97,IF(INT(G1989/10000)=11,7,IF(INT(G1989/10000)=2,6,IF(RIGHT(G1989,1)="0",4,5))),TRUE)/IF(INT(G1989/10000)=11,1,IF(INT(G1989/10000)=2,3,IF(RIGHT(G1989,1)=0,6,6)))*100000) -> 18 | I1989: =IF(G1989=114000,VLOOKUP(A1989,洗矿索引!$B$2:$H$97,3,FALSE),1) -> 1 | J1989: =I1989 -> 1 | K1989: 洗矿10
A1990: 115005 | B1990: 1 | C1990: 1 | D1990: 0 | E1990: 0 | F1990: 1 | G1990: 21002 | H1990: =INT(VLOOKUP(A1990,洗矿索引!$B$2:$H$97,IF(INT(G1990/10000)=11,7,IF(INT(G1990/10000)=2,6,IF(RIGHT(G1990,1)="0",4,5))),TRUE)/IF(INT(G1990/10000)=11,1,IF(INT(G1990/10000)=2,3,IF(RIGHT(G1990,1)=0,6,6)))*100000) -> 18 | I1990: =IF(G1990=114000,VLOOKUP(A1990,洗矿索引!$B$2:$H$97,3,FALSE),1) -> 1 | J1990: =I1990 -> 1 | K1990: 洗矿11
A1991: 115005 | B1991: 1 | C1991: 1 | D1991: 0 | E1991: 0 | F1991: 1 | G1991: 21003 | H1991: =INT(VLOOKUP(A1991,洗矿索引!$B$2:$H$97,IF(INT(G1991/10000)=11,7,IF(INT(G1991/10000)=2,6,IF(RIGHT(G1991,1)="0",4,5))),TRUE)/IF(INT(G1991/10000)=11,1,IF(INT(G1991/10000)=2,3,IF(RIGHT(G1991,1)=0,6,6)))*100000) -> 18 | I1991: =IF(G1991=114000,VLOOKUP(A1991,洗矿索引!$B$2:$H$97,3,FALSE),1) -> 1 | J1991: =I1991 -> 1 | K1991: 洗矿12
A1992: 115006 | B1992: 1 | C1992: 1 | D1992: 0 | E1992: 0 | F1992: 1 | G1992: 114000 | H1992: =INT(VLOOKUP(A1992,洗矿索引!$B$2:$H$97,IF(INT(G1992/10000)=11,7,IF(INT(G1992/10000)=2,6,IF(RIGHT(G1992,1)="0",4,5))),TRUE)/IF(INT(G1992/10000)=11,1,IF(INT(G1992/10000)=2,3,IF(RIGHT(G1992,1)=0,6,6)))*100000) -> 99936 | I1992: =IF(G1992=114000,VLOOKUP(A1992,洗矿索引!$B$2:$H$97,3,FALSE),1) -> 1 | J1992: =I1992 -> 1 | K1992: 洗矿13
A1993: 115006 | B1993: 1 | C1993: 1 | D1993: 0 | E1993: 0 | F1993: 1 | G1993: 21001 | H1993: =INT(VLOOKUP(A1993,洗矿索引!$B$2:$H$97,IF(INT(G1993/10000)=11,7,IF(INT(G1993/10000)=2,6,IF(RIGHT(G1993,1)="0",4,5))),TRUE)/IF(INT(G1993/10000)=11,1,IF(INT(G1993/10000)=2,3,IF(RIGHT(G1993,1)=0,6,6)))*100000) -> 21 | I1993: =IF(G1993=114000,VLOOKUP(A1993,洗矿索引!$B$2:$H$97,3,FALSE),1) -> 1 | J1993: =I1993 -> 1 | K1993: 洗矿14
A1994: 115006 | B1994: 1 | C1994: 1 | D1994: 0 | E1994: 0 | F1994: 1 | G1994: 21002 | H1994: =INT(VLOOKUP(A1994,洗矿索引!$B$2:$H$97,IF(INT(G1994/10000)=11,7,IF(INT(G1994/10000)=2,6,IF(RIGHT(G1994,1)="0",4,5))),TRUE)/IF(INT(G1994/10000)=11,1,IF(INT(G1994/10000)=2,3,IF(RIGHT(G1994,1)=0,6,6)))*100000) -> 21 | I1994: =IF(G1994=114000,VLOOKUP(A1994,洗矿索引!$B$2:$H$97,3,FALSE),1) -> 1 | J1994: =I1994 -> 1 | K1994: 洗矿15
A1995: 115006 | B1995: 1 | C1995: 1 | D1995: 0 | E1995: 0 | F1995: 1 | G1995: 21003 | H1995: =INT(VLOOKUP(A1995,洗矿索引!$B$2:$H$97,IF(INT(G1995/10000)=11,7,IF(INT(G1995/10000)=2,6,IF(RIGHT(G1995,1)="0",4,5))),TRUE)/IF(INT(G1995/10000)=11,1,IF(INT(G1995/10000)=2,3,IF(RIGHT(G1995,1)=0,6,6)))*100000) -> 21 | I1995: =IF(G1995=114000,VLOOKUP(A1995,洗矿索引!$B$2:$H$97,3,FALSE),1) -> 1 | J1995: =I1995 -> 1 | K1995: 洗矿16
... A2507: 118026 | B2507: 1 | C2507: 1 | D2507: 0 | E2507: 0 | F2507: 1 | G2507: 10520 | H2507: =INT(VLOOKUP(A2507,洗矿索引!$B$2:$H$97,IF(INT(G2507/10000)=11,7,IF(INT(G2507/10000)=2,6,IF(RIGHT(G2507,1)="0",4,5))),TRUE)/IF(INT(G2507/10000)=11,1,IF(INT(G2507/10000)=2,3,IF(RIGHT(G2507,1)=0,6,6)))*100000) -> 23 | I2507: =IF(G2507=114000,VLOOKUP(A2507,洗矿索引!$B$2:$H$97,3,FALSE),1) -> 1 | J2507: =I2507 -> 1 | K2507: 洗矿528
A2508: 120001 | B2508: 1 | C2508: 1 | D2508: 0 | E2508: 0 | F2508: 1 | G2508: 120001 | H2508: 1 | I2508: 1 | J2508: 1 | K2508: 粮食包
A2509: 120002 | B2509: 1 | C2509: 1 | D2509: 0 | E2509: 0 | F2509: 1 | G2509: 120002 | H2509: 1 | I2509: 1 | J2509: 1 | K2509: 木材包
A2510: 120003 | B2510: 1 | C2510: 1 | D2510: 0 | E2510: 0 | F2510: 1 | G2510: 120003 | H2510: 1 | I2510: 1 | J2510: 1 | K2510: 石料包
A2511: 120004 | B2511: 1 | C2511: 1 | D2511: 0 | E2511: 0 | F2511: 1 | G2511: 120004 | H2511: 1 | I2511: 1 | J2511: 1 | K2511: 铁料包
A2512: 120101 | B2512: 1 | C2512: 1 | D2512: 0 | E2512: 0 | F2512: 1 | G2512: 120101 | H2512: 1 | I2512: 1 | J2512: 1 | K2512: 战时粮食包
A2513: 120102 | B2513: 1 | C2513: 1 | D2513: 0 | E2513: 0 | F2513: 1 | G2513: 120102 | H2513: 1 | I2513: 1 | J2513: 1 | K2513: 战时木材包
A2514: 120103 | B2514: 1 | C2514: 1 | D2514: 0 | E2514: 0 | F2514: 1 | G2514: 120103 | H2514: 1 | I2514: 1 | J2514: 1 | K2514: 战时石料包
A2515: 120104 | B2515: 1 | C2515: 1 | D2515: 0 | E2515: 0 | F2515: 1 | G2515: 120104 | H2515: 1 | I2515: 1 | J2515: 1 | K2515: 战时铁料包
A2516: 130111 | B2516: 1 | C2516: 1 | D2516: 0 | E2516: 0 | F2516: 1 | G2516: 130111 | H2516: 1 | I2516: 1 | J2516: 1 | K2516: 统御朱砂灵石2级卷轴
A2517: 130112 | B2517: 1 | C2517: 1 | D2517: 0 | E2517: 0 | F2517: 1 | G2517: 130112 | H2517: 1 | I2517: 1 | J2517: 1 | K2517: 统御朱砂灵石3级卷轴
A2518: 130113 | B2518: 1 | C2518: 1 | D2518: 0 | E2518: 0 | F2518: 1 | G2518: 130113 | H2518: 1 | I2518: 1 | J2518: 1 | K2518: 统御朱砂灵石4级卷轴
A2519: 130114 | B2519: 1 | C2519: 1 | D2519: 0 | E2519: 0 | F2519: 1 | G2519: 130114 | H2519: 1 | I2519: 1 | J2519: 1 | K2519: 统御朱砂灵石5级卷轴
... A2641: 200033 | B2641: 1 | C2641: 1 | D2641: 0 | E2641: 0 | F2641: 1 | G2641: 200033 | H2641: 1 | I2641: 1 | J2641: 1 | K2641: 霜焰披风·燃烧卷轴
A2642: 200010 | B2642: 1 | C2642: 1 | D2642: 0 | E2642: 0 | F2642: 1 | G2642: 1 | H2642: 1 | I2642: =INT(K2642*85%) -> 8 | J2642: =INT(K2642*115%) -> 11 | K2642: 10
A2643: 200050 | B2643: 1 | C2643: 1 | D2643: 0 | E2643: 0 | F2643: 1 | G2643: 1 | H2643: 1 | I2643: =INT(K2643*85%) -> 42 | J2643: =INT(K2643*115%) -> 57 | K2643: 50
A2644: 200070 | B2644: 1 | C2644: 1 | D2644: 0 | E2644: 0 | F2644: 1 | G2644: 1 | H2644: 1 | I2644: =INT(K2644*85%) -> 59 | J2644: =INT(K2644*115%) -> 80 | K2644: 70
A2645: 200100 | B2645: 1 | C2645: 1 | D2645: 0 | E2645: 0 | F2645: 1 | G2645: 1 | H2645: 1 | I2645: =INT(K2645*85%) -> 85 | J2645: =INT(K2645*115%) -> 115 | K2645: 100
A2646: 200120 | B2646: 1 | C2646: 1 | D2646: 0 | E2646: 0 | F2646: 1 | G2646: 1 | H2646: 1 | I2646: =INT(K2646*85%) -> 102 | J2646: =INT(K2646*115%) -> 138 | K2646: 120
A2647: 200190 | B2647: 1 | C2647: 1 | D2647: 0 | E2647: 0 | F2647: 1 | G2647: 1 | H2647: 1 | I2647: =INT(K2647*85%) -> 161 | J2647: =INT(K2647*115%) -> 218 | K2647: 190
A2648: 200200 | B2648: 1 | C2648: 1 | D2648: 0 | E2648: 0 | F2648: 1 | G2648: 1 | H2648: 1 | I2648: =INT(K2648*85%) -> 170 | J2648: =INT(K2648*115%) -> 230 | K2648: 200
A2649: 200220 | B2649: 1 | C2649: 1 | D2649: 0 | E2649: 0 | F2649: 1 | G2649: 1 | H2649: 1 | I2649: =INT(K2649*85%) -> 187 | J2649: =INT(K2649*115%) -> 253 | K2649: 220
A2650: 200250 | B2650: 1 | C2650: 1 | D2650: 0 | E2650: 0 | F2650: 1 | G2650: 1 | H2650: 1 | I2650: =INT(K2650*85%) -> 212 | J2650: =INT(K2650*115%) -> 287 | K2650: 250
A2651: 200280 | B2651: 1 | C2651: 1 | D2651: 0 | E2651: 0 | F2651: 1 | G2651: 1 | H2651: 1 | I2651: =INT(K2651*85%) -> 238 | J2651: =INT(K2651*115%) -> 322 | K2651: 280
A2652: 200300 | B2652: 1 | C2652: 1 | D2652: 0 | E2652: 0 | F2652: 1 | G2652: 1 | H2652: 1 | I2652: =INT(K2652*85%) -> 255 | J2652: =INT(K2652*115%) -> 345 | K2652: 300
A2653: 200375 | B2653: 1 | C2653: 1 | D2653: 0 | E2653: 0 | F2653: 1 | G2653: 1 | H2653: 1 | I2653: =INT(K2653*85%) -> 318 | J2653: =INT(K2653*115%) -> 431 | K2653: 375
... A2695: 230000 | B2695: 1 | C2695: 1 | D2695: 0 | E2695: 0 | F2695: 1 | G2695: 1 | H2695: 1 | I2695: =INT(K2695*85%) -> 25500 | J2695: =INT(K2695*115%) -> 34500 | K2695: 30000
A2696: 99900001 | B2696: 1 | C2696: 1 | D2696: 1 | E2696: 0 | F2696: 1 | G2696: 99900001 | H2696: 1 | I2696: 1 | J2696: 1 | K2696: 木剑
A2697: 99900002 | B2697: 1 | C2697: 1 | D2697: 1 | E2697: 0 | F2697: 1 | G2697: 99900002 | H2697: 1 | I2697: 1 | J2697: 1 | K2697: 匕首
A2698: 99900003 | B2698: 1 | C2698: 1 | D2698: 1 | E2698: 0 | F2698: 1 | G2698: 99900003 | H2698: 1 | I2698: 1 | J2698: 1 | K2698: 乌木剑
A2699: 99900004 | B2699: 1 | C2699: 1 | D2699: 1 | E2699: 0 | F2699: 1 | G2699: 99900004 | H2699: 1 | I2699: 1 | J2699: 1 | K2699: 青铜剑
A2700: 99900005 | B2700: 1 | C2700: 1 | D2700: 1 | E2700: 0 | F2700: 1 | G2700: 99900005 | H2700: 1 | I2700: 1 | J2700: 1 | K2700: 短剑
A2701: 99900006 | B2701: 1 | C2701: 1 | D2701: 1 | E2701: 0 | F2701: 1 | G2701: 99900006 | H2701: 1 | I2701: 1 | J2701: 1 | K2701: 铁剑
A2702: 99900007 | B2702: 1 | C2702: 1 | D2702: 1 | E2702: 0 | F2702: 1 | G2702: 99900007 | H2702: 1 | I2702: 1 | J2702: 1 | K2702: 鹤嘴锄
A2703: 99900008 | B2703: 1 | C2703: 1 | D2703: 1 | E2703: 0 | F2703: 1 | G2703: 99900008 | H2703: 1 | I2703: 1 | J2703: 1 | K2703: 青铜斧
A2704: 99900009 | B2704: 1 | C2704: 1 | D2704: 1 | E2704: 0 | F2704: 1 | G2704: 99900009 | H2704: 1 | I2704: 1 | J2704: 1 | K2704: 海魂
A2705: 99900010 | B2705: 1 | C2705: 1 | D2705: 1 | E2705: 0 | F2705: 1 | G2705: 99900010 | H2705: 1 | I2705: 1 | J2705: 1 | K2705: 八荒
A2706: 99900011 | B2706: 1 | C2706: 1 | D2706: 1 | E2706: 0 | F2706: 1 | G2706: 99900011 | H2706: 1 | I2706: 1 | J2706: 1 | K2706: 半月
A2707: 99900012 | B2707: 1 | C2707: 1 | D2707: 1 | E2707: 0 | F2707: 1 | G2707: 99900012 | H2707: 1 | I2707: 1 | J2707: 1 | K2707: 凌风
... A3247: 1000300 | B3247: 1 | C3247: 1 | D3247: 1 | E3247: 0 | F3247: 0 | G3247: 99990211 | H3247: 300 | I3247: 1 | J3247: 1 | K3247: 魔法头盔
A3248: 1000300 | B3248: 1 | C3248: 1 | D3248: 1 | E3248: 0 | F3248: 0 | G3248: 1 | H3248: 700 | I3248: =K3248*85% -> 4250 | J3248: =K3248*115% -> 5750 | K3248: 5000
A3249: 1000301 | B3249: 1 | C3249: 1 | D3249: 1 | E3249: 0 | F3249: 0 | G3249: 99900013 | H3249: 700 | I3249: 1 | J3249: 1 | K3249: 偃月
...

Sheet define
A1: 字段 | B1: 描述 | C1: 说明
A2: DropGroupID | B2: id
A3: Enabled | B3: 是否有效 | C3: 设置为1
A4: ModChanceByLevel | B4: 等级衰减标志 | C4: 1会衰减，0不会衰减
A5: Item | B5: 道具id
A6: Weight | B6: 权重
A7: CountMin | B7: 最小数量
A8: CountMax | B8: 最大数量
A9: desc | B9: 描述信息 | C9: 不会导入txt

Sheet doodad和绑金
A1: 5001 | B1: 1 | C1: 0 | D1: 90068 | E1: 1 | F1: 1 | G1: 1 | H1: doodad | I1: 海族的武器
A2: 5002 | B2: 1 | C2: 0 | D2: 90088 | E2: 1 | F2: 1 | G2: 1 | I2: 疗伤草药
A3: 5003 | B3: 1 | C3: 0 | D3: 90090 | E3: 1 | F3: 1 | G3: 1 | I3: 货物
A4: 5004 | B4: 1 | C4: 0 | D4: 90091 | E4: 1 | F4: 1 | G4: 1 | I4: 疗毒草药
A5: 5005 | B5: 1 | C5: 0 | D5: 90096 | E5: 1 | F5: 1 | G5: 1 | I5: 元素精魄
A6: 5006 | B6: 1 | C6: 0 | D6: 90076 | E6: 1 | F6: 1 | G6: 1 | I6: 散落的货物
A7: 5007 | B7: 1 | C7: 0 | D7: 90094 | E7: 1 | F7: 1 | G7: 1 | I7: 黑暗晶体
A8: 5008 | B8: 1 | C8: 0 | D8: 90098 | E8: 1 | F8: 1 | G8: 1 | I8: 前线药剂箱
A9: 5009 | B9: 1 | C9: 0 | D9: 90099 | E9: 1 | F9: 1 | G9: 1 | I9: 腐烂的蚌肉
A10: 5010 | B10: 1 | C10: 0 | D10: 90106 | E10: 1 | F10: 1 | G10: 1 | I10: 香甜的蟹肉
A11: 5011 | B11: 1 | C11: 0 | D11: 90108 | E11: 1 | F11: 1 | G11: 1 | I11: 幻魔晶石
A12: 5012 | B12: 1 | C12: 0 | D12: 90104 | E12: 1 | F12: 1 | G12: 1 | I12: 库奇的地图
A13: 5013 | B13: 1 | C13: 0 | D13: 90109 | E13: 1 | F13: 1 | G13: 1 | I13: 发光的鳞片
... A37: 5037 | B37: 1 | C37: 0 | D37: 90152 | E37: 1 | F37: 1 | G37: 1 | I37: 木材
A38: 5038 | B38: 1 | C38: 0 | D38: 90153 | E38: 1 | F38: 1 | G38: 1
A39: 5039 | B39: 1 | C39: 0 | D39: 90154 | E39: 1 | F39: 1 | G39: 1
A40: 5040 | B40: 1 | C40: 0 | D40: 90155 | E40: 1 | F40: 1 | G40: 1
A41: 5041 | B41: 1 | C41: 0 | D41: 90156 | E41: 1 | F41: 1 | G41: 1
A42: 5042 | B42: 1 | C42: 0 | D42: 90157 | E42: 1 | F42: 1 | G42: 1
A43: 5043 | B43: 1 | C43: 0 | D43: 90158 | E43: 1 | F43: 1 | G43: 1
A44: 5044 | B44: 1 | C44: 0 | D44: 90164 | E44: 1 | F44: 1 | G44: 1 | I44: 奇怪的矿石
A45: 5045 | B45: 1 | C45: 0 | D45: 90174 | E45: 1 | F45: 1 | G45: 1 | I45: 菱铁矿
A46: 5046 | B46: 1 | C46: 0 | D46: 90167 | E46: 1 | F46: 1 | G46: 1 | I46: 瘟疫的蔓延
A47: 5047 | B47: 1 | C47: 0 | D47: 90176 | E47: 1 | F47: 1 | G47: 1 | I47: 玲月
A48: 5048 | B48: 1 | C48: 0 | D48: 90177 | E48: 1 | F48: 1 | G48: 1 | I48: 阿九
A49: 5049 | B49: 1 | C49: 0 | D49: 90178 | E49: 1 | F49: 1 | G49: 1 | I49: 南苍公
A50: 5050 | B50: 1 | C50: 0 | D50: 90179 | E50: 1 | F50: 1 | G50: 1 | I50: 铁牛的护身符（上）
A51: 5051 | B51: 1 | C51: 0 | D51: 90180 | E51: 1 | F51: 1 | G51: 1 | I51: 铁牛的护身符（中）
A52: 5052 | B52: 1 | C52: 0 | D52: 90181 | E52: 1 | F52: 1 | G52: 1 | I52: 铁牛的护身符（下）
A53: 5053 | B53: 1 | C53: 0 | D53: 90182 | E53: 1 | F53: 1 | G53: 1 | I53: 朴克手记
A54: 5054 | B54: 1 | C54: 0 | D54: 90183 | E54: 1 | F54: 1 | G54: 1 | I54: 藏匿的宝贝
A55: 5055 | B55: 1 | C55: 0 | D55: 90184 | E55: 1 | F55: 1 | G55: 1 | I55: 海边的贝壳
... A62: 5062 | B62: 1 | C62: 0 | D62: 90191 | E62: 1 | F62: 1 | G62: 1 | I62: 传奇七星草
A63: 6001 | B63: 1 | C63: 0 | D63: 90065 | E63: 1 | F63: 1 | G63: 1 | H63: quest，monstor | I63: 蟹螯
A64: 6002 | B64: 1 | C64: 0 | D64: 90066 | E64: 1 | F64: 1 | G64: 1 | I64: 地图碎片
A65: 6003 | B65: 1 | C65: 0 | D65: 90082 | E65: 1 | F65: 1 | G65: 1 | I65: 僵尸的腿骨粉末
A66: 6004 | B66: 1 | C66: 0 | D66: 90080 | E66: 1 | F66: 1 | G66: 1 | I66: 土灵核心
A67: 6005 | B67: 1 | C67: 0 | D67: 90081 | E67: 1 | F67: 1 | G67: 1 | I67: 食人蜥蜴的鳞片
A68: 6006 | B68: 1 | C68: 0 | D68: 90079 | E68: 1 | F68: 1 | G68: 1 | I68: 魔犬之血
A69: 6007 | B69: 1 | C69: 0 | D69: 90067 | E69: 1 | F69: 1 | G69: 1 | I69: 海蜥蜴人的鳞片
A70: 6008 | B70: 1 | C70: 0 | D70: 90068 | E70: 1 | F70: 1 | G70: 1 | I70: 海族的武器
A71: 6009 | B71: 1 | C71: 0 | D71: 90069 | E71: 1 | F71: 1 | G71: 1 | I71: 法师袍子
A72: 6010 | B72: 1 | C72: 0 | D72: 90074 | E72: 1 | F72: 1 | G72: 1 | I72: 冷静药剂
A73: 6011 | B73: 1 | C73: 0 | D73: 90074 | E73: 1 | F73: 1 | G73: 1 | I73: 冷静药剂
A74: 6012 | B74: 1 | C74: 0 | D74: 90075 | E74: 1 | F74: 1 | G74: 1 | I74: 催化药剂
A75: 6013 | B75: 1 | C75: 0 | D75: 90075 | E75: 1 | F75: 1 | G75: 1 | I75: 催化药剂
... A114: 6052 | B114: 1 | C114: 0 | D114: 90168 | E114: 1 | F114: 1 | G114: 1 | I114: 迟来的真相
A115: 6053 | B115: 1 | C115: 0 | D115: 90175 | E115: 1 | F115: 1 | G115: 1
A116: 8002 | B116: 1 | C116: 0 | D116: 90169 | E116: 1 | F116: 1 | G116: 1 | H116: 特殊怪物掉落 | I116: 矿工日记
A117: 8003 | B117: 1 | C117: 0 | D117: 90170 | E117: 1 | F117: 1 | G117: 1 | I117: 和尚日记
A118: 8004 | B118: 1 | C118: 0 | D118: 90172 | E118: 1 | F118: 1 | G118: 1 | I118: 副官日记（上）
A119: 8005 | B119: 1 | C119: 0 | D119: 90173 | E119: 1 | F119: 1 | G119: 1 | I119: 副官日记（下）
A120: 9010 | B120: 1 | C120: 0 | D120: 301 | E120: 10 | F120: 5 | G120: 10 | H120: 潘多拉/挖尸体
A121: 9010 | B121: 1 | C121: 0 | D121: 302 | E121: 10 | F121: 4 | G121: 8
A122: 9010 | B122: 1 | C122: 0 | D122: 303 | E122: 10 | F122: 3 | G122: 6
A123: 200010 | B123: 1 | C123: 1 | D123: 1 | E123: 1 | F123: 8 | G123: 12 | H123: 10
A124: 200050 | B124: 1 | C124: 1 | D124: 1 | E124: 1 | F124: 40 | G124: 60 | H124: 50
A125: 200070 | B125: 1 | C125: 1 | D125: 1 | E125: 1 | F125: 56 | G125: 84 | H125: 70
A126: 200100 | B126: 1 | C126: 1 | D126: 1 | E126: 1 | F126: 80 | G126: 120 | H126: 100
A127: 200120 | B127: 1 | C127: 1 | D127: 1 | E127: 1 | F127: 96 | G127: 144 | H127: 120
A128: 200190 | B128: 1 | C128: 1 | D128: 1 | E128: 1 | F128: 152 | G128: 228 | H128: 190
A129: 200200 | B129: 1 | C129: 1 | D129: 1 | E129: 1 | F129: 160 | G129: 240 | H129: 200
A130: 200220 | B130: 1 | C130: 1 | D130: 1 | E130: 1 | F130: 176 | G130: 264 | H130: 220
A131: 200250 | B131: 1 | C131: 1 | D131: 1 | E131: 1 | F131: 200 | G131: 300 | H131: 250
A132: 200280 | B132: 1 | C132: 1 | D132: 1 | E132: 1 | F132: 224 | G132: 336 | H132: 280
A133: 200300 | B133: 1 | C133: 1 | D133: 1 | E133: 1 | F133: 240 | G133: 360 | H133: 300
A134: 200375 | B134: 1 | C134: 1 | D134: 1 | E134: 1 | F134: 300 | G134: 450 | H134: 375
... A142: 215000 | B142: 1 | C142: 1 | D142: 1 | E142: 1 | F142: 12000 | G142: 18000 | H142: 15000

Sheet Sheet2
C6: 115003 | D6: 0 | H6: 115003 | M6: =SUM(H6:K6) -> 115003
I7: 115003 | M7: =SUM(H7:K7) -> 115003
E8: 0 | J8: 115003 | M8: =SUM(H8:K8) -> 115003
K9: 115003 | M9: =SUM(H9:K9) -> 115003
C10: 115004 | D10: 0 | H10: 115004 | M10: =SUM(H10:K10) -> 115004
I11: 115004 | M11: =SUM(H11:K11) -> 115004
E12: 0 | J12: 115004 | M12: =SUM(H12:K12) -> 115004
K13: 115004 | M13: =SUM(H13:K13) -> 115004
C14: 115005 | D14: 0 | H14: 115005 | M14: =SUM(H14:K14) -> 115005
I15: 115005 | M15: =SUM(H15:K15) -> 115005
E16: 0 | J16: 115005 | M16: =SUM(H16:K16) -> 115005
K17: 115005 | M17: =SUM(H17:K17) -> 115005
C18: 115006 | D18: 0 | H18: 115006 | M18: =SUM(H18:K18) -> 115006
I19: 115006 | M19: =SUM(H19:K19) -> 115006
E20: 0 | J20: 115006 | M20: =SUM(H20:K20) -> 115006
K21: 115006 | M21: =SUM(H21:K21) -> 115006
C22: 115007 | D22: 0 | H22: 115007 | M22: =SUM(H22:K22) -> 115007
I23: 115007 | M23: =SUM(H23:K23) -> 115007
E24: 0 | J24: 115007 | M24: =SUM(H24:K24) -> 115007
K25: 115007 | M25: =SUM(H25:K25) -> 115007
C26: 115008 | D26: 0 | H26: 115008 | M26: =SUM(H26:K26) -> 115008
I27: 115008 | M27: =SUM(H27:K27) -> 115008
E28: 0 | J28: 115008 | M28: =SUM(H28:K28) -> 115008
K29: 115008 | M29: =SUM(H29:K29) -> 115008
C30: 115009 | D30: 0 | H30: 115009 | M30: =SUM(H30:K30) -> 115009
I31: 115009 | M31: =SUM(H31:K31) -> 115009
E32: 0 | J32: 115009 | M32: =SUM(H32:K32) -> 115009
K33: 115009 | M33: =SUM(H33:K33) -> 115009
C34: 115010 | D34: 0 | H34: 115010 | M34: =SUM(H34:K34) -> 115010
I35: 115010 | M35: =SUM(H35:K35) -> 115010
E36: 0 | J36: 115010 | M36: =SUM(H36:K36) -> 115010
K37: 115010 | M37: =SUM(H37:K37) -> 115010
C38: 115011 | D38: 0 | H38: 115011 | M38: =SUM(H38:K38) -> 115011
I39: 115011 | M39: =SUM(H39:K39) -> 115011
E40: 0 | J40: 115011 | M40: =SUM(H40:K40) -> 115011
K41: 115011 | M41: =SUM(H41:K41) -> 115011
C42: 115012 | D42: 0 | H42: 115012 | M42: =SUM(H42:K42) -> 115012
I43: 115012 | M43: =SUM(H43:K43) -> 115012
E44: 0 | J44: 115012 | M44: =SUM(H44:K44) -> 115012
K45: 115012 | M45: =SUM(H45:K45) -> 115012
C46: 115013 | D46: 0 | H46: 115013 | M46: =SUM(H46:K46) -> 115013
I47: 115013 | M47: =SUM(H47:K47) -> 115013
E48: 0 | J48: 115013 | M48: =SUM(H48:K48) -> 115013
K49: 115013 | M49: =SUM(H49:K49) -> 115013
C50: 115014 | D50: 0 | H50: 115014 | M50: =SUM(H50:K50) -> 115014
I51: 115014 | M51: =SUM(H51:K51) -> 115014
E52: 0 | J52: 115014 | M52: =SUM(H52:K52) -> 115014
K53: 115014 | M53: =SUM(H53:K53) -> 115014
C54: 115015 | D54: 0 | H54: 115015 | M54: =SUM(H54:K54) -> 115015
I55: 115015 | M55: =SUM(H55:K55) -> 115015
E56: 0 | J56: 115015 | M56: =SUM(H56:K56) -> 115015
K57: 115015 | M57: =SUM(H57:K57) -> 115015
C58: 115016 | D58: 0 | H58: 115016 | M58: =SUM(H58:K58) -> 115016
I59: 115016 | M59: =SUM(H59:K59) -> 115016
E60: 0 | J60: 115016 | M60: =SUM(H60:K60) -> 115016
K61: 115016 | M61: =SUM(H61:K61) -> 115016
C62: 115017 | D62: 0 | H62: 115017 | M62: =SUM(H62:K62) -> 115017
I63: 115017 | M63: =SUM(H63:K63) -> 115017
E64: 0 | J64: 115017 | M64: =SUM(H64:K64) -> 115017
K65: 115017 | M65: =SUM(H65:K65) -> 115017
C66: 115018 | D66: 0 | H66: 115018 | M66: =SUM(H66:K66) -> 115018
I67: 115018 | M67: =SUM(H67:K67) -> 115018
E68: 0 | J68: 115018 | M68: =SUM(H68:K68) -> 115018
K69: 115018 | M69: =SUM(H69:K69) -> 115018
C70: 115019 | D70: 0 | H70: 115019 | M70: =SUM(H70:K70) -> 115019
I71: 115019 | M71: =SUM(H71:K71) -> 115019
E72: 0 | J72: 115019 | M72: =SUM(H72:K72) -> 115019
K73: 115019 | M73: =SUM(H73:K73) -> 115019
C74: 115020 | D74: 0 | H74: 115020 | M74: =SUM(H74:K74) -> 115020
I75: 115020 | M75: =SUM(H75:K75) -> 115020
E76: 0 | J76: 115020 | M76: =SUM(H76:K76) -> 115020
K77: 115020 | M77: =SUM(H77:K77) -> 115020
C78: 115021 | D78: 0 | H78: 115021 | M78: =SUM(H78:K78) -> 115021
I79: 115021 | M79: =SUM(H79:K79) -> 115021
E80: 0 | J80: 115021 | M80: =SUM(H80:K80) -> 115021
K81: 115021 | M81: =SUM(H81:K81) -> 115021
C82: 115022 | D82: 0 | H82: 115022 | M82: =SUM(H82:K82) -> 115022
I83: 115022 | M83: =SUM(H83:K83) -> 115022
E84: 0 | J84: 115022 | M84: =SUM(H84:K84) -> 115022
K85: 115022 | M85: =SUM(H85:K85) -> 115022
C86: 115023 | D86: 0 | H86: 115023 | M86: =SUM(H86:K86) -> 115023
I87: 115023 | M87: =SUM(H87:K87) -> 115023
E88: 0 | J88: 115023 | M88: =SUM(H88:K88) -> 115023
K89: 115023 | M89: =SUM(H89:K89) -> 115023
C90: 115024 | D90: 0 | H90: 115024 | M90: =SUM(H90:K90) -> 115024
I91: 115024 | M91: =SUM(H91:K91) -> 115024
E92: 0 | J92: 115024 | M92: =SUM(H92:K92) -> 115024
K93: 115024 | M93: =SUM(H93:K93) -> 115024
C94: 115025 | D94: 0 | H94: 115025 | M94: =SUM(H94:K94) -> 115025
I95: 115025 | M95: =SUM(H95:K95) -> 115025
E96: 0 | J96: 115025 | M96: =SUM(H96:K96) -> 115025
K97: 115025 | M97: =SUM(H97:K97) -> 115025
C98: 115026 | D98: 0 | H98: 115026 | M98: =SUM(H98:K98) -> 115026
I99: 115026 | M99: =SUM(H99:K99) -> 115026
E100: 0 | J100: 115026 | M100: =SUM(H100:K100) -> 115026
K101: 115026 | M101: =SUM(H101:K101) -> 115026
C102: 116003 | D102: 0 | H102: 116003 | M102: =SUM(H102:K102) -> 116003
I103: 116003 | M103: =SUM(H103:K103) -> 116003
E104: 0 | J104: 116003 | M104: =SUM(H104:K104) -> 116003
K105: 116003 | M105: =SUM(H105:K105) -> 116003
...

Sheet Sheet3
C10: 117003 | D10: 0 | G10: 117003 | U10: =SUM(G10:T10) -> 117003 | V10: =U10+1000 -> 118003
H11: 117003 | U11: =SUM(G11:T11) -> 117003 | V11: =U11+1000 -> 118003
I12: 117003 | U12: =SUM(G12:T12) -> 117003 | V12: =U12+1000 -> 118003
E13: 0 | J13: 117003 | U13: =SUM(G13:T13) -> 117003 | V13: =U13+1000 -> 118003
K14: 117003 | U14: =SUM(G14:T14) -> 117003 | V14: =U14+1000 -> 118003
L15: 117003 | U15: =SUM(G15:T15) -> 117003 | V15: =U15+1000 -> 118003
M16: 117003 | U16: =SUM(G16:T16) -> 117003 | V16: =U16+1000 -> 118003
D17: 0 | N17: 117003 | U17: =SUM(G17:T17) -> 117003 | V17: =U17+1000 -> 118003
D18: 0 | O18: 117003 | U18: =SUM(G18:T18) -> 117003 | V18: =U18+1000 -> 118003
D19: 0 | P19: 117003 | U19: =SUM(G19:T19) -> 117003 | V19: =U19+1000 -> 118003
Q20: 117003 | U20: =SUM(G20:T20) -> 117003 | V20: =U20+1000 -> 118003
E21: 0 | R21: 117003 | U21: =SUM(G21:T21) -> 117003 | V21: =U21+1000 -> 118003
S22: 117003 | U22: =SUM(G22:T22) -> 117003 | V22: =U22+1000 -> 118003
T23: 117003 | U23: =SUM(G23:T23) -> 117003 | V23: =U23+1000 -> 118003
C24: 117004 | D24: 0 | G24: 117004 | U24: =SUM(G24:T24) -> 117004 | V24: =U24+1000 -> 118004
H25: 117004 | U25: =SUM(G25:T25) -> 117004 | V25: =U25+1000 -> 118004
I26: 117004 | U26: =SUM(G26:T26) -> 117004 | V26: =U26+1000 -> 118004
E27: 0 | J27: 117004 | U27: =SUM(G27:T27) -> 117004 | V27: =U27+1000 -> 118004
K28: 117004 | U28: =SUM(G28:T28) -> 117004 | V28: =U28+1000 -> 118004
L29: 117004 | U29: =SUM(G29:T29) -> 117004 | V29: =U29+1000 -> 118004
M30: 117004 | U30: =SUM(G30:T30) -> 117004 | V30: =U30+1000 -> 118004
D31: 0 | N31: 117004 | U31: =SUM(G31:T31) -> 117004 | V31: =U31+1000 -> 118004
D32: 0 | O32: 117004 | U32: =SUM(G32:T32) -> 117004 | V32: =U32+1000 -> 118004
D33: 0 | P33: 117004 | U33: =SUM(G33:T33) -> 117004 | V33: =U33+1000 -> 118004
Q34: 117004 | U34: =SUM(G34:T34) -> 117004 | V34: =U34+1000 -> 118004
E35: 0 | R35: 117004 | U35: =SUM(G35:T35) -> 117004 | V35: =U35+1000 -> 118004
S36: 117004 | U36: =SUM(G36:T36) -> 117004 | V36: =U36+1000 -> 118004
T37: 117004 | U37: =SUM(G37:T37) -> 117004 | V37: =U37+1000 -> 118004
C38: 117005 | D38: 0 | G38: 117005 | U38: =SUM(G38:T38) -> 117005 | V38: =U38+1000 -> 118005
H39: 117005 | U39: =SUM(G39:T39) -> 117005 | V39: =U39+1000 -> 118005
I40: 117005 | U40: =SUM(G40:T40) -> 117005 | V40: =U40+1000 -> 118005
E41: 0 | J41: 117005 | U41: =SUM(G41:T41) -> 117005 | V41: =U41+1000 -> 118005
K42: 117005 | U42: =SUM(G42:T42) -> 117005 | V42: =U42+1000 -> 118005
L43: 117005 | U43: =SUM(G43:T43) -> 117005 | V43: =U43+1000 -> 118005
M44: 117005 | U44: =SUM(G44:T44) -> 117005 | V44: =U44+1000 -> 118005
D45: 0 | N45: 117005 | U45: =SUM(G45:T45) -> 117005 | V45: =U45+1000 -> 118005
D46: 0 | O46: 117005 | U46: =SUM(G46:T46) -> 117005 | V46: =U46+1000 -> 118005
D47: 0 | P47: 117005 | U47: =SUM(G47:T47) -> 117005 | V47: =U47+1000 -> 118005
Q48: 117005 | U48: =SUM(G48:T48) -> 117005 | V48: =U48+1000 -> 118005
E49: 0 | R49: 117005 | U49: =SUM(G49:T49) -> 117005 | V49: =U49+1000 -> 118005
S50: 117005 | U50: =SUM(G50:T50) -> 117005 | V50: =U50+1000 -> 118005
T51: 117005 | U51: =SUM(G51:T51) -> 117005 | V51: =U51+1000 -> 118005
C52: 117006 | D52: 0 | G52: 117006 | U52: =SUM(G52:T52) -> 117006 | V52: =U52+1000 -> 118006
H53: 117006 | U53: =SUM(G53:T53) -> 117006 | V53: =U53+1000 -> 118006
I54: 117006 | U54: =SUM(G54:T54) -> 117006 | V54: =U54+1000 -> 118006
E55: 0 | J55: 117006 | U55: =SUM(G55:T55) -> 117006 | V55: =U55+1000 -> 118006
K56: 117006 | U56: =SUM(G56:T56) -> 117006 | V56: =U56+1000 -> 118006
L57: 117006 | U57: =SUM(G57:T57) -> 117006 | V57: =U57+1000 -> 118006
M58: 117006 | U58: =SUM(G58:T58) -> 117006 | V58: =U58+1000 -> 118006
D59: 0 | N59: 117006 | U59: =SUM(G59:T59) -> 117006 | V59: =U59+1000 -> 118006
D60: 0 | O60: 117006 | U60: =SUM(G60:T60) -> 117006 | V60: =U60+1000 -> 118006
D61: 0 | P61: 117006 | U61: =SUM(G61:T61) -> 117006 | V61: =U61+1000 -> 118006
Q62: 117006 | U62: =SUM(G62:T62) -> 117006 | V62: =U62+1000 -> 118006
E63: 0 | R63: 117006 | U63: =SUM(G63:T63) -> 117006 | V63: =U63+1000 -> 118006
S64: 117006 | U64: =SUM(G64:T64) -> 117006 | V64: =U64+1000 -> 118006
T65: 117006 | U65: =SUM(G65:T65) -> 117006 | V65: =U65+1000 -> 118006
C66: 117007 | D66: 0 | G66: 117007 | U66: =SUM(G66:T66) -> 117007 | V66: =U66+1000 -> 118007
H67: 117007 | U67: =SUM(G67:T67) -> 117007 | V67: =U67+1000 -> 118007
I68: 117007 | U68: =SUM(G68:T68) -> 117007 | V68: =U68+1000 -> 118007
E69: 0 | J69: 117007 | U69: =SUM(G69:T69) -> 117007 | V69: =U69+1000 -> 118007
K70: 117007 | U70: =SUM(G70:T70) -> 117007 | V70: =U70+1000 -> 118007
L71: 117007 | U71: =SUM(G71:T71) -> 117007 | V71: =U71+1000 -> 118007
M72: 117007 | U72: =SUM(G72:T72) -> 117007 | V72: =U72+1000 -> 118007
D73: 0 | N73: 117007 | U73: =SUM(G73:T73) -> 117007 | V73: =U73+1000 -> 118007
D74: 0 | O74: 117007 | U74: =SUM(G74:T74) -> 117007 | V74: =U74+1000 -> 118007
D75: 0 | P75: 117007 | U75: =SUM(G75:T75) -> 117007 | V75: =U75+1000 -> 118007
Q76: 117007 | U76: =SUM(G76:T76) -> 117007 | V76: =U76+1000 -> 118007
E77: 0 | R77: 117007 | U77: =SUM(G77:T77) -> 117007 | V77: =U77+1000 -> 118007
S78: 117007 | U78: =SUM(G78:T78) -> 117007 | V78: =U78+1000 -> 118007
T79: 117007 | U79: =SUM(G79:T79) -> 117007 | V79: =U79+1000 -> 118007
C80: 117008 | D80: 0 | G80: 117008 | U80: =SUM(G80:T80) -> 117008 | V80: =U80+1000 -> 118008
H81: 117008 | U81: =SUM(G81:T81) -> 117008 | V81: =U81+1000 -> 118008
I82: 117008 | U82: =SUM(G82:T82) -> 117008 | V82: =U82+1000 -> 118008
E83: 0 | J83: 117008 | U83: =SUM(G83:T83) -> 117008 | V83: =U83+1000 -> 118008
K84: 117008 | U84: =SUM(G84:T84) -> 117008 | V84: =U84+1000 -> 118008
L85: 117008 | U85: =SUM(G85:T85) -> 117008 | V85: =U85+1000 -> 118008
M86: 117008 | U86: =SUM(G86:T86) -> 117008 | V86: =U86+1000 -> 118008
D87: 0 | N87: 117008 | U87: =SUM(G87:T87) -> 117008 | V87: =U87+1000 -> 118008
D88: 0 | O88: 117008 | U88: =SUM(G88:T88) -> 117008 | V88: =U88+1000 -> 118008
D89: 0 | P89: 117008 | U89: =SUM(G89:T89) -> 117008 | V89: =U89+1000 -> 118008
Q90: 117008 | U90: =SUM(G90:T90) -> 117008 | V90: =U90+1000 -> 118008
E91: 0 | R91: 117008 | U91: =SUM(G91:T91) -> 117008 | V91: =U91+1000 -> 118008
S92: 117008 | U92: =SUM(G92:T92) -> 117008 | V92: =U92+1000 -> 118008
T93: 117008 | U93: =SUM(G93:T93) -> 117008 | V93: =U93+1000 -> 118008
C94: 117009 | D94: 0 | G94: 117009 | U94: =SUM(G94:T94) -> 117009 | V94: =U94+1000 -> 118009
H95: 117009 | U95: =SUM(G95:T95) -> 117009 | V95: =U95+1000 -> 118009
I96: 117009 | U96: =SUM(G96:T96) -> 117009 | V96: =U96+1000 -> 118009
E97: 0 | J97: 117009 | U97: =SUM(G97:T97) -> 117009 | V97: =U97+1000 -> 118009
K98: 117009 | U98: =SUM(G98:T98) -> 117009 | V98: =U98+1000 -> 118009
L99: 117009 | U99: =SUM(G99:T99) -> 117009 | V99: =U99+1000 -> 118009
M100: 117009 | U100: =SUM(G100:T100) -> 117009 | V100: =U100+1000 -> 118009
D101: 0 | N101: 117009 | U101: =SUM(G101:T101) -> 117009 | V101: =U101+1000 -> 118009
D102: 0 | O102: 117009 | U102: =SUM(G102:T102) -> 117009 | V102: =U102+1000 -> 118009
D103: 0 | P103: 117009 | U103: =SUM(G103:T103) -> 117009 | V103: =U103+1000 -> 118009
Q104: 117009 | U104: =SUM(G104:T104) -> 117009 | V104: =U104+1000 -> 118009
E105: 0 | R105: 117009 | U105: =SUM(G105:T105) -> 117009 | V105: =U105+1000 -> 118009
S106: 117009 | U106: =SUM(G106:T106) -> 117009 | V106: =U106+1000 -> 118009
T107: 117009 | U107: =SUM(G107:T107) -> 117009 | V107: =U107+1000 -> 118009
C108: 117010 | D108: 0 | G108: 117010 | U108: =SUM(G108:T108) -> 117010 | V108: =U108+1000 -> 118010
H109: 117010 | U109: =SUM(G109:T109) -> 117010 | V109: =U109+1000 -> 118010
...

Sheet 洗矿索引
A1: 矿石种类 | B1: 道具ID | C1: 矿产率 | D1: 矿渣数量 | E1: 1级灵石概率 | F1: 2级灵石概率 | G1: 铭文石概率 | H1: 矿渣概率
A2: 铜3 | B2: 115003 | C2: 0.036363636 | D2: 1 | E2: 0 | F2: 0 | G2: 0.0004 | H2: 0.9996
A3: 铜4 | B3: 115004 | C3: 0.036536797 | D3: 1 | E3: 0 | F3: 0 | G3: 0.00048 | H3: 0.99952
A4: 铜5 | B4: 115005 | C4: 0.036709957 | D4: 1 | E4: 0 | F4: 0 | G4: 0.00056 | H4: 0.99944
A5: 铜6 | B5: 115006 | C5: 0.036883117 | D5: 1 | E5: 0 | F5: 0 | G5: 0.00064 | H5: 0.99936
A6: 铜7 | B6: 115007 | C6: 0.037056277 | D6: 1 | E6: 0 | F6: 0 | G6: 0.00072 | H6: 0.99928
A7: 铜8 | B7: 115008 | C7: 0.037229437 | D7: 1 | E7: 0 | F7: 0 | G7: 0.0008 | H7: 0.9992
A8: 铜9 | B8: 115009 | C8: 0.037402597 | D8: 1 | E8: 0 | F8: 0 | G8: 0.00088 | H8: 0.99912
A9: 铜10 | B9: 115010 | C9: 0.037575758 | D9: 1 | E9: 0 | F9: 0 | G9: 0.00096 | H9: 0.99904
A10: 铜11 | B10: 115011 | C10: 0.037748918 | D10: 1 | E10: 0 | F10: 0 | G10: 0.00104 | H10: 0.99896
A11: 铜12 | B11: 115012 | C11: 0.037922078 | D11: 1 | E11: 0 | F11: 0 | G11: 0.00112 | H11: 0.99888
A12: 铜13 | B12: 115013 | C12: 0.038095238 | D12: 1 | E12: 0 | F12: 0 | G12: 0.0012 | H12: 0.9988
A13: 铜14 | B13: 115014 | C13: 0.038095238 | D13: 1 | E13: 0 | F13: 0 | G13: 0.00128 | H13: 0.99872
... A97: 金26 | B97: 118026 | C97: 5.4112554e-06 | D97: 6 | E97: 0.0014 | F97: 0 | G97: 0.0672 | H97: 0.9314
