Workbook

Sheet Sheet2
A1: npcname | B1: npcmap | C1: NpcTemplateID | D1: DropChance1 | E1: DropGroupID1 | F1: GroupName1 | G1: GroupPrice1 | H1: DropChance2 | I1: DropGroupID2 | J1: GroupName2 | K1: GroupPrice2 | L1: DropChance3 | M1: DropGroupID3 | N1: GroupName3 | O1: GroupPrice3 | P1: DropChance4 | Q1: DropGroupID4 | R1: GroupName4 | S1: GroupPrice4 | T1: DropChance5 | U1: DropGroupID5 | V1: GroupName5 | W1: GroupPrice5 | X1: DropChance6 | Y1: DropGroupID6 | Z1: GroupName6 | AA1: GroupPrice6 | AB1: DropChance7 | AC1: DropGroupID7 | AD1: GroupName7 | AE1: GroupPrice7 | AF1: DropChance8 | AG1: DropGroupID8 | AH1: GroupName8 | AI1: GroupPrice8 | AJ1: DropChance9 | AK1: DropGroupID9 | AL1: GroupName9 | AM1: GroupPrice9 | AN1: DropChance10 | AO1: DropGroupID10 | AP1: GroupName10 | AQ1: GroupPrice10 | AR1: DropChance11 | AS1: DropGroupID11 | AT1: GroupName11 | AU1: GroupPrice11 | AV1: DropChance12 | AW1: DropGroupID12 | AX1: GroupName12 | AY1: GroupPrice12 | AZ1: DropChance13 | BA1: DropGroupID13 | BB1: GroupName13 | BC1: GroupPrice13 | BD1: DropChance14 | BE1: DropGroupID14 | BF1: GroupName14 | BG1: GroupPrice14 | BH1: DropChance15 | BI1: DropGroupID15 | BJ1: GroupName15 | BK1: GroupPrice15 | BL1: DropChance16 | BM1: DropGroupID16 | BN1: GroupName16 | BO1: GroupPrice16 | BP1: DropChance17 | BQ1: DropGroupID17 | BR1: GroupName17 | BS1: GroupPrice17 | BT1: DropChance18 | BU1: DropGroupID18 | BV1: GroupName18 | BW1: GroupPrice18 | BX1: DropChance19 | BY1: DropGroupID19 | BZ1: GroupName19 | CA1: GroupPrice19 | CB1: DropChance20 | CC1: DropGroupID20 | CD1: GroupName20 | CE1: GroupPrice20 | CF1: DropChance21 | CG1: DropGroupID21 | CH1: GroupName21 | CI1: GroupPrice21 | CJ1: DropChance22 | CK1: DropGroupID22 | CL1: GroupName22 | CM1: GroupPrice22 | CN1: DropChance23 | CO1: DropGroupID23 | CP1: GroupName23 | CQ1: GroupPrice23 | CR1: DropChance24 | CS1: DropGroupID24 | CT1: GroupName24 | CU1: GroupPrice24 | CV1: DropChance25 | CW1: DropGroupID25 | CX1: GroupName25 | CY1: GroupPrice25 | CZ1: DropChance26 | DA1: DropGroupID26 | DB1: GroupName26 | DC1: GroupPrice26 | DD1: DropChance27 | DE1: DropGroupID27 | DF1: GroupName27 | DG1: GroupPrice27 | DH1: DropChance28 | DI1: DropGroupID28 | DJ1: GroupName28 | DK1: GroupPrice28 | DL1: DropChance29 | DM1: DropGroupID29 | DN1: GroupName29 | DO1: GroupPrice29 | DP1: DropChance30 | DQ1: DropGroupID30 | DR1: GroupName30 | DS1: GroupPrice30 | DT1: DropChance31 | DU1: DropGroupID31 | DV1: GroupName31 | DW1: GroupPrice31 | DX1: DropChance32 | DY1: DropGroupID32 | DZ1: GroupName32 | EA1: GroupPrice32 | EB1: DropChance33 | EC1: DropGroupID33 | ED1: GroupName33 | EE1: GroupPrice33 | EF1: DropChance34 | EG1: DropGroupID34 | EH1: GroupName34 | EI1: GroupPrice34 | EJ1: DropChance35 | EK1: DropGroupID35 | EL1: GroupName35 | EM1: GroupPrice35 | EN1: DropChance36 | EO1: DropGroupID36 | EP1: GroupName36 | EQ1: GroupPrice36 | ER1: DropChance37 | ES1: DropGroupID37 | ET1: GroupName37 | EU1: GroupPrice37 | EV1: DropChance38 | EW1: DropGroupID38 | EX1: GroupName38 | EY1: GroupPrice38 | EZ1: DropChance39 | FA1: DropGroupID39 | FB1: GroupName39 | FC1: GroupPrice39 | FD1: DropChance40 | FE1: DropGroupID40 | FF1: GroupName40 | FG1: GroupPrice40 | FH1: DropChance41 | FI1: DropGroupID41 | FJ1: GroupName41 | FK1: GroupPrice41 | FL1: DropChance42 | FM1: DropGroupID42 | FN1: GroupName42 | FO1: GroupPrice42 | FP1: DropChance43 | FQ1: DropGroupID43 | FR1: GroupName43 | FS1: GroupPrice43 | FT1: DropChance44 | FU1: DropGroupID44 | FV1: GroupName44 | FW1: GroupPrice44 | FX1: DropChance45 | FY1: DropGroupID45 | FZ1: GroupName45 | GA1: GroupPrice45 | GB1: DropChance46 | GC1: DropGroupID46 | GD1: GroupName46 | GE1: GroupPrice46 | GF1: DropChance47 | GG1: DropGroupID47 | GH1: GroupName47 | GI1: GroupPrice47 | GJ1: DropChance48 | GK1: DropGroupID48 | GL1: GroupName48 | GM1: GroupPrice48 | GN1: DropChance49 | GO1: DropGroupID49 | GP1: GroupName49 | GQ1: GroupPrice49 | GR1: DropChance50 | GS1: DropGroupID50 | GT1: GroupName50 | GU1: GroupPrice50 | GV1: DropChance51 | GW1: DropGroupID51 | GX1: GroupName51 | GY1: GroupPrice51 | GZ1: DropChance52 | HA1: DropGroupID52 | HB1: GroupName52 | HC1: GroupPrice52 | HD1: DropChance53 | HE1: DropGroupID53 | HF1: GroupName53 | HG1: GroupPrice53 | HH1: DropChance54 | HI1: DropGroupID54 | HJ1: GroupName54 | HK1: GroupPrice54 | HL1: DropChance55 | HM1: DropGroupID55 | HN1: GroupName55 | HO1: GroupPrice55 | HP1: DropChance56 | HQ1: DropGroupID56 | HR1: GroupName56 | HS1: GroupPrice56 | HT1: DropChance57 | HU1: DropGroupID57 | HV1: GroupName57 | HW1: GroupPrice57 | HX1: DropChance58 | HY1: DropGroupID58 | HZ1: GroupName58 | IA1: GroupPrice58 | IB1: DropChance59 | IC1: DropGroupID59 | ID1: GroupName59 | IE1: GroupPrice59 | IF1: DropChance60 | IG1: DropGroupID60 | IH1: GroupName60 | II1: GroupPrice60 | IJ1: DropChance61 | IK1: DropGroupID61 | IL1: GroupName61 | IM1: GroupPrice61 | IN1: DropChance62 | IO1: DropGroupID62 | IP1: GroupName62 | IQ1: GroupPrice62 | IR1: DropChance63 | IS1: DropGroupID63 | IT1: GroupName63 | IU1: GroupPrice63 | IV1: DropChance64 | IW1: DropGroupID64 | IX1: GroupName64 | IY1: GroupPrice64 | IZ1: DropChance65 | JA1: DropGroupID65 | JB1: GroupName65 | JC1: GroupPrice65 | JD1: DropChance66 | JE1: DropGroupID66 | JF1: GroupName66 | JG1: GroupPrice66 | JH1: DropChance67 | JI1: DropGroupID67 | JJ1: GroupName67 | JK1: GroupPrice67 | JL1: DropChance68 | JM1: DropGroupID68 | JN1: GroupName68 | JO1: GroupPrice68 | JP1: DropChance69 | JQ1: DropGroupID69 | JR1: GroupName69 | JS1: GroupPrice69 | JT1: DropChance70 | JU1: DropGroupID70 | JV1: GroupName70 | JW1: GroupPrice70 | JX1: DropChance71 | JY1: DropGroupID71 | JZ1: GroupName71 | KA1: GroupPrice71 | KB1: DropChance72 | KC1: DropGroupID72 | KD1: GroupName72 | KE1: GroupPrice72 | KF1: DropChance73 | KG1: DropGroupID73 | KH1: GroupName73 | KI1: GroupPrice73 | KJ1: DropChance74 | KK1: DropGroupID74 | KL1: GroupName74 | KM1: GroupPrice74 | KN1: DropChance75 | KO1: DropGroupID75 | KP1: GroupName75 | KQ1: GroupPrice75 | KR1: DropChance76 | KS1: DropGroupID76 | KT1: GroupName76 | KU1: GroupPrice76 | KV1: DropChance77 | KW1: DropGroupID77 | KX1: GroupName77 | KY1: GroupPrice77 | KZ1: DropChance78 | LA1: DropGroupID78 | LB1: GroupName78 | LC1: GroupPrice78 | LD1: DropChance79 | LE1: DropGroupID79 | LF1: GroupName79 | LG1: GroupPrice79 | LH1: DropChance80 | LI1: DropGroupID80 | LJ1: GroupName80 | LK1: GroupPrice80 | LL1: DropChance81 | LM1: DropGroupID81 | LN1: GroupName81 | LO1: GroupPrice81 | LP1: DropChance82 | LQ1: DropGroupID82 | LR1: GroupName82 | LS1: GroupPrice82 | LT1: DropChance83 | LU1: DropGroupID83 | LV1: GroupName83 | LW1: GroupPrice83 | LX1: DropChance84 | LY1: DropGroupID84 | LZ1: GroupName84 | MA1: GroupPrice84 | MB1: DropChance85 | MC1: DropGroupID85 | MD1: GroupName85 | ME1: GroupPrice85 | MF1: DropChance86 | MG1: DropGroupID86 | MH1: GroupName86 | MI1: GroupPrice86 | MJ1: DropChance87 | MK1: DropGroupID87 | ML1: GroupName87 | MM1: GroupPrice87 | MN1: DropChance88 | MO1: DropGroupID88 | MP1: GroupName88 | MQ1: GroupPrice88 | MR1: DropChance89 | MS1: DropGroupID89 | MT1: GroupName89 | MU1: GroupPrice89 | MV1: DropChance90 | MW1: DropGroupID90 | MX1: GroupName90 | MY1: GroupPrice90 | MZ1: DropChance91 | NA1: DropGroupID91 | NB1: GroupName91 | NC1: GroupPrice91 | ND1: DropChance92 | NE1: DropGroupID92 | NF1: GroupName92 | NG1: GroupPrice92 | NH1: DropChance93 | NI1: DropGroupID93 | NJ1: GroupName93 | NK1: GroupPrice93 | NL1: DropChance94 | NM1: DropGroupID94 | NN1: GroupName94 | NO1: GroupPrice94 | NP1: DropChance95 | NQ1: DropGroupID95 | NR1: GroupName95 | NS1: GroupPrice95 | NT1: DropChance96 | NU1: DropGroupID96 | NV1: GroupName96 | NW1: GroupPrice96 | NX1: DropChance97 | NY1: DropGroupID97 | NZ1: GroupName97 | OA1: GroupPrice97 | OB1: DropChance98 | OC1: DropGroupID98 | OD1: GroupName98 | OE1: GroupPrice98 | OF1: DropChance99 | OG1: DropGroupID99 | OH1: GroupName99 | OI1: GroupPrice99 | OJ1: DropChance100 | OK1: DropGroupID100 | OL1: GroupName100 | OM1: GroupPrice100 | ON1: DropChance101 | OO1: DropGroupID101 | OP1: GroupName101 | OQ1: GroupPrice101 | OR1: DropChance102 | OS1: DropGroupID102 | OT1: GroupName102 | OU1: GroupPrice102 | OV1: DropChance103 | OW1: DropGroupID103 | OX1: GroupName103 | OY1: GroupPrice103 | OZ1: DropChance104 | PA1: DropGroupID104 | PB1: GroupName104 | PC1: GroupPrice104 | PD1: DropChance105 | PE1: DropGroupID105 | PF1: GroupName105 | PG1: GroupPrice105 | PH1: DropChance106 | PI1: DropGroupID106 | PJ1: GroupName106 | PK1: GroupPrice106 | PL1: DropChance107 | PM1: DropGroupID107 | PN1: GroupName107 | PO1: GroupPrice107 | PP1: DropChance108 | PQ1: DropGroupID108 | PR1: GroupName108 | PS1: GroupPrice108 | PT1: DropChance109 | PU1: DropGroupID109 | PV1: GroupName109 | PW1: GroupPrice109 | PX1: DropChance110 | PY1: DropGroupID110 | PZ1: GroupName110 | QA1: GroupPrice110 | QB1: DropChance111 | QC1: DropGroupID111 | QD1: GroupName111 | QE1: GroupPrice111 | QF1: DropChance112 | QG1: DropGroupID112 | QH1: GroupName112 | QI1: GroupPrice112 | QJ1: DropChance113 | QK1: DropGroupID113 | QL1: GroupName113 | QM1: GroupPrice113 | QN1: DropChance114 | QO1: DropGroupID114 | QP1: GroupName114 | QQ1: GroupPrice114 | QR1: DropChance115 | QS1: DropGroupID115 | QT1: GroupName115 | QU1: GroupPrice115 | QV1: DropChance116 | QW1: DropGroupID116 | QX1: GroupName116 | QY1: GroupPrice116 | QZ1: DropChance117 | RA1: DropGroupID117 | RB1: GroupName117 | RC1: GroupPrice117 | RD1: DropChance118 | RE1: DropGroupID118 | RF1: GroupName118 | RG1: GroupPrice118 | RH1: DropChance119 | RI1: DropGroupID119 | RJ1: GroupName119 | RK1: GroupPrice119 | RL1: DropChance120 | RM1: DropGroupID120 | RN1: GroupName120 | RO1: GroupPrice120 | RP1: DropChance121 | RQ1: DropGroupID121 | RR1: GroupName121 | RS1: GroupPrice121 | RT1: DropChance122 | RU1: DropGroupID122 | RV1: GroupName122 | RW1: GroupPrice122 | RX1: DropChance123 | RY1: DropGroupID123 | RZ1: GroupName123 | SA1: GroupPrice123 | SB1: DropChance124 | SC1: DropGroupID124 | SD1: GroupName124 | SE1: GroupPrice124 | SF1: DropChance125 | SG1: DropGroupID125 | SH1: GroupName125 | SI1: GroupPrice125 | SJ1: DropChance126 | SK1: DropGroupID126 | SL1: GroupName126 | SM1: GroupPrice126 | SN1: DropChance127 | SO1: DropGroupID127 | SP1: GroupName127 | SQ1: GroupPrice127 | SR1: DropChance128 | SS1: DropGroupID128 | ST1: GroupName128 | SU1: GroupPrice128 | SV1: ExpectedMoney
A2: client | B2: client | C2: N/A | D2: N/A | E2: N/A | F2: N/A | G2: N/A | H2: N/A | I2: N/A | J2: N/A | K2: N/A | L2: N/A | M2: N/A | N2: N/A | O2: N/A | P2: N/A | Q2: N/A | R2: N/A | S2: N/A | T2: N/A | U2: N/A | V2: N/A | W2: N/A | X2: N/A | Y2: N/A | Z2: N/A | AA2: N/A | AB2: N/A | AC2: N/A | AD2: N/A | AE2: N/A | AF2: N/A | AG2: N/A | AH2: N/A | AI2: N/A | AJ2: N/A | AK2: N/A | AL2: N/A | AM2: N/A | AN2: N/A | AO2: N/A | AP2: N/A | AQ2: N/A | AR2: N/A | AS2: N/A | AT2: N/A | AU2: N/A | AV2: N/A | AW2: N/A | AX2: N/A | AY2: N/A | AZ2: N/A | BA2: N/A | BB2: N/A | BC2: N/A | BD2: N/A | BE2: N/A | BF2: N/A | BG2: N/A | BH2: N/A | BI2: N/A | BJ2: N/A | BK2: N/A | BL2: N/A | BM2: N/A | BN2: N/A | BO2: N/A | BP2: N/A | BQ2: N/A | BR2: N/A | BS2: N/A | BT2: N/A | BU2: N/A | BV2: N/A | BW2: N/A | BX2: N/A | BY2: N/A | BZ2: N/A | CA2: N/A | CB2: N/A | CC2: N/A | CD2: N/A | CE2: N/A | CF2: N/A | CG2: N/A | CH2: N/A | CI2: N/A | CJ2: N/A | CK2: N/A | CL2: N/A | CM2: N/A | CN2: N/A | CO2: N/A | CP2: N/A | CQ2: N/A | CR2: N/A | CS2: N/A | CT2: N/A | CU2: N/A | CV2: N/A | CW2: N/A | CX2: N/A | CY2: N/A | CZ2: N/A | DA2: N/A | DB2: N/A | DC2: N/A | DD2: N/A | DE2: N/A | DF2: N/A | DG2: N/A | DH2: N/A | DI2: N/A | DJ2: N/A | DK2: N/A | DL2: N/A | DM2: N/A | DN2: N/A | DO2: N/A | DP2: N/A | DQ2: N/A | DR2: N/A | DS2: N/A | DT2: N/A | DU2: N/A | DV2: N/A | DW2: N/A | DX2: N/A | DY2: N/A | DZ2: N/A | EA2: N/A | EB2: N/A | EC2: N/A | ED2: N/A | EE2: N/A | EF2: N/A | EG2: N/A | EH2: N/A | EI2: N/A | EJ2: N/A | EK2: N/A | EL2: N/A | EM2: N/A | EN2: N/A | EO2: N/A | EP2: N/A | EQ2: N/A | ER2: N/A | ES2: N/A | ET2: N/A | EU2: N/A | EV2: N/A | EW2: N/A | EX2: N/A | EY2: N/A | EZ2: N/A | FA2: N/A | FB2: N/A | FC2: N/A | FD2: N/A | FE2: N/A | FF2: N/A | FG2: N/A | FH2: N/A | FI2: N/A | FJ2: N/A | FK2: N/A | FL2: N/A | FM2: N/A | FN2: N/A | FO2: N/A | FP2: N/A | FQ2: N/A | FR2: N/A | FS2: N/A | FT2: N/A | FU2: N/A | FV2: N/A | FW2: N/A | FX2: N/A | FY2: N/A | FZ2: N/A | GA2: N/A | GB2: N/A | GC2: N/A | GD2: N/A | GE2: N/A | GF2: N/A | GG2: N/A | GH2: N/A | GI2: N/A | GJ2: N/A | GK2: N/A | GL2: N/A | GM2: N/A | GN2: N/A | GO2: N/A | GP2: N/A | GQ2: N/A | GR2: N/A | GS2: N/A | GT2: N/A | GU2: N/A | GV2: N/A | GW2: N/A | GX2: N/A | GY2: N/A | GZ2: N/A | HA2: N/A | HB2: N/A | HC2: N/A | HD2: N/A | HE2: N/A | HF2: N/A | HG2: N/A | HH2: N/A | HI2: N/A | HJ2: N/A | HK2: N/A | HL2: N/A | HM2: N/A | HN2: N/A | HO2: N/A | HP2: N/A | HQ2: N/A | HR2: N/A | HS2: N/A | HT2: N/A | HU2: N/A | HV2: N/A | HW2: N/A | HX2: N/A | HY2: N/A | HZ2: N/A | IA2: N/A | IB2: N/A | IC2: N/A | ID2: N/A | IE2: N/A | IF2: N/A | IG2: N/A | IH2: N/A | II2: N/A | IJ2: N/A | IK2: N/A | IL2: N/A | IM2: N/A | IN2: N/A | IO2: N/A | IP2: N/A | IQ2: N/A | IR2: N/A | IS2: N/A | IT2: N/A | IU2: N/A | IV2: N/A | IW2: N/A | IX2: N/A | IY2: N/A | IZ2: N/A | JA2: N/A | JB2: N/A | JC2: N/A | JD2: N/A | JE2: N/A | JF2: N/A | JG2: N/A | JH2: N/A | JI2: N/A | JJ2: N/A | JK2: N/A | JL2: N/A | JM2: N/A | JN2: N/A | JO2: N/A | JP2: N/A | JQ2: N/A | JR2: N/A | JS2: N/A | JT2: N/A | JU2: N/A | JV2: N/A | JW2: N/A | JX2: N/A | JY2: N/A | JZ2: N/A | KA2: N/A | KB2: N/A | KC2: N/A | KD2: N/A | KE2: N/A | KF2: N/A | KG2: N/A | KH2: N/A | KI2: N/A | KJ2: N/A | KK2: N/A | KL2: N/A | KM2: N/A | KN2: N/A | KO2: N/A | KP2: N/A | KQ2: N/A | KR2: N/A | KS2: N/A | KT2: N/A | KU2: N/A | KV2: N/A | KW2: N/A | KX2: N/A | KY2: N/A | KZ2: N/A | LA2: N/A | LB2: N/A | LC2: N/A | LD2: N/A | LE2: N/A | LF2: N/A | LG2: N/A | LH2: N/A | LI2: N/A | LJ2: N/A | LK2: N/A | LL2: N/A | LM2: N/A | LN2: N/A | LO2: N/A | LP2: N/A | LQ2: N/A | LR2: N/A | LS2: N/A | LT2: N/A | LU2: N/A | LV2: N/A | LW2: N/A | LX2: N/A | LY2: N/A | LZ2: N/A | MA2: N/A | MB2: N/A | MC2: N/A | MD2: N/A | ME2: N/A | MF2: N/A | MG2: N/A | MH2: N/A | MI2: N/A | MJ2: N/A | MK2: N/A | ML2: N/A | MM2: N/A | MN2: N/A | MO2: N/A | MP2: N/A | MQ2: N/A | MR2: N/A | MS2: N/A | MT2: N/A | MU2: N/A | MV2: N/A | MW2: N/A | MX2: N/A | MY2: N/A | MZ2: N/A | NA2: N/A | NB2: N/A | NC2: N/A | ND2: N/A | NE2: N/A | NF2: N/A | NG2: N/A | NH2: N/A | NI2: N/A | NJ2: N/A | NK2: N/A | NL2: N/A | NM2: N/A | NN2: N/A | NO2: N/A | NP2: N/A | NQ2: N/A | NR2: N/A | NS2: N/A | NT2: N/A | NU2: N/A | NV2: N/A | NW2: N/A | NX2: N/A | NY2: N/A | NZ2: N/A | OA2: N/A | OB2: N/A | OC2: N/A | OD2: N/A | OE2: N/A | OF2: N/A | OG2: N/A | OH2: N/A | OI2: N/A | OJ2: N/A | OK2: N/A | OL2: N/A | OM2: N/A | ON2: N/A | OO2: N/A | OP2: N/A | OQ2: N/A | OR2: N/A | OS2: N/A | OT2: N/A | OU2: N/A | OV2: N/A | OW2: N/A | OX2: N/A | OY2: N/A | OZ2: N/A | PA2: N/A | PB2: N/A | PC2: N/A | PD2: N/A | PE2: N/A | PF2: N/A | PG2: N/A | PH2: N/A | PI2: N/A | PJ2: N/A | PK2: N/A | PL2: N/A | PM2: N/A | PN2: N/A | PO2: N/A | PP2: N/A | PQ2: N/A | PR2: N/A | PS2: N/A | PT2: N/A | PU2: N/A | PV2: N/A | PW2: N/A | PX2: N/A | PY2: N/A | PZ2: N/A | QA2: N/A | QB2: N/A | QC2: N/A | QD2: N/A | QE2: N/A | QF2: N/A | QG2: N/A | QH2: N/A | QI2: N/A | QJ2: N/A | QK2: N/A | QL2: N/A | QM2: N/A | QN2: N/A | QO2: N/A | QP2: N/A | QQ2: N/A | QR2: N/A | QS2: N/A | QT2: N/A | QU2: N/A | QV2: N/A | QW2: N/A | QX2: N/A | QY2: N/A | QZ2: N/A | RA2: N/A | RB2: N/A | RC2: N/A | RD2: N/A | RE2: N/A | RF2: N/A | RG2: N/A | RH2: N/A | RI2: N/A | RJ2: N/A | RK2: N/A | RL2: N/A | RM2: N/A | RN2: N/A | RO2: N/A | RP2: N/A | RQ2: N/A | RR2: N/A | RS2: N/A | RT2: N/A | RU2: N/A | RV2: N/A | RW2: N/A | RX2: N/A | RY2: N/A | RZ2: N/A | SA2: N/A | SB2: N/A | SC2: N/A | SD2: N/A | SE2: N/A | SF2: N/A | SG2: N/A | SH2: N/A | SI2: N/A | SJ2: N/A | SK2: N/A | SL2: N/A | SM2: N/A | SN2: N/A | SO2: N/A | SP2: N/A | SQ2: N/A | SR2: N/A | SS2: N/A | ST2: N/A | SU2: N/A | SV2: N/A
A3: 0 | B3: 0 | C3: 0 | D3: 0 | E3: 0 | F3: 0 | G3: 0 | H3: 0 | I3: 0 | J3: 0 | K3: 0 | L3: 0 | M3: 0 | N3: 0 | O3: 0 | P3: 0 | Q3: 0 | R3: 0 | S3: 0 | T3: 0 | U3: 0 | V3: 0 | W3: 0 | X3: 0 | Y3: 0 | Z3: 0 | AA3: 0 | AB3: 0 | AC3: 0 | AD3: 0 | AE3: 0 | AF3: 0 | AG3: 0 | AH3: 0 | AI3: 0 | AJ3: 0 | AK3: 0 | AL3: 0 | AM3: 0 | AN3: 0 | AO3: 0 | AP3: 0 | AQ3: 0 | AR3: 0 | AS3: 0 | AT3: 0 | AU3: 0 | AV3: 0 | AW3: 0 | AX3: 0 | AY3: 0 | AZ3: 0 | BA3: 0 | BB3: 0 | BC3: 0 | BD3: 0 | BE3: 0 | BF3: 0 | BG3: 0 | BH3: 0 | BI3: 0 | BJ3: 0 | BK3: 0 | BL3: 0 | BM3: 0 | BN3: 0 | BO3: 0 | BP3: 0 | BQ3: 0 | BR3: 0 | BS3: 0 | BT3: 0 | BU3: 0 | BV3: 0 | BW3: 0 | BX3: 0 | BY3: 0 | BZ3: 0 | CA3: 0 | CB3: 0 | CC3: 0 | CD3: 0 | CE3: 0 | CF3: 0 | CG3: 0 | CH3: 0 | CI3: 0 | CJ3: 0 | CK3: 0 | CL3: 0 | CM3: 0 | CN3: 0 | CO3: 0 | CP3: 0 | CQ3: 0 | CR3: 0 | CS3: 0 | CT3: 0 | CU3: 0 | CV3: 0 | CW3: 0 | CX3: 0 | CY3: 0 | CZ3: 0 | DA3: 0 | DB3: 0 | DC3: 0 | DD3: 0 | DE3: 0 | DF3: 0 | DG3: 0 | DH3: 0 | DI3: 0 | DJ3: 0 | DK3: 0 | DL3: 0 | DM3: 0 | DN3: 0 | DO3: 0 | DP3: 0 | DQ3: 0 | DR3: 0 | DS3: 0 | DT3: 0 | DU3: 0 | DV3: 0 | DW3: 0 | DX3: 0 | DY3: 0 | DZ3: 0 | EA3: 0 | EB3: 0 | EC3: 0 | ED3: 0 | EE3: 0 | EF3: 0 | EG3: 0 | EH3: 0 | EI3: 0 | EJ3: 0 | EK3: 0 | EL3: 0 | EM3: 0 | EN3: 0 | EO3: 0 | EP3: 0 | EQ3: 0 | ER3: 0 | ES3: 0 | ET3: 0 | EU3: 0 | EV3: 0 | EW3: 0 | EX3: 0 | EY3: 0 | EZ3: 0 | FA3: 0 | FB3: 0 | FC3: 0 | FD3: 0 | FE3: 0 | FF3: 0 | FG3: 0 | FH3: 0 | FI3: 0 | FJ3: 0 | FK3: 0 | FL3: 0 | FM3: 0 | FN3: 0 | FO3: 0 | FP3: 0 | FQ3: 0 | FR3: 0 | FS3: 0 | FT3: 0 | FU3: 0 | FV3: 0 | FW3: 0 | FX3: 0 | FY3: 0 | FZ3: 0 | GA3: 0 | GB3: 0 | GC3: 0 | GD3: 0 | GE3: 0 | GF3: 0 | GG3: 0 | GH3: 0 | GI3: 0 | GJ3: 0 | GK3: 0 | GL3: 0 | GM3: 0 | GN3: 0 | GO3: 0 | GP3: 0 | GQ3: 0 | GR3: 0 | GS3: 0 | GT3: 0 | GU3: 0 | GV3: 0 | GW3: 0 | GX3: 0 | GY3: 0 | GZ3: 0 | HA3: 0 | HB3: 0 | HC3: 0 | HD3: 0 | HE3: 0 | HF3: 0 | HG3: 0 | HH3: 0 | HI3: 0 | HJ3: 0 | HK3: 0 | HL3: 0 | HM3: 0 | HN3: 0 | HO3: 0 | HP3: 0 | HQ3: 0 | HR3: 0 | HS3: 0 | HT3: 0 | HU3: 0 | HV3: 0 | HW3: 0 | HX3: 0 | HY3: 0 | HZ3: 0 | IA3: 0 | IB3: 0 | IC3: 0 | ID3: 0 | IE3: 0 | IF3: 0 | IG3: 0 | IH3: 0 | II3: 0 | IJ3: 0 | IK3: 0 | IL3: 0 | IM3: 0 | IN3: 0 | IO3: 0 | IP3: 0 | IQ3: 0 | IR3: 0 | IS3: 0 | IT3: 0 | IU3: 0 | IV3: 0 | IW3: 0 | IX3: 0 | IY3: 0 | IZ3: 0 | JA3: 0 | JB3: 0 | JC3: 0 | JD3: 0 | JE3: 0 | JF3: 0 | JG3: 0 | JH3: 0 | JI3: 0 | JJ3: 0 | JK3: 0 | JL3: 0 | JM3: 0 | JN3: 0 | JO3: 0 | JP3: 0 | JQ3: 0 | JR3: 0 | JS3: 0 | JT3: 0 | JU3: 0 | JV3: 0 | JW3: 0 | JX3: 0 | JY3: 0 | JZ3: 0 | KA3: 0 | KB3: 0 | KC3: 0 | KD3: 0 | KE3: 0 | KF3: 0 | KG3: 0 | KH3: 0 | KI3: 0 | KJ3: 0 | KK3: 0 | KL3: 0 | KM3: 0 | KN3: 0 | KO3: 0 | KP3: 0 | KQ3: 0 | KR3: 0 | KS3: 0 | KT3: 0 | KU3: 0 | KV3: 0 | KW3: 0 | KX3: 0 | KY3: 0 | KZ3: 0 | LA3: 0 | LB3: 0 | LC3: 0 | LD3: 0 | LE3: 0 | LF3: 0 | LG3: 0 | LH3: 0 | LI3: 0 | LJ3: 0 | LK3: 0 | LL3: 0 | LM3: 0 | LN3: 0 | LO3: 0 | LP3: 0 | LQ3: 0 | LR3: 0 | LS3: 0 | LT3: 0 | LU3: 0 | LV3: 0 | LW3: 0 | LX3: 0 | LY3: 0 | LZ3: 0 | MA3: 0 | MB3: 0 | MC3: 0 | MD3: 0 | ME3: 0 | MF3: 0 | MG3: 0 | MH3: 0 | MI3: 0 | MJ3: 0 | MK3: 0 | ML3: 0 | MM3: 0 | MN3: 0 | MO3: 0 | MP3: 0 | MQ3: 0 | MR3: 0 | MS3: 0 | MT3: 0 | MU3: 0 | MV3: 0 | MW3: 0 | MX3: 0 | MY3: 0 | MZ3: 0 | NA3: 0 | NB3: 0 | NC3: 0 | ND3: 0 | NE3: 0 | NF3: 0 | NG3: 0 | NH3: 0 | NI3: 0 | NJ3: 0 | NK3: 0 | NL3: 0 | NM3: 0 | NN3: 0 | NO3: 0 | NP3: 0 | NQ3: 0 | NR3: 0 | NS3: 0 | NT3: 0 | NU3: 0 | NV3: 0 | NW3: 0 | NX3: 0 | NY3: 0 | NZ3: 0 | OA3: 0 | OB3: 0 | OC3: 0 | OD3: 0 | OE3: 0 | OF3: 0 | OG3: 0 | OH3: 0 | OI3: 0 | OJ3: 0 | OK3: 0 | OL3: 0 | OM3: 0 | ON3: 0 | OO3: 0 | OP3: 0 | OQ3: 0 | OR3: 0 | OS3: 0 | OT3: 0 | OU3: 0 | OV3: 0 | OW3: 0 | OX3: 0 | OY3: 0 | OZ3: 0 | PA3: 0 | PB3: 0 | PC3: 0 | PD3: 0 | PE3: 0 | PF3: 0 | PG3: 0 | PH3: 0 | PI3: 0 | PJ3: 0 | PK3: 0 | PL3: 0 | PM3: 0 | PN3: 0 | PO3: 0 | PP3: 0 | PQ3: 0 | PR3: 0 | PS3: 0 | PT3: 0 | PU3: 0 | PV3: 0 | PW3: 0 | PX3: 0 | PY3: 0 | PZ3: 0 | QA3: 0 | QB3: 0 | QC3: 0 | QD3: 0 | QE3: 0 | QF3: 0 | QG3: 0 | QH3: 0 | QI3: 0 | QJ3: 0 | QK3: 0 | QL3: 0 | QM3: 0 | QN3: 0 | QO3: 0 | QP3: 0 | QQ3: 0 | QR3: 0 | QS3: 0 | QT3: 0 | QU3: 0 | QV3: 0 | QW3: 0 | QX3: 0 | QY3: 0 | QZ3: 0 | RA3: 0 | RB3: 0 | RC3: 0 | RD3: 0 | RE3: 0 | RF3: 0 | RG3: 0 | RH3: 0 | RI3: 0 | RJ3: 0 | RK3: 0 | RL3: 0 | RM3: 0 | RN3: 0 | RO3: 0 | RP3: 0 | RQ3: 0 | RR3: 0 | RS3: 0 | RT3: 0 | RU3: 0 | RV3: 0 | RW3: 0 | RX3: 0 | RY3: 0 | RZ3: 0 | SA3: 0 | SB3: 0 | SC3: 0 | SD3: 0 | SE3: 0 | SF3: 0 | SG3: 0 | SH3: 0 | SI3: 0 | SJ3: 0 | SK3: 0 | SL3: 0 | SM3: 0 | SN3: 0 | SO3: 0 | SP3: 0 | SQ3: 0 | SR3: 0 | SS3: 0 | ST3: 0 | SU3: 0 | SV3: 0
A4: 稻草人 | B4: 边界村 | C4: 801 | L4: 250000 | M4: 301 | N4: 金创药(小量) | O4: 10 | P4: 120000 | Q4: 321 | R4: 魔法药(小量) | S4: 4.8 | V4: 0 | W4: 0 | Z4: 0 | AA4: 0 | AD4: 0 | AE4: 0 | AH4: 0 | AI4: 0 | AL4: 0 | AM4: 0 | AN4: 15000 | AO4: 99900001 | AP4: 木剑 | AQ4: 0.4 | AR4: 15000 | AS4: 99900002 | AT4: 匕首 | AU4: 3.8 | AX4: 0 | AY4: 0 | AZ4: 10000 | BA4: 99920001 | BB4: 金项链 | BC4: 2.5 | BD4: 10000 | BE4: 99930001 | BF4: 古铜戒指 | BG4: 2.5 | BH4: 10000 | BI4: 99940001 | BJ4: 铁手镯 | BK4: 4 | BL4: 10000 | BM4: 99920002 | BN4: 传统项链 | BO4: 5 | BP4: 15000 | BQ4: 99980113 | BR4: 布衣 | BS4: 0.9 | BT4: 15000 | BU4: 99990113 | BV4: 布衣6 | BW4: 0.9 | BZ4: 0 | CA4: 0 | CD4: 0 | CE4: 0 | CH4: 0 | CI4: 0 | CL4: 0 | CM4: 0 | CP4: 0 | CQ4: 0 | CT4: 0 | CU4: 0 | CX4: 0 | CY4: 0 | DB4: 0 | DC4: 0 | DF4: 0 | DG4: 0 | DJ4: 0 | DK4: 0 | DN4: 0 | DO4: 0 | DR4: 0 | DS4: 0 | DV4: 0 | DW4: 0 | DZ4: 0 | EA4: 0 | ED4: 0 | EE4: 0 | EH4: 0 | EI4: 0 | EL4: 0 | EM4: 0 | EP4: 0 | EQ4: 0 | ET4: 0 | EU4: 0 | EX4: 0 | EY4: 0 | FB4: 0 | FC4: 0 | FF4: 0 | FG4: 0 | FJ4: 0 | FK4: 0 | FN4: 0 | FO4: 0 | FR4: 0 | FS4: 0 | FV4: 0 | FW4: 0 | FZ4: 0 | GA4: 0 | GD4: 0 | GE4: 0 | GH4: 0 | GI4: 0 | GL4: 0 | GM4: 0 | GP4: 0 | GQ4: 0 | GT4: 0 | GU4: 0 | GX4: 0 | GY4: 0 | HB4: 0 | HC4: 0 | HF4: 0 | HG4: 0 | HJ4: 0 | HK4: 0 | HN4: 0 | HO4: 0 | HR4: 0 | HS4: 0 | HV4: 0 | HW4: 0 | HZ4: 0 | IA4: 0 | ID4: 0 | IE4: 0 | IH4: 0 | II4: 0 | IL4: 0 | IM4: 0 | IP4: 0 | IQ4: 0 | IT4: 0 | IU4: 0 | IX4: 0 | IY4: 0 | JB4: 0 | JC4: 0 | JF4: 0 | JG4: 0 | JJ4: 0 | JK4: 0 | JN4: 0 | JO4: 0 | JR4: 0 | JS4: 0 | JV4: 0 | JW4: 0 | JZ4: 0 | KA4: 0 | KD4: 0 | KE4: 0 | KH4: 0 | KI4: 0 | KL4: 0 | KM4: 0 | KP4: 0 | KQ4: 0 | KT4: 0 | KU4: 0 | KX4: 0 | KY4: 0 | LB4: 0 | LC4: 0 | LF4: 0 | LG4: 0 | LJ4: 0 | LK4: 0 | LN4: 0 | LO4: 0 | LR4: 0 | LS4: 0 | LV4: 0 | LW4: 0 | LZ4: 0 | MA4: 0 | MD4: 0 | ME4: 0 | MH4: 0 | MI4: 0 | ML4: 0 | MM4: 0 | MP4: 0 | MQ4: 0 | MT4: 0 | MU4: 0 | MX4: 0 | MY4: 0 | NB4: 0 | NC4: 0 | NF4: 0 | NG4: 0 | NJ4: 0 | NK4: 0 | NN4: 0 | NO4: 0 | NR4: 0 | NS4: 0 | NV4: 0 | NW4: 0 | NZ4: 0 | OA4: 0 | OD4: 0 | OE4: 0 | OH4: 0 | OI4: 0 | OL4: 0 | OM4: 0 | OP4: 0 | OQ4: 0 | OT4: 0 | OU4: 0 | OX4: 0 | OY4: 0 | PB4: 0 | PC4: 0 | PF4: 0 | PG4: 0 | PJ4: 0 | PK4: 0 | PN4: 0 | PO4: 0 | PR4: 0 | PS4: 0 | PV4: 0 | PW4: 0 | PZ4: 0 | QA4: 0 | QD4: 0 | QE4: 0 | QH4: 0 | QI4: 0 | QL4: 0 | QM4: 0 | QP4: 0 | QQ4: 0 | QT4: 0 | QU4: 0 | QX4: 0 | QY4: 0 | RB4: 0 | RC4: 0 | RF4: 0 | RG4: 0 | RJ4: 0 | RK4: 0 | RN4: 0 | RO4: 0 | RR4: 0 | RS4: 0 | RV4: 0 | RW4: 0 | RZ4: 0 | SA4: 0 | SD4: 0 | SE4: 0 | SH4: 0 | SI4: 0 | SL4: 0 | SM4: 0 | SP4: 0 | SQ4: 0 | ST4: 0 | SU4: =ROUND(SR4/1000000*IF(SS4=0,0,VLOOKUP(SS4,名称和价格索引!$A$4:$C$834,3,FALSE)),1) -> 0 | SV4: {=SUM(VLOOKUP(D4,D4:SU4,ROW($1:$128)*4,0))} -> #N/A
A5: 钉耙猫 | B5: 边界村 | C5: 802 | N5: 0 | O5: 0 | R5: 0 | S5: 0 | V5: 0 | W5: 0 | Z5: 0 | AA5: 0 | AD5: 0 | AE5: 0 | AH5: 0 | AI5: 0 | AL5: 0 | AM5: 0 | AN5: 15000 | AO5: 99900001 | AP5: 木剑 | AQ5: 0.4 | AR5: 15000 | AS5: 99900002 | AT5: 匕首 | AU5: 3.8 | AX5: 0 | AY5: 0 | AZ5: 15000 | BA5: 99920001 | BB5: 金项链 | BC5: 3.8 | BD5: 15000 | BE5: 99930001 | BF5: 古铜戒指 | BG5: 3.8 | BH5: 15000 | BI5: 99940001 | BJ5: 铁手镯 | BK5: 6 | BL5: 15000 | BM5: 99920002 | BN5: 传统项链 | BO5: 7.5 | BP5: 15000 | BQ5: 99980113 | BR5: 布衣 | BS5: 0.9 | BT5: 15000 | BU5: 99990113 | BV5: 布衣6 | BW5: 0.9 | BZ5: 0 | CA5: 0 | CD5: 0 | CE5: 0 | CH5: 0 | CI5: 0 | CL5: 0 | CM5: 0 | CP5: 0 | CQ5: 0 | CT5: 0 | CU5: 0 | CX5: 0 | CY5: 0 | DB5: 0 | DC5: 0 | DF5: 0 | DG5: 0 | DJ5: 0 | DK5: 0 | DN5: 0 | DO5: 0 | DR5: 0 | DS5: 0 | DV5: 0 | DW5: 0 | DZ5: 0 | EA5: 0 | ED5: 0 | EE5: 0 | EH5: 0 | EI5: 0 | EL5: 0 | EM5: 0 | EP5: 0 | EQ5: 0 | ET5: 0 | EU5: 0 | EX5: 0 | EY5: 0 | FB5: 0 | FC5: 0 | FF5: 0 | FG5: 0 | FJ5: 0 | FK5: 0 | FN5: 0 | FO5: 0 | FR5: 0 | FS5: 0 | FV5: 0 | FW5: 0 | FZ5: 0 | GA5: 0 | GD5: 0 | GE5: 0 | GH5: 0 | GI5: 0 | GL5: 0 | GM5: 0 | GP5: 0 | GQ5: 0 | GT5: 0 | GU5: 0 | GX5: 0 | GY5: 0 | HB5: 0 | HC5: 0 | HF5: 0 | HG5: 0 | HJ5: 0 | HK5: 0 | HN5: 0 | HO5: 0 | HR5: 0 | HS5: 0 | HV5: 0 | HW5: 0 | HZ5: 0 | IA5: 0 | ID5: 0 | IE5: 0 | IH5: 0 | II5: 0 | IL5: 0 | IM5: 0 | IP5: 0 | IQ5: 0 | IT5: 0 | IU5: 0 | IX5: 0 | IY5: 0 | JB5: 0 | JC5: 0 | JF5: 0 | JG5: 0 | JJ5: 0 | JK5: 0 | JN5: 0 | JO5: 0 | JR5: 0 | JS5: 0 | JV5: 0 | JW5: 0 | JZ5: 0 | KA5: 0 | KD5: 0 | KE5: 0 | KH5: 0 | KI5: 0 | KL5: 0 | KM5: 0 | KP5: 0 | KQ5: 0 | KT5: 0 | KU5: 0 | KX5: 0 | KY5: 0 | LB5: 0 | LC5: 0 | LF5: 0 | LG5: 0 | LJ5: 0 | LK5: 0 | LN5: 0 | LO5: 0 | LR5: 0 | LS5: 0 | LV5: 0 | LW5: 0 | LZ5: 0 | MA5: 0 | MD5: 0 | ME5: 0 | MH5: 0 | MI5: 0 | ML5: 0 | MM5: 0 | MP5: 0 | MQ5: 0 | MT5: 0 | MU5: 0 | MX5: 0 | MY5: 0 | NB5: 0 | NC5: 0 | NF5: 0 | NG5: 0 | NJ5: 0 | NK5: 0 | NN5: 0 | NO5: 0 | NR5: 0 | NS5: 0 | NV5: 0 | NW5: 0 | NZ5: 0 | OA5: 0 | OD5: 0 | OE5: 0 | OH5: 0 | OI5: 0 | OL5: 0 | OM5: 0 | OP5: 0 | OQ5: 0 | OT5: 0 | OU5: 0 | OX5: 0 | OY5: 0 | PB5: 0 | PC5: 0 | PF5: 0 | PG5: 0 | PJ5: 0 | PK5: 0 | PN5: 0 | PO5: 0 | PR5: 0 | PS5: 0 | PV5: 0 | PW5: 0 | PZ5: 0 | QA5: 0 | QD5: 0 | QE5: 0 | QH5: 0 | QI5: 0 | QL5: 0 | QM5: 0 | QP5: 0 | QQ5: 0 | QT5: 0 | QU5: 0 | QX5: 0 | QY5: 0 | RB5: 0 | RC5: 0 | RF5: 0 | RG5: 0 | RJ5: 0 | RK5: 0 | RN5: 0 | RO5: 0 | RR5: 0 | RS5: 0 | RV5: 0 | RW5: 0 | RZ5: 0 | SA5: 0 | SD5: 0 | SE5: 0 | SH5: 0 | SI5: 0 | SL5: 0 | SM5: 0 | SP5: 0 | SQ5: 0 | ST5: 0 | SU5: =ROUND(SR5/1000000*IF(SS5=0,0,VLOOKUP(SS5,名称和价格索引!$A$4:$C$834,3,FALSE)),1) -> 0 | SV5: {=SUM(VLOOKUP(D5,D5:SU5,ROW($1:$128)*4,0))} -> #N/A
A6: 鹿 | B6: 边界村 | C6: 823 | N6: 0 | O6: 0 | R6: 0 | S6: 0 | V6: 0 | W6: 0 | Z6: 0 | AA6: 0 | AD6: 0 | AE6: 0 | AH6: 0 | AI6: 0 | AL6: 0 | AM6: 0 | AP6: 0 | AQ6: 0 | AT6: 0 | AU6: 0 | AX6: 0 | AY6: 0 | BB6: 0 | BC6: 0 | BF6: 0 | BG6: 0 | BJ6: 0 | BK6: 0 | BN6: 0 | BO6: 0 | BR6: 0 | BS6: 0 | BV6: 0 | BW6: 0 | BZ6: 0 | CA6: 0 | CD6: 0 | CE6: 0 | CH6: 0 | CI6: 0 | CL6: 0 | CM6: 0 | CP6: 0 | CQ6: 0 | CT6: 0 | CU6: 0 | CX6: 0 | CY6: 0 | DB6: 0 | DC6: 0 | DF6: 0 | DG6: 0 | DJ6: 0 | DK6: 0 | DN6: 0 | DO6: 0 | DR6: 0 | DS6: 0 | DV6: 0 | DW6: 0 | DZ6: 0 | EA6: 0 | ED6: 0 | EE6: 0 | EH6: 0 | EI6: 0 | EL6: 0 | EM6: 0 | EP6: 0 | EQ6: 0 | ET6: 0 | EU6: 0 | EX6: 0 | EY6: 0 | FB6: 0 | FC6: 0 | FF6: 0 | FG6: 0 | FJ6: 0 | FK6: 0 | FN6: 0 | FO6: 0 | FR6: 0 | FS6: 0 | FV6: 0 | FW6: 0 | FZ6: 0 | GA6: 0 | GD6: 0 | GE6: 0 | GH6: 0 | GI6: 0 | GL6: 0 | GM6: 0 | GP6: 0 | GQ6: 0 | GT6: 0 | GU6: 0 | GX6: 0 | GY6: 0 | HB6: 0 | HC6: 0 | HF6: 0 | HG6: 0 | HJ6: 0 | HK6: 0 | HN6: 0 | HO6: 0 | HR6: 0 | HS6: 0 | HV6: 0 | HW6: 0 | HZ6: 0 | IA6: 0 | ID6: 0 | IE6: 0 | IH6: 0 | II6: 0 | IL6: 0 | IM6: 0 | IP6: 0 | IQ6: 0 | IT6: 0 | IU6: 0 | IX6: 0 | IY6: 0 | JB6: 0 | JC6: 0 | JF6: 0 | JG6: 0 | JJ6: 0 | JK6: 0 | JN6: 0 | JO6: 0 | JR6: 0 | JS6: 0 | JV6: 0 | JW6: 0 | JZ6: 0 | KA6: 0 | KD6: 0 | KE6: 0 | KH6: 0 | KI6: 0 | KL6: 0 | KM6: 0 | KP6: 0 | KQ6: 0 | KT6: 0 | KU6: 0 | KX6: 0 | KY6: 0 | LB6: 0 | LC6: 0 | LF6: 0 | LG6: 0 | LJ6: 0 | LK6: 0 | LN6: 0 | LO6: 0 | LR6: 0 | LS6: 0 | LV6: 0 | LW6: 0 | LZ6: 0 | MA6: 0 | MD6: 0 | ME6: 0 | MH6: 0 | MI6: 0 | ML6: 0 | MM6: 0 | MP6: 0 | MQ6: 0 | MT6: 0 | MU6: 0 | MX6: 0 | MY6: 0 | NB6: 0 | NC6: 0 | NF6: 0 | NG6: 0 | NJ6: 0 | NK6: 0 | NN6: 0 | NO6: 0 | NR6: 0 | NS6: 0 | NV6: 0 | NW6: 0 | NZ6: 0 | OA6: 0 | OD6: 0 | OE6: 0 | OH6: 0 | OI6: 0 | OL6: 0 | OM6: 0 | OP6: 0 | OQ6: 0 | OT6: 0 | OU6: 0 | OX6: 0 | OY6: 0 | PB6: 0 | PC6: 0 | PF6: 0 | PG6: 0 | PJ6: 0 | PK6: 0 | PN6: 0 | PO6: 0 | PR6: 0 | PS6: 0 | PV6: 0 | PW6: 0 | PZ6: 0 | QA6: 0 | QD6: 0 | QE6: 0 | QH6: 0 | QI6: 0 | QL6: 0 | QM6: 0 | QP6: 0 | QQ6: 0 | QT6: 0 | QU6: 0 | QX6: 0 | QY6: 0 | RB6: 0 | RC6: 0 | RF6: 0 | RG6: 0 | RJ6: 0 | RK6: 0 | RN6: 0 | RO6: 0 | RR6: 0 | RS6: 0 | RV6: 0 | RW6: 0 | RZ6: 0 | SA6: 0 | SD6: 0 | SE6: 0 | SH6: 0 | SI6: 0 | SL6: 0 | SM6: 0 | SP6: 0 | SQ6: 0 | ST6: 0 | SU6: =ROUND(SR6/1000000*IF(SS6=0,0,VLOOKUP(SS6,名称和价格索引!$A$4:$C$834,3,FALSE)),1) -> 0 | SV6: {=SUM(VLOOKUP(D6,D6:SU6,ROW($1:$128)*4,0))} -> #N/A
A7: 半兽人 | B7: 边界村 | C7: 803 | L7: 50000 | M7: 301 | N7: 金创药(小量) | O7: 2 | P7: 50000 | Q7: 321 | R7: 魔法药(小量) | S7: 2 | V7: 0 | W7: 0 | X7: 3000 | Y7: 99900004 | Z7: 青铜剑 | AA7: 1.4 | AB7: 3000 | AC7: 99940002 | AD7: 小手镯 | AE7: 1.5 | AF7: 3000 | AG7: 99930002 | AH7: 玻璃戒指 | AI7: 1.2 | AJ7: 3000 | AK7: 99930003 | AL7: 六角戒指 | AM7: 1.2 | AN7: 3000 | AO7: 99940017 | AP7: 皮制手套 | AQ7: 2.3 | AR7: 3000 | AS7: 99940003 | AT7: 银手镯 | AU7: 2.3 | AX7: 0 | AY7: 0 | BB7: 0 | BC7: 0 | BF7: 0 | BG7: 0 | BH7: 6000 | BI7: 99980113 | BJ7: 布衣 | BK7: 0.4 | BL7: 6000 | BM7: 99990113 | BN7: 布衣6 | BO7: 0.4 | BP7: 6000 | BQ7: 99900001 | BR7: 木剑 | BS7: 0.2 | BT7: 6000 | BU7: 99900002 | BV7: 匕首 | BW7: 1.5 | BZ7: 0 | CA7: 0 | CB7: 6000 | CC7: 99920001 | CD7: 金项链 | CE7: 1.5 | CF7: 6000 | CG7: 99930001 | CH7: 古铜戒指 | CI7: 1.5 | CJ7: 6000 | CK7: 99940001 | CL7: 铁手镯 | CM7: 2.4 | CN7: 6000 | CO7: 99920002 | CP7: 传统项链 | CQ7: 3 | CT7: 0 | CU7: 0 | CX7: 0 | CY7: 0 | DB7: 0 | DC7: 0 | DF7: 0 | DG7: 0 | DJ7: 0 | DK7: 0 | DN7: 0 | DO7: 0 | DR7: 0 | DS7: 0 | DV7: 0 | DW7: 0 | DZ7: 0 | EA7: 0 | ED7: 0 | EE7: 0 | EH7: 0 | EI7: 0 | EL7: 0 | EM7: 0 | EP7: 0 | EQ7: 0 | ET7: 0 | EU7: 0 | EX7: 0 | EY7: 0 | FB7: 0 | FC7: 0 | FF7: 0 | FG7: 0 | FJ7: 0 | FK7: 0 | FN7: 0 | FO7: 0 | FR7: 0 | FS7: 0 | FV7: 0 | FW7: 0 | FZ7: 0 | GA7: 0 | GD7: 0 | GE7: 0 | GH7: 0 | GI7: 0 | GL7: 0 | GM7: 0 | GP7: 0 | GQ7: 0 | GT7: 0 | GU7: 0 | GX7: 0 | GY7: 0 | HB7: 0 | HC7: 0 | HF7: 0 | HG7: 0 | HJ7: 0 | HK7: 0 | HN7: 0 | HO7: 0 | HR7: 0 | HS7: 0 | HV7: 0 | HW7: 0 | HZ7: 0 | IA7: 0 | ID7: 0 | IE7: 0 | IH7: 0 | II7: 0 | IL7: 0 | IM7: 0 | IP7: 0 | IQ7: 0 | IT7: 0 | IU7: 0 | IX7: 0 | IY7: 0 | JB7: 0 | JC7: 0 | JF7: 0 | JG7: 0 | JJ7: 0 | JK7: 0 | JN7: 0 | JO7: 0 | JR7: 0 | JS7: 0 | JV7: 0 | JW7: 0 | JZ7: 0 | KA7: 0 | KD7: 0 | KE7: 0 | KH7: 0 | KI7: 0 | KL7: 0 | KM7: 0 | KP7: 0 | KQ7: 0 | KT7: 0 | KU7: 0 | KX7: 0 | KY7: 0 | LB7: 0 | LC7: 0 | LF7: 0 | LG7: 0 | LJ7: 0 | LK7: 0 | LN7: 0 | LO7: 0 | LR7: 0 | LS7: 0 | LV7: 0 | LW7: 0 | LZ7: 0 | MA7: 0 | MD7: 0 | ME7: 0 | MH7: 0 | MI7: 0 | ML7: 0 | MM7: 0 | MP7: 0 | MQ7: 0 | MT7: 0 | MU7: 0 | MX7: 0 | MY7: 0 | NB7: 0 | NC7: 0 | NF7: 0 | NG7: 0 | NJ7: 0 | NK7: 0 | NN7: 0 | NO7: 0 | NR7: 0 | NS7: 0 | NV7: 0 | NW7: 0 | NZ7: 0 | OA7: 0 | OD7: 0 | OE7: 0 | OH7: 0 | OI7: 0 | OL7: 0 | OM7: 0 | OP7: 0 | OQ7: 0 | OT7: 0 | OU7: 0 | OX7: 0 | OY7: 0 | PB7: 0 | PC7: 0 | PF7: 0 | PG7: 0 | PJ7: 0 | PK7: 0 | PN7: 0 | PO7: 0 | PR7: 0 | PS7: 0 | PV7: 0 | PW7: 0 | PZ7: 0 | QA7: 0 | QD7: 0 | QE7: 0 | QH7: 0 | QI7: 0 | QL7: 0 | QM7: 0 | QP7: 0 | QQ7: 0 | QT7: 0 | QU7: 0 | QX7: 0 | QY7: 0 | RB7: 0 | RC7: 0 | RF7: 0 | RG7: 0 | RJ7: 0 | RK7: 0 | RN7: 0 | RO7: 0 | RR7: 0 | RS7: 0 | RV7: 0 | RW7: 0 | RZ7: 0 | SA7: 0 | SD7: 0 | SE7: 0 | SH7: 0 | SI7: 0 | SL7: 0 | SM7: 0 | SP7: 0 | SQ7: 0 | ST7: 0 | SU7: =ROUND(SR7/1000000*IF(SS7=0,0,VLOOKUP(SS7,名称和价格索引!$A$4:$C$834,3,FALSE)),1) -> 0 | SV7: {=SUM(VLOOKUP(D7,D7:SU7,ROW($1:$128)*4,0))} -> #N/A
A8: 半兽人战士 | B8: 边界村 | C8: 804 | L8: 50000 | M8: 301 | N8: 金创药(小量) | O8: 2 | P8: 50000 | Q8: 321 | R8: 魔法药(小量) | S8: 2 | V8: 0 | W8: 0 | X8: 5000 | Y8: 99900004 | Z8: 青铜剑 | AA8: 2.3 | AB8: 5000 | AC8: 99940002 | AD8: 小手镯 | AE8: 2.5 | AF8: 5000 | AG8: 99930002 | AH8: 玻璃戒指 | AI8: 2 | AJ8: 5000 | AK8: 99930003 | AL8: 六角戒指 | AM8: 2 | AN8: 5000 | AO8: 99940017 | AP8: 皮制手套 | AQ8: 3.8 | AR8: 5000 | AS8: 99940003 | AT8: 银手镯 | AU8: 3.8 | AX8: 0 | AY8: 0 | BB8: 0 | BC8: 0 | BF8: 0 | BG8: 0 | BH8: 10000 | BI8: 99980113 | BJ8: 布衣 | BK8: 0.6 | BL8: 10000 | BM8: 99990113 | BN8: 布衣6 | BO8: 0.6 | BP8: 10000 | BQ8: 99900001 | BR8: 木剑 | BS8: 0.3 | BT8: 10000 | BU8: 99900002 | BV8: 匕首 | BW8: 2.5 | BZ8: 0 | CA8: 0 | CB8: 10000 | CC8: 99920001 | CD8: 金项链 | CE8: 2.5 | CF8: 10000 | CG8: 99930001 | CH8: 古铜戒指 | CI8: 2.5 | CJ8: 10000 | CK8: 99940001 | CL8: 铁手镯 | CM8: 4 | CN8: 10000 | CO8: 99920002 | CP8: 传统项链 | CQ8: 5 | CT8: 0 | CU8: 0 | CX8: 0 | CY8: 0 | DB8: 0 | DC8: 0 | DF8: 0 | DG8: 0 | DJ8: 0 | DK8: 0 | DN8: 0 | DO8: 0 | DR8: 0 | DS8: 0 | DV8: 0 | DW8: 0 | DZ8: 0 | EA8: 0 | ED8: 0 | EE8: 0 | EH8: 0 | EI8: 0 | EL8: 0 | EM8: 0 | EP8: 0 | EQ8: 0 | ET8: 0 | EU8: 0 | EX8: 0 | EY8: 0 | FB8: 0 | FC8: 0 | FF8: 0 | FG8: 0 | FJ8: 0 | FK8: 0 | FN8: 0 | FO8: 0 | FR8: 0 | FS8: 0 | FV8: 0 | FW8: 0 | FZ8: 0 | GA8: 0 | GD8: 0 | GE8: 0 | GH8: 0 | GI8: 0 | GL8: 0 | GM8: 0 | GP8: 0 | GQ8: 0 | GT8: 0 | GU8: 0 | GX8: 0 | GY8: 0 | HB8: 0 | HC8: 0 | HF8: 0 | HG8: 0 | HJ8: 0 | HK8: 0 | HN8: 0 | HO8: 0 | HR8: 0 | HS8: 0 | HV8: 0 | HW8: 0 | HZ8: 0 | IA8: 0 | ID8: 0 | IE8: 0 | IH8: 0 | II8: 0 | IL8: 0 | IM8: 0 | IP8: 0 | IQ8: 0 | IT8: 0 | IU8: 0 | IX8: 0 | IY8: 0 | JB8: 0 | JC8: 0 | JF8: 0 | JG8: 0 | JJ8: 0 | JK8: 0 | JN8: 0 | JO8: 0 | JR8: 0 | JS8: 0 | JV8: 0 | JW8: 0 | JZ8: 0 | KA8: 0 | KD8: 0 | KE8: 0 | KH8: 0 | KI8: 0 | KL8: 0 | KM8: 0 | KP8: 0 | KQ8: 0 | KT8: 0 | KU8: 0 | KX8: 0 | KY8: 0 | LB8: 0 | LC8: 0 | LF8: 0 | LG8: 0 | LJ8: 0 | LK8: 0 | LN8: 0 | LO8: 0 | LR8: 0 | LS8: 0 | LV8: 0 | LW8: 0 | LZ8: 0 | MA8: 0 | MD8: 0 | ME8: 0 | MH8: 0 | MI8: 0 | ML8: 0 | MM8: 0 | MP8: 0 | MQ8: 0 | MT8: 0 | MU8: 0 | MX8: 0 | MY8: 0 | NB8: 0 | NC8: 0 | NF8: 0 | NG8: 0 | NJ8: 0 | NK8: 0 | NN8: 0 | NO8: 0 | NR8: 0 | NS8: 0 | NV8: 0 | NW8: 0 | NZ8: 0 | OA8: 0 | OD8: 0 | OE8: 0 | OH8: 0 | OI8: 0 | OL8: 0 | OM8: 0 | OP8: 0 | OQ8: 0 | OT8: 0 | OU8: 0 | OX8: 0 | OY8: 0 | PB8: 0 | PC8: 0 | PF8: 0 | PG8: 0 | PJ8: 0 | PK8: 0 | PN8: 0 | PO8: 0 | PR8: 0 | PS8: 0 | PV8: 0 | PW8: 0 | PZ8: 0 | QA8: 0 | QD8: 0 | QE8: 0 | QH8: 0 | QI8: 0 | QL8: 0 | QM8: 0 | QP8: 0 | QQ8: 0 | QT8: 0 | QU8: 0 | QX8: 0 | QY8: 0 | RB8: 0 | RC8: 0 | RF8: 0 | RG8: 0 | RJ8: 0 | RK8: 0 | RN8: 0 | RO8: 0 | RR8: 0 | RS8: 0 | RV8: 0 | RW8: 0 | RZ8: 0 | SA8: 0 | SD8: 0 | SE8: 0 | SH8: 0 | SI8: 0 | SL8: 0 | SM8: 0 | SP8: 0 | SQ8: 0 | ST8: 0 | SU8: =ROUND(SR8/1000000*IF(SS8=0,0,VLOOKUP(SS8,名称和价格索引!$A$4:$C$834,3,FALSE)),1) -> 0 | SV8: {=SUM(VLOOKUP(D8,D8:SU8,ROW($1:$128)*4,0))} -> #N/A
A9: 海蟹 | B9: 边界村 | C9: 821 | J9: 0 | K9: 0 | L9: 20000 | M9: 301 | N9: 金创药(小量) | O9: 0.8 | P9: 20000 | Q9: 321 | R9: 魔法药(小量) | S9: 0.8 | V9: 0 | W9: 0 | X9: 2000 | Y9: 99900004 | Z9: 青铜剑 | AA9: 0.9 | AB9: 2000 | AC9: 99940002 | AD9: 小手镯 | AE9: 1 | AF9: 2000 | AG9: 99930002 | AH9: 玻璃戒指 | AI9: 0.8 | AJ9: 2000 | AK9: 99930003 | AL9: 六角戒指 | AM9: 0.8 | AN9: 2000 | AO9: 99940017 | AP9: 皮制手套 | AQ9: 1.5 | AR9: 2000 | AS9: 99940003 | AT9: 银手镯 | AU9: 1.5 | AX9: 0 | AY9: 0 | BB9: 0 | BC9: 0 | BF9: 0 | BG9: 0 | BH9: 6000 | BI9: 99980113 | BJ9: 布衣 | BK9: 0.4 | BL9: 6000 | BM9: 99990113 | BN9: 布衣6 | BO9: 0.4 | BP9: 6000 | BQ9: 99900001 | BR9: 木剑 | BS9: 0.2 | BT9: 6000 | BU9: 99900002 | BV9: 匕首 | BW9: 1.5 | BZ9: 0 | CA9: 0 | CB9: 6000 | CC9: 99920001 | CD9: 金项链 | CE9: 1.5 | CF9: 6000 | CG9: 99930001 | CH9: 古铜戒指 | CI9: 1.5 | CJ9: 6000 | CK9: 99940001 | CL9: 铁手镯 | CM9: 2.4 | CN9: 6000 | CO9: 99920002 | CP9: 传统项链 | CQ9: 3 | CT9: 0 | CU9: 0 | CX9: 0 | CY9: 0 | DB9: 0 | DC9: 0 | DF9: 0 | DG9: 0 | DJ9: 0 | DK9: 0 | DN9: 0 | DO9: 0 | DR9: 0 | DS9: 0 | DV9: 0 | DW9: 0 | DZ9: 0 | EA9: 0 | ED9: 0 | EE9: 0 | EH9: 0 | EI9: 0 | EL9: 0 | EM9: 0 | EP9: 0 | EQ9: 0 | ET9: 0 | EU9: 0 | EX9: 0 | EY9: 0 | FB9: 0 | FC9: 0 | FF9: 0 | FG9: 0 | FJ9: 0 | FK9: 0 | FN9: 0 | FO9: 0 | FR9: 0 | FS9: 0 | FV9: 0 | FW9: 0 | FZ9: 0 | GA9: 0 | GD9: 0 | GE9: 0 | GH9: 0 | GI9: 0 | GL9: 0 | GM9: 0 | GP9: 0 | GQ9: 0 | GT9: 0 | GU9: 0 | GX9: 0 | GY9: 0 | HB9: 0 | HC9: 0 | HF9: 0 | HG9: 0 | HJ9: 0 | HK9: 0 | HN9: 0 | HO9: 0 | HR9: 0 | HS9: 0 | HV9: 0 | HW9: 0 | HZ9: 0 | IA9: 0 | ID9: 0 | IE9: 0 | IH9: 0 | II9: 0 | IL9: 0 | IM9: 0 | IP9: 0 | IQ9: 0 | IT9: 0 | IU9: 0 | IX9: 0 | IY9: 0 | JB9: 0 | JC9: 0 | JF9: 0 | JG9: 0 | JJ9: 0 | JK9: 0 | JN9: 0 | JO9: 0 | JR9: 0 | JS9: 0 | JV9: 0 | JW9: 0 | JZ9: 0 | KA9: 0 | KD9: 0 | KE9: 0 | KH9: 0 | KI9: 0 | KL9: 0 | KM9: 0 | KP9: 0 | KQ9: 0 | KT9: 0 | KU9: 0 | KX9: 0 | KY9: 0 | LB9: 0 | LC9: 0 | LF9: 0 | LG9: 0 | LJ9: 0 | LK9: 0 | LN9: 0 | LO9: 0 | LR9: 0 | LS9: 0 | LV9: 0 | LW9: 0 | LZ9: 0 | MA9: 0 | MD9: 0 | ME9: 0 | MH9: 0 | MI9: 0 | ML9: 0 | MM9: 0 | MP9: 0 | MQ9: 0 | MT9: 0 | MU9: 0 | MX9: 0 | MY9: 0 | NB9: 0 | NC9: 0 | NF9: 0 | NG9: 0 | NJ9: 0 | NK9: 0 | NN9: 0 | NO9: 0 | NR9: 0 | NS9: 0 | NV9: 0 | NW9: 0 | NZ9: 0 | OA9: 0 | OD9: 0 | OE9: 0 | OH9: 0 | OI9: 0 | OL9: 0 | OM9: 0 | OP9: 0 | OQ9: 0 | OT9: 0 | OU9: 0 | OX9: 0 | OY9: 0 | PB9: 0 | PC9: 0 | PF9: 0 | PG9: 0 | PJ9: 0 | PK9: 0 | PN9: 0 | PO9: 0 | PR9: 0 | PS9: 0 | PV9: 0 | PW9: 0 | PZ9: 0 | QA9: 0 | QD9: 0 | QE9: 0 | QH9: 0 | QI9: 0 | QL9: 0 | QM9: 0 | QP9: 0 | QQ9: 0 | QT9: 0 | QU9: 0 | QX9: 0 | QY9: 0 | RB9: 0 | RC9: 0 | RF9: 0 | RG9: 0 | RJ9: 0 | RK9: 0 | RN9: 0 | RO9: 0 | RR9: 0 | RS9: 0 | RV9: 0 | RW9: 0 | RZ9: 0 | SA9: 0 | SD9: 0 | SE9: 0 | SH9: 0 | SI9: 0 | SL9: 0 | SM9: 0 | SP9: 0 | SQ9: 0 | ST9: 0 | SU9: =ROUND(SR9/1000000*IF(SS9=0,0,VLOOKUP(SS9,名称和价格索引!$A$4:$C$834,3,FALSE)),1) -> 0 | SV9: {=SUM(VLOOKUP(D9,D9:SU9,ROW($1:$128)*4,0))} -> #N/A
A10: 半兽人 刀疤 | B10: 边界村 | C10: 838 | D10: 1000000 | E10: 200200 | F10: 200 | G10: 200 | H10: 1000000 | I10: 301 | J10: 金创药(小量) | K10: 40 | L10: 1000000 | M10: 301 | N10: 金创药(小量) | O10: 40 | P10: 500000 | Q10: 301 | R10: 金创药(小量) | S10: 20 | V10: 0 | W10: 0 | X10: 1000000 | Y10: 321 | Z10: 魔法药(小量) | AA10: 40 | AB10: 500000 | AC10: 321 | AD10: 魔法药(小量) | AE10: 20 | AH10: 0 | AI10: 0 | AL10: 0 | AM10: 0 | AP10: 0 | AQ10: 0 | AR10: 50000 | AS10: 99940002 | AT10: 小手镯 | AU10: 25 | AV10: 50000 | AW10: 99930002 | AX10: 玻璃戒指 | AY10: 20 | AZ10: 50000 | BA10: 99930003 | BB10: 六角戒指 | BC10: 20 | BD10: 50000 | BE10: 99940017 | BF10: 皮制手套 | BG10: 37.5 | BH10: 50000 | BI10: 99940003 | BJ10: 银手镯 | BK10: 37.5 | BN10: 0 | BO10: 0 | BR10: 0 | BS10: 0 | BT10: 80000 | BU10: 99980113 | BV10: 布衣 | BW10: 4.8 | BX10: 80000 | BY10: 99980113 | BZ10: 布衣 | CA10: 4.8 | CB10: 80000 | CC10: 99900001 | CD10: 木剑 | CE10: 2 | CF10: 80000 | CG10: 99900002 | CH10: 匕首 | CI10: 20 | CL10: 0 | CM10: 0 | CN10: 80000 | CO10: 99920001 | CP10: 金项链 | CQ10: 20 | CR10: 80000 | CS10: 99930001 | CT10: 古铜戒指 | CU10: 20 | CV10: 80000 | CW10: 99940001 | CX10: 铁手镯 | CY10: 32 | CZ10: 80000 | DA10: 99920002 | DB10: 传统项链 | DC10: 40 | DF10: 0 | DG10: 0 | DJ10: 0 | DK10: 0 | DN10: 0 | DO10: 0 | DR10: 0 | DS10: 0 | DV10: 0 | DW10: 0 | DZ10: 0 | EA10: 0 | ED10: 0 | EE10: 0 | EH10: 0 | EI10: 0 | EL10: 0 | EM10: 0 | EP10: 0 | EQ10: 0 | ET10: 0 | EU10: 0 | EX10: 0 | EY10: 0 | FB10: 0 | FC10: 0 | FF10: 0 | FG10: 0 | FJ10: 0 | FK10: 0 | FN10: 0 | FO10: 0 | FR10: 0 | FS10: 0 | FV10: 0 | FW10: 0 | FZ10: 0 | GA10: 0 | GD10: 0 | GE10: 0 | GH10: 0 | GI10: 0 | GL10: 0 | GM10: 0 | GP10: 0 | GQ10: 0 | GT10: 0 | GU10: 0 | GX10: 0 | GY10: 0 | HB10: 0 | HC10: 0 | HF10: 0 | HG10: 0 | HJ10: 0 | HK10: 0 | HN10: 0 | HO10: 0 | HR10: 0 | HS10: 0 | HV10: 0 | HW10: 0 | HZ10: 0 | IA10: 0 | ID10: 0 | IE10: 0 | IH10: 0 | II10: 0 | IL10: 0 | IM10: 0 | IP10: 0 | IQ10: 0 | IT10: 0 | IU10: 0 | IX10: 0 | IY10: 0 | JB10: 0 | JC10: 0 | JF10: 0 | JG10: 0 | JJ10: 0 | JK10: 0 | JN10: 0 | JO10: 0 | JR10: 0 | JS10: 0 | JV10: 0 | JW10: 0 | JZ10: 0 | KA10: 0 | KD10: 0 | KE10: 0 | KH10: 0 | KI10: 0 | KL10: 0 | KM10: 0 | KP10: 0 | KQ10: 0 | KT10: 0 | KU10: 0 | KX10: 0 | KY10: 0 | LB10: 0 | LC10: 0 | LF10: 0 | LG10: 0 | LJ10: 0 | LK10: 0 | LN10: 0 | LO10: 0 | LR10: 0 | LS10: 0 | LV10: 0 | LW10: 0 | LZ10: 0 | MA10: 0 | MD10: 0 | ME10: 0 | MH10: 0 | MI10: 0 | ML10: 0 | MM10: 0 | MP10: 0 | MQ10: 0 | MT10: 0 | MU10: 0 | MX10: 0 | MY10: 0 | NB10: 0 | NC10: 0 | NF10: 0 | NG10: 0 | NJ10: 0 | NK10: 0 | NN10: 0 | NO10: 0 | NR10: 0 | NS10: 0 | NV10: 0 | NW10: 0 | NZ10: 0 | OA10: 0 | OD10: 0 | OE10: 0 | OH10: 0 | OI10: 0 | OL10: 0 | OM10: 0 | OP10: 0 | OQ10: 0 | OT10: 0 | OU10: 0 | OX10: 0 | OY10: 0 | PB10: 0 | PC10: 0 | PF10: 0 | PG10: 0 | PJ10: 0 | PK10: 0 | PN10: 0 | PO10: 0 | PR10: 0 | PS10: 0 | PV10: 0 | PW10: 0 | PZ10: 0 | QA10: 0 | QD10: 0 | QE10: 0 | QH10: 0 | QI10: 0 | QL10: 0 | QM10: 0 | QP10: 0 | QQ10: 0 | QT10: 0 | QU10: 0 | QX10: 0 | QY10: 0 | RB10: 0 | RC10: 0 | RF10: 0 | RG10: 0 | RJ10: 0 | RK10: 0 | RN10: 0 | RO10: 0 | RR10: 0 | RS10: 0 | RV10: 0 | RW10: 0 | RZ10: 0 | SA10: 0 | SD10: 0 | SE10: 0 | SH10: 0 | SI10: 0 | SL10: 0 | SM10: 0 | SP10: 0 | SQ10: 0 | ST10: 0 | SU10: =ROUND(SR10/1000000*IF(SS10=0,0,VLOOKUP(SS10,名称和价格索引!$A$4:$C$834,3,FALSE)),1) -> 0 | SV10: {=SUM(VLOOKUP(D10,D10:SU10,ROW($1:$128)*4,0))} -> 643.6
A11: 钉耙猫 九命 | B11: 边界村 | C11: 839 | D11: 1000000 | E11: 200200 | F11: 200 | G11: 200 | H11: 1000000 | I11: 301 | J11: 金创药(小量) | K11: 40 | L11: 1000000 | M11: 301 | N11: 金创药(小量) | O11: 40 | P11: 500000 | Q11: 301 | R11: 金创药(小量) | S11: 20 | V11: 0 | W11: 0 | X11: 1000000 | Y11: 321 | Z11: 魔法药(小量) | AA11: 40 | AB11: 500000 | AC11: 321 | AD11: 魔法药(小量) | AE11: 20 | AH11: 0 | AI11: 0 | AL11: 0 | AM11: 0 | AP11: 0 | AQ11: 0 | AR11: 50000 | AS11: 99940002 | AT11: 小手镯 | AU11: 25 | AV11: 50000 | AW11: 99930002 | AX11: 玻璃戒指 | AY11: 20 | AZ11: 50000 | BA11: 99930003 | BB11: 六角戒指 | BC11: 20 | BD11: 50000 | BE11: 99940017 | BF11: 皮制手套 | BG11: 37.5 | BH11: 50000 | BI11: 99940003 | BJ11: 银手镯 | BK11: 37.5 | BN11: 0 | BO11: 0 | BR11: 0 | BS11: 0 | BT11: 80000 | BU11: 99980113 | BV11: 布衣 | BW11: 4.8 | BX11: 80000 | BY11: 99980113 | BZ11: 布衣 | CA11: 4.8 | CB11: 80000 | CC11: 99900001 | CD11: 木剑 | CE11: 2 | CF11: 80000 | CG11: 99900002 | CH11: 匕首 | CI11: 20 | CL11: 0 | CM11: 0 | CN11: 80000 | CO11: 99920001 | CP11: 金项链 | CQ11: 20 | CR11: 80000 | CS11: 99930001 | CT11: 古铜戒指 | CU11: 20 | CV11: 80000 | CW11: 99940001 | CX11: 铁手镯 | CY11: 32 | CZ11: 80000 | DA11: 99920002 | DB11: 传统项链 | DC11: 40 | DF11: 0 | DG11: 0 | DJ11: 0 | DK11: 0 | DN11: 0 | DO11: 0 | DR11: 0 | DS11: 0 | DV11: 0 | DW11: 0 | DZ11: 0 | EA11: 0 | ED11: 0 | EE11: 0 | EH11: 0 | EI11: 0 | EL11: 0 | EM11: 0 | EP11: 0 | EQ11: 0 | ET11: 0 | EU11: 0 | EX11: 0 | EY11: 0 | FB11: 0 | FC11: 0 | FF11: 0 | FG11: 0 | FJ11: 0 | FK11: 0 | FN11: 0 | FO11: 0 | FR11: 0 | FS11: 0 | FV11: 0 | FW11: 0 | FZ11: 0 | GA11: 0 | GD11: 0 | GE11: 0 | GH11: 0 | GI11: 0 | GL11: 0 | GM11: 0 | GP11: 0 | GQ11: 0 | GT11: 0 | GU11: 0 | GX11: 0 | GY11: 0 | HB11: 0 | HC11: 0 | HF11: 0 | HG11: 0 | HJ11: 0 | HK11: 0 | HN11: 0 | HO11: 0 | HR11: 0 | HS11: 0 | HV11: 0 | HW11: 0 | HZ11: 0 | IA11: 0 | ID11: 0 | IE11: 0 | IH11: 0 | II11: 0 | IL11: 0 | IM11: 0 | IP11: 0 | IQ11: 0 | IT11: 0 | IU11: 0 | IX11: 0 | IY11: 0 | JB11: 0 | JC11: 0 | JF11: 0 | JG11: 0 | JJ11: 0 | JK11: 0 | JN11: 0 | JO11: 0 | JR11: 0 | JS11: 0 | JV11: 0 | JW11: 0 | JZ11: 0 | KA11: 0 | KD11: 0 | KE11: 0 | KH11: 0 | KI11: 0 | KL11: 0 | KM11: 0 | KP11: 0 | KQ11: 0 | KT11: 0 | KU11: 0 | KX11: 0 | KY11: 0 | LB11: 0 | LC11: 0 | LF11: 0 | LG11: 0 | LJ11: 0 | LK11: 0 | LN11: 0 | LO11: 0 | LR11: 0 | LS11: 0 | LV11: 0 | LW11: 0 | LZ11: 0 | MA11: 0 | MD11: 0 | ME11: 0 | MH11: 0 | MI11: 0 | ML11: 0 | MM11: 0 | MP11: 0 | MQ11: 0 | MT11: 0 | MU11: 0 | MX11: 0 | MY11: 0 | NB11: 0 | NC11: 0 | NF11: 0 | NG11: 0 | NJ11: 0 | NK11: 0 | NN11: 0 | NO11: 0 | NR11: 0 | NS11: 0 | NV11: 0 | NW11: 0 | NZ11: 0 | OA11: 0 | OD11: 0 | OE11: 0 | OH11: 0 | OI11: 0 | OL11: 0 | OM11: 0 | OP11: 0 | OQ11: 0 | OT11: 0 | OU11: 0 | OX11: 0 | OY11: 0 | PB11: 0 | PC11: 0 | PF11: 0 | PG11: 0 | PJ11: 0 | PK11: 0 | PN11: 0 | PO11: 0 | PR11: 0 | PS11: 0 | PV11: 0 | PW11: 0 | PZ11: 0 | QA11: 0 | QD11: 0 | QE11: 0 | QH11: 0 | QI11: 0 | QL11: 0 | QM11: 0 | QP11: 0 | QQ11: 0 | QT11: 0 | QU11: 0 | QX11: 0 | QY11: 0 | RB11: 0 | RC11: 0 | RF11: 0 | RG11: 0 | RJ11: 0 | RK11: 0 | RN11: 0 | RO11: 0 | RR11: 0 | RS11: 0 | RV11: 0 | RW11: 0 | RZ11: 0 | SA11: 0 | SD11: 0 | SE11: 0 | SH11: 0 | SI11: 0 | SL11: 0 | SM11: 0 | SP11: 0 | SQ11: 0 | ST11: 0 | SU11: =ROUND(SR11/1000000*IF(SS11=0,0,VLOOKUP(SS11,名称和价格索引!$A$4:$C$834,3,FALSE)),1) -> 0 | SV11: {=SUM(VLOOKUP(D11,D11:SU11,ROW($1:$128)*4,0))} -> 643.6
A12: 兵俑 铁皮 | B12: 边界村 | C12: 841 | D12: 1000000 | E12: 200200 | F12: 200 | G12: 200 | H12: 1000000 | I12: 301 | J12: 金创药(小量) | K12: 40 | L12: 1000000 | M12: 301 | N12: 金创药(小量) | O12: 40 | P12: 500000 | Q12: 301 | R12: 金创药(小量) | S12: 20 | V12: 0 | W12: 0 | X12: 1000000 | Y12: 321 | Z12: 魔法药(小量) | AA12: 40 | AB12: 500000 | AC12: 321 | AD12: 魔法药(小量) | AE12: 20 | AH12: 0 | AI12: 0 | AL12: 0 | AM12: 0 | AP12: 0 | AQ12: 0 | AR12: 50000 | AS12: 99940002 | AT12: 小手镯 | AU12: 25 | AV12: 50000 | AW12: 99930002 | AX12: 玻璃戒指 | AY12: 20 | AZ12: 50000 | BA12: 99930003 | BB12: 六角戒指 | BC12: 20 | BD12: 50000 | BE12: 99940017 | BF12: 皮制手套 | BG12: 37.5 | BH12: 50000 | BI12: 99940003 | BJ12: 银手镯 | BK12: 37.5 | BN12: 0 | BO12: 0 | BR12: 0 | BS12: 0 | BT12: 80000 | BU12: 99980113 | BV12: 布衣 | BW12: 4.8 | BX12: 80000 | BY12: 99980113 | BZ12: 布衣 | CA12: 4.8 | CB12: 80000 | CC12: 99900001 | CD12: 木剑 | CE12: 2 | CF12: 80000 | CG12: 99900002 | CH12: 匕首 | CI12: 20 | CL12: 0 | CM12: 0 | CN12: 80000 | CO12: 99920001 | CP12: 金项链 | CQ12: 20 | CR12: 80000 | CS12: 99930001 | CT12: 古铜戒指 | CU12: 20 | CV12: 80000 | CW12: 99940001 | CX12: 铁手镯 | CY12: 32 | CZ12: 80000 | DA12: 99920002 | DB12: 传统项链 | DC12: 40 | DF12: 0 | DG12: 0 | DJ12: 0 | DK12: 0 | DN12: 0 | DO12: 0 | DR12: 0 | DS12: 0 | DV12: 0 | DW12: 0 | DZ12: 0 | EA12: 0 | ED12: 0 | EE12: 0 | EH12: 0 | EI12: 0 | EL12: 0 | EM12: 0 | EP12: 0 | EQ12: 0 | ET12: 0 | EU12: 0 | EX12: 0 | EY12: 0 | FB12: 0 | FC12: 0 | FF12: 0 | FG12: 0 | FJ12: 0 | FK12: 0 | FN12: 0 | FO12: 0 | FR12: 0 | FS12: 0 | FV12: 0 | FW12: 0 | FZ12: 0 | GA12: 0 | GD12: 0 | GE12: 0 | GH12: 0 | GI12: 0 | GL12: 0 | GM12: 0 | GP12: 0 | GQ12: 0 | GT12: 0 | GU12: 0 | GX12: 0 | GY12: 0 | HB12: 0 | HC12: 0 | HF12: 0 | HG12: 0 | HJ12: 0 | HK12: 0 | HN12: 0 | HO12: 0 | HR12: 0 | HS12: 0 | HV12: 0 | HW12: 0 | HZ12: 0 | IA12: 0 | ID12: 0 | IE12: 0 | IH12: 0 | II12: 0 | IL12: 0 | IM12: 0 | IP12: 0 | IQ12: 0 | IT12: 0 | IU12: 0 | IX12: 0 | IY12: 0 | JB12: 0 | JC12: 0 | JF12: 0 | JG12: 0 | JJ12: 0 | JK12: 0 | JN12: 0 | JO12: 0 | JR12: 0 | JS12: 0 | JV12: 0 | JW12: 0 | JZ12: 0 | KA12: 0 | KD12: 0 | KE12: 0 | KH12: 0 | KI12: 0 | KL12: 0 | KM12: 0 | KP12: 0 | KQ12: 0 | KT12: 0 | KU12: 0 | KX12: 0 | KY12: 0 | LB12: 0 | LC12: 0 | LF12: 0 | LG12: 0 | LJ12: 0 | LK12: 0 | LN12: 0 | LO12: 0 | LR12: 0 | LS12: 0 | LV12: 0 | LW12: 0 | LZ12: 0 | MA12: 0 | MD12: 0 | ME12: 0 | MH12: 0 | MI12: 0 | ML12: 0 | MM12: 0 | MP12: 0 | MQ12: 0 | MT12: 0 | MU12: 0 | MX12: 0 | MY12: 0 | NB12: 0 | NC12: 0 | NF12: 0 | NG12: 0 | NJ12: 0 | NK12: 0 | NN12: 0 | NO12: 0 | NR12: 0 | NS12: 0 | NV12: 0 | NW12: 0 | NZ12: 0 | OA12: 0 | OD12: 0 | OE12: 0 | OH12: 0 | OI12: 0 | OL12: 0 | OM12: 0 | OP12: 0 | OQ12: 0 | OT12: 0 | OU12: 0 | OX12: 0 | OY12: 0 | PB12: 0 | PC12: 0 | PF12: 0 | PG12: 0 | PJ12: 0 | PK12: 0 | PN12: 0 | PO12: 0 | PR12: 0 | PS12: 0 | PV12: 0 | PW12: 0 | PZ12: 0 | QA12: 0 | QD12: 0 | QE12: 0 | QH12: 0 | QI12: 0 | QL12: 0 | QM12: 0 | QP12: 0 | QQ12: 0 | QT12: 0 | QU12: 0 | QX12: 0 | QY12: 0 | RB12: 0 | RC12: 0 | RF12: 0 | RG12: 0 | RJ12: 0 | RK12: 0 | RN12: 0 | RO12: 0 | RR12: 0 | RS12: 0 | RV12: 0 | RW12: 0 | RZ12: 0 | SA12: 0 | SD12: 0 | SE12: 0 | SH12: 0 | SI12: 0 | SL12: 0 | SM12: 0 | SP12: 0 | SQ12: 0 | ST12: 0 | SU12: =ROUND(SR12/1000000*IF(SS12=0,0,VLOOKUP(SS12,名称和价格索引!$A$4:$C$834,3,FALSE)),1) -> 0 | SV12: {=SUM(VLOOKUP(D12,D12:SU12,ROW($1:$128)*4,0))} -> 643.6
A13: 稻草人 符命 | B13: 边界村 | C13: 842 | D13: 1000000 | E13: 200200 | F13: 200 | G13: 200 | H13: 1000000 | I13: 301 | J13: 金创药(小量) | K13: 40 | L13: 1000000 | M13: 301 | N13: 金创药(小量) | O13: 40 | P13: 500000 | Q13: 301 | R13: 金创药(小量) | S13: 20 | V13: 0 | W13: 0 | X13: 1000000 | Y13: 321 | Z13: 魔法药(小量) | AA13: 40 | AB13: 500000 | AC13: 321 | AD13: 魔法药(小量) | AE13: 20 | AH13: 0 | AI13: 0 | AL13: 0 | AM13: 0 | AP13: 0 | AQ13: 0 | AR13: 50000 | AS13: 99940002 | AT13: 小手镯 | AU13: 25 | AV13: 50000 | AW13: 99930002 | AX13: 玻璃戒指 | AY13: 20 | AZ13: 50000 | BA13: 99930003 | BB13: 六角戒指 | BC13: 20 | BD13: 50000 | BE13: 99940017 | BF13: 皮制手套 | BG13: 37.5 | BH13: 50000 | BI13: 99940003 | BJ13: 银手镯 | BK13: 37.5 | BN13: 0 | BO13: 0 | BR13: 0 | BS13: 0 | BT13: 80000 | BU13: 99980113 | BV13: 布衣 | BW13: 4.8 | BX13: 80000 | BY13: 99980113 | BZ13: 布衣 | CA13: 4.8 | CB13: 80000 | CC13: 99900001 | CD13: 木剑 | CE13: 2 | CF13: 80000 | CG13: 99900002 | CH13: 匕首 | CI13: 20 | CL13: 0 | CM13: 0 | CN13: 80000 | CO13: 99920001 | CP13: 金项链 | CQ13: 20 | CR13: 80000 | CS13: 99930001 | CT13: 古铜戒指 | CU13: 20 | CV13: 80000 | CW13: 99940001 | CX13: 铁手镯 | CY13: 32 | CZ13: 80000 | DA13: 99920002 | DB13: 传统项链 | DC13: 40 | DF13: 0 | DG13: 0 | DJ13: 0 | DK13: 0 | DN13: 0 | DO13: 0 | DR13: 0 | DS13: 0 | DV13: 0 | DW13: 0 | DZ13: 0 | EA13: 0 | ED13: 0 | EE13: 0 | EH13: 0 | EI13: 0 | EL13: 0 | EM13: 0 | EP13: 0 | EQ13: 0 | ET13: 0 | EU13: 0 | EX13: 0 | EY13: 0 | FB13: 0 | FC13: 0 | FF13: 0 | FG13: 0 | FJ13: 0 | FK13: 0 | FN13: 0 | FO13: 0 | FR13: 0 | FS13: 0 | FV13: 0 | FW13: 0 | FZ13: 0 | GA13: 0 | GD13: 0 | GE13: 0 | GH13: 0 | GI13: 0 | GL13: 0 | GM13: 0 | GP13: 0 | GQ13: 0 | GT13: 0 | GU13: 0 | GX13: 0 | GY13: 0 | HB13: 0 | HC13: 0 | HF13: 0 | HG13: 0 | HJ13: 0 | HK13: 0 | HN13: 0 | HO13: 0 | HR13: 0 | HS13: 0 | HV13: 0 | HW13: 0 | HZ13: 0 | IA13: 0 | ID13: 0 | IE13: 0 | IH13: 0 | II13: 0 | IL13: 0 | IM13: 0 | IP13: 0 | IQ13: 0 | IT13: 0 | IU13: 0 | IX13: 0 | IY13: 0 | JB13: 0 | JC13: 0 | JF13: 0 | JG13: 0 | JJ13: 0 | JK13: 0 | JN13: 0 | JO13: 0 | JR13: 0 | JS13: 0 | JV13: 0 | JW13: 0 | JZ13: 0 | KA13: 0 | KD13: 0 | KE13: 0 | KH13: 0 | KI13: 0 | KL13: 0 | KM13: 0 | KP13: 0 | KQ13: 0 | KT13: 0 | KU13: 0 | KX13: 0 | KY13: 0 | LB13: 0 | LC13: 0 | LF13: 0 | LG13: 0 | LJ13: 0 | LK13: 0 | LN13: 0 | LO13: 0 | LR13: 0 | LS13: 0 | LV13: 0 | LW13: 0 | LZ13: 0 | MA13: 0 | MD13: 0 | ME13: 0 | MH13: 0 | MI13: 0 | ML13: 0 | MM13: 0 | MP13: 0 | MQ13: 0 | MT13: 0 | MU13: 0 | MX13: 0 | MY13: 0 | NB13: 0 | NC13: 0 | NF13: 0 | NG13: 0 | NJ13: 0 | NK13: 0 | NN13: 0 | NO13: 0 | NR13: 0 | NS13: 0 | NV13: 0 | NW13: 0 | NZ13: 0 | OA13: 0 | OD13: 0 | OE13: 0 | OH13: 0 | OI13: 0 | OL13: 0 | OM13: 0 | OP13: 0 | OQ13: 0 | OT13: 0 | OU13: 0 | OX13: 0 | OY13: 0 | PB13: 0 | PC13: 0 | PF13: 0 | PG13: 0 | PJ13: 0 | PK13: 0 | PN13: 0 | PO13: 0 | PR13: 0 | PS13: 0 | PV13: 0 | PW13: 0 | PZ13: 0 | QA13: 0 | QD13: 0 | QE13: 0 | QH13: 0 | QI13: 0 | QL13: 0 | QM13: 0 | QP13: 0 | QQ13: 0 | QT13: 0 | QU13: 0 | QX13: 0 | QY13: 0 | RB13: 0 | RC13: 0 | RF13: 0 | RG13: 0 | RJ13: 0 | RK13: 0 | RN13: 0 | RO13: 0 | RR13: 0 | RS13: 0 | RV13: 0 | RW13: 0 | RZ13: 0 | SA13: 0 | SD13: 0 | SE13: 0 | SH13: 0 | SI13: 0 | SL13: 0 | SM13: 0 | SP13: 0 | SQ13: 0 | ST13: 0 | SU13: =ROUND(SR13/1000000*IF(SS13=0,0,VLOOKUP(SS13,名称和价格索引!$A$4:$C$834,3,FALSE)),1) -> 0 | SV13: {=SUM(VLOOKUP(D13,D13:SU13,ROW($1:$128)*4,0))} -> 643.6
A14: 稻草人 巧魔 | B14: 边界村 | C14: 845 | D14: 1000000 | E14: 200200 | F14: 200 | G14: 200 | H14: 1000000 | I14: 301 | J14: 金创药(小量) | K14: 40 | L14: 1000000 | M14: 301 | N14: 金创药(小量) | O14: 40 | P14: 500000 | Q14: 301 | R14: 金创药(小量) | S14: 20 | V14: 0 | W14: 0 | X14: 1000000 | Y14: 321 | Z14: 魔法药(小量) | AA14: 40 | AB14: 500000 | AC14: 321 | AD14: 魔法药(小量) | AE14: 20 | AH14: 0 | AI14: 0 | AL14: 0 | AM14: 0 | AP14: 0 | AQ14: 0 | AR14: 50000 | AS14: 99940002 | AT14: 小手镯 | AU14: 25 | AV14: 50000 | AW14: 99930002 | AX14: 玻璃戒指 | AY14: 20 | AZ14: 50000 | BA14: 99930003 | BB14: 六角戒指 | BC14: 20 | BD14: 50000 | BE14: 99940017 | BF14: 皮制手套 | BG14: 37.5 | BH14: 50000 | BI14: 99940003 | BJ14: 银手镯 | BK14: 37.5 | BN14: 0 | BO14: 0 | BR14: 0 | BS14: 0 | BT14: 80000 | BU14: 99980113 | BV14: 布衣 | BW14: 4.8 | BX14: 80000 | BY14: 99980113 | BZ14: 布衣 | CA14: 4.8 | CB14: 80000 | CC14: 99900001 | CD14: 木剑 | CE14: 2 | CF14: 80000 | CG14: 99900002 | CH14: 匕首 | CI14: 20 | CL14: 0 | CM14: 0 | CN14: 80000 | CO14: 99920001 | CP14: 金项链 | CQ14: 20 | CR14: 80000 | CS14: 99930001 | CT14: 古铜戒指 | CU14: 20 | CV14: 80000 | CW14: 99940001 | CX14: 铁手镯 | CY14: 32 | CZ14: 80000 | DA14: 99920002 | DB14: 传统项链 | DC14: 40 | DF14: 0 | DG14: 0 | DJ14: 0 | DK14: 0 | DN14: 0 | DO14: 0 | DR14: 0 | DS14: 0 | DV14: 0 | DW14: 0 | DZ14: 0 | EA14: 0 | ED14: 0 | EE14: 0 | EH14: 0 | EI14: 0 | EL14: 0 | EM14: 0 | EP14: 0 | EQ14: 0 | ET14: 0 | EU14: 0 | EX14: 0 | EY14: 0 | FB14: 0 | FC14: 0 | FF14: 0 | FG14: 0 | FJ14: 0 | FK14: 0 | FN14: 0 | FO14: 0 | FR14: 0 | FS14: 0 | FV14: 0 | FW14: 0 | FZ14: 0 | GA14: 0 | GD14: 0 | GE14: 0 | GH14: 0 | GI14: 0 | GL14: 0 | GM14: 0 | GP14: 0 | GQ14: 0 | GT14: 0 | GU14: 0 | GX14: 0 | GY14: 0 | HB14: 0 | HC14: 0 | HF14: 0 | HG14: 0 | HJ14: 0 | HK14: 0 | HN14: 0 | HO14: 0 | HR14: 0 | HS14: 0 | HV14: 0 | HW14: 0 | HZ14: 0 | IA14: 0 | ID14: 0 | IE14: 0 | IH14: 0 | II14: 0 | IL14: 0 | IM14: 0 | IP14: 0 | IQ14: 0 | IT14: 0 | IU14: 0 | IX14: 0 | IY14: 0 | JB14: 0 | JC14: 0 | JF14: 0 | JG14: 0 | JJ14: 0 | JK14: 0 | JN14: 0 | JO14: 0 | JR14: 0 | JS14: 0 | JV14: 0 | JW14: 0 | JZ14: 0 | KA14: 0 | KD14: 0 | KE14: 0 | KH14: 0 | KI14: 0 | KL14: 0 | KM14: 0 | KP14: 0 | KQ14: 0 | KT14: 0 | KU14: 0 | KX14: 0 | KY14: 0 | LB14: 0 | LC14: 0 | LF14: 0 | LG14: 0 | LJ14: 0 | LK14: 0 | LN14: 0 | LO14: 0 | LR14: 0 | LS14: 0 | LV14: 0 | LW14: 0 | LZ14: 0 | MA14: 0 | MD14: 0 | ME14: 0 | MH14: 0 | MI14: 0 | ML14: 0 | MM14: 0 | MP14: 0 | MQ14: 0 | MT14: 0 | MU14: 0 | MX14: 0 | MY14: 0 | NB14: 0 | NC14: 0 | NF14: 0 | NG14: 0 | NJ14: 0 | NK14: 0 | NN14: 0 | NO14: 0 | NR14: 0 | NS14: 0 | NV14: 0 | NW14: 0 | NZ14: 0 | OA14: 0 | OD14: 0 | OE14: 0 | OH14: 0 | OI14: 0 | OL14: 0 | OM14: 0 | OP14: 0 | OQ14: 0 | OT14: 0 | OU14: 0 | OX14: 0 | OY14: 0 | PB14: 0 | PC14: 0 | PF14: 0 | PG14: 0 | PJ14: 0 | PK14: 0 | PN14: 0 | PO14: 0 | PR14: 0 | PS14: 0 | PV14: 0 | PW14: 0 | PZ14: 0 | QA14: 0 | QD14: 0 | QE14: 0 | QH14: 0 | QI14: 0 | QL14: 0 | QM14: 0 | QP14: 0 | QQ14: 0 | QT14: 0 | QU14: 0 | QX14: 0 | QY14: 0 | RB14: 0 | RC14: 0 | RF14: 0 | RG14: 0 | RJ14: 0 | RK14: 0 | RN14: 0 | RO14: 0 | RR14: 0 | RS14: 0 | RV14: 0 | RW14: 0 | RZ14: 0 | SA14: 0 | SD14: 0 | SE14: 0 | SH14: 0 | SI14: 0 | SL14: 0 | SM14: 0 | SP14: 0 | SQ14: 0 | ST14: 0 | SU14: =ROUND(SR14/1000000*IF(SS14=0,0,VLOOKUP(SS14,名称和价格索引!$A$4:$C$834,3,FALSE)),1) -> 0 | SV14: {=SUM(VLOOKUP(D14,D14:SU14,ROW($1:$128)*4,0))} -> 643.6
A15: 稻草人 魂十五 | B15: 边界村 | C15: 848 | D15: 1000000 | E15: 200200 | F15: 200 | G15: 200 | H15: 1000000 | I15: 301 | J15: 金创药(小量) | K15: 40 | L15: 1000000 | M15: 301 | N15: 金创药(小量) | O15: 40 | P15: 500000 | Q15: 301 | R15: 金创药(小量) | S15: 20 | V15: 0 | W15: 0 | X15: 1000000 | Y15: 321 | Z15: 魔法药(小量) | AA15: 40 | AB15: 500000 | AC15: 321 | AD15: 魔法药(小量) | AE15: 20 | AH15: 0 | AI15: 0 | AL15: 0 | AM15: 0 | AP15: 0 | AQ15: 0 | AR15: 50000 | AS15: 99940002 | AT15: 小手镯 | AU15: 25 | AV15: 50000 | AW15: 99930002 | AX15: 玻璃戒指 | AY15: 20 | AZ15: 50000 | BA15: 99930003 | BB15: 六角戒指 | BC15: 20 | BD15: 50000 | BE15: 99940017 | BF15: 皮制手套 | BG15: 37.5 | BH15: 50000 | BI15: 99940003 | BJ15: 银手镯 | BK15: 37.5 | BN15: 0 | BO15: 0 | BR15: 0 | BS15: 0 | BT15: 80000 | BU15: 99980113 | BV15: 布衣 | BW15: 4.8 | BX15: 80000 | BY15: 99980113 | BZ15: 布衣 | CA15: 4.8 | CB15: 80000 | CC15: 99900001 | CD15: 木剑 | CE15: 2 | CF15: 80000 | CG15: 99900002 | CH15: 匕首 | CI15: 20 | CL15: 0 | CM15: 0 | CN15: 80000 | CO15: 99920001 | CP15: 金项链 | CQ15: 20 | CR15: 80000 | CS15: 99930001 | CT15: 古铜戒指 | CU15: 20 | CV15: 80000 | CW15: 99940001 | CX15: 铁手镯 | CY15: 32 | CZ15: 80000 | DA15: 99920002 | DB15: 传统项链 | DC15: 40 | DF15: 0 | DG15: 0 | DJ15: 0 | DK15: 0 | DN15: 0 | DO15: 0 | DR15: 0 | DS15: 0 | DV15: 0 | DW15: 0 | DZ15: 0 | EA15: 0 | ED15: 0 | EE15: 0 | EH15: 0 | EI15: 0 | EL15: 0 | EM15: 0 | EP15: 0 | EQ15: 0 | ET15: 0 | EU15: 0 | EX15: 0 | EY15: 0 | FB15: 0 | FC15: 0 | FF15: 0 | FG15: 0 | FJ15: 0 | FK15: 0 | FN15: 0 | FO15: 0 | FR15: 0 | FS15: 0 | FV15: 0 | FW15: 0 | FZ15: 0 | GA15: 0 | GD15: 0 | GE15: 0 | GH15: 0 | GI15: 0 | GL15: 0 | GM15: 0 | GP15: 0 | GQ15: 0 | GT15: 0 | GU15: 0 | GX15: 0 | GY15: 0 | HB15: 0 | HC15: 0 | HF15: 0 | HG15: 0 | HJ15: 0 | HK15: 0 | HN15: 0 | HO15: 0 | HR15: 0 | HS15: 0 | HV15: 0 | HW15: 0 | HZ15: 0 | IA15: 0 | ID15: 0 | IE15: 0 | IH15: 0 | II15: 0 | IL15: 0 | IM15: 0 | IP15: 0 | IQ15: 0 | IT15: 0 | IU15: 0 | IX15: 0 | IY15: 0 | JB15: 0 | JC15: 0 | JF15: 0 | JG15: 0 | JJ15: 0 | JK15: 0 | JN15: 0 | JO15: 0 | JR15: 0 | JS15: 0 | JV15: 0 | JW15: 0 | JZ15: 0 | KA15: 0 | KD15: 0 | KE15: 0 | KH15: 0 | KI15: 0 | KL15: 0 | KM15: 0 | KP15: 0 | KQ15: 0 | KT15: 0 | KU15: 0 | KX15: 0 | KY15: 0 | LB15: 0 | LC15: 0 | LF15: 0 | LG15: 0 | LJ15: 0 | LK15: 0 | LN15: 0 | LO15: 0 | LR15: 0 | LS15: 0 | LV15: 0 | LW15: 0 | LZ15: 0 | MA15: 0 | MD15: 0 | ME15: 0 | MH15: 0 | MI15: 0 | ML15: 0 | MM15: 0 | MP15: 0 | MQ15: 0 | MT15: 0 | MU15: 0 | MX15: 0 | MY15: 0 | NB15: 0 | NC15: 0 | NF15: 0 | NG15: 0 | NJ15: 0 | NK15: 0 | NN15: 0 | NO15: 0 | NR15: 0 | NS15: 0 | NV15: 0 | NW15: 0 | NZ15: 0 | OA15: 0 | OD15: 0 | OE15: 0 | OH15: 0 | OI15: 0 | OL15: 0 | OM15: 0 | OP15: 0 | OQ15: 0 | OT15: 0 | OU15: 0 | OX15: 0 | OY15: 0 | PB15: 0 | PC15: 0 | PF15: 0 | PG15: 0 | PJ15: 0 | PK15: 0 | PN15: 0 | PO15: 0 | PR15: 0 | PS15: 0 | PV15: 0 | PW15: 0 | PZ15: 0 | QA15: 0 | QD15: 0 | QE15: 0 | QH15: 0 | QI15: 0 | QL15: 0 | QM15: 0 | QP15: 0 | QQ15: 0 | QT15: 0 | QU15: 0 | QX15: 0 | QY15: 0 | RB15: 0 | RC15: 0 | RF15: 0 | RG15: 0 | RJ15: 0 | RK15: 0 | RN15: 0 | RO15: 0 | RR15: 0 | RS15: 0 | RV15: 0 | RW15: 0 | RZ15: 0 | SA15: 0 | SD15: 0 | SE15: 0 | SH15: 0 | SI15: 0 | SL15: 0 | SM15: 0 | SP15: 0 | SQ15: 0 | ST15: 0 | SU15: =ROUND(SR15/1000000*IF(SS15=0,0,VLOOKUP(SS15,名称和价格索引!$A$4:$C$834,3,FALSE)),1) -> 0 | SV15: {=SUM(VLOOKUP(D15,D15:SU15,ROW($1:$128)*4,0))} -> 643.6
A16: 钉耙猫 稻田偷儿 | B16: 边界村 | C16: 843 | D16: 1000000 | E16: 200200 | F16: 200 | G16: 200 | H16: 1000000 | I16: 301 | J16: 金创药(小量) | K16: 40 | L16: 1000000 | M16: 301 | N16: 金创药(小量) | O16: 40 | P16: 500000 | Q16: 301 | R16: 金创药(小量) | S16: 20 | V16: 0 | W16: 0 | X16: 1000000 | Y16: 321 | Z16: 魔法药(小量) | AA16: 40 | AB16: 500000 | AC16: 321 | AD16: 魔法药(小量) | AE16: 20 | AH16: 0 | AI16: 0 | AL16: 0 | AM16: 0 | AP16: 0 | AQ16: 0 | AR16: 50000 | AS16: 99940002 | AT16: 小手镯 | AU16: 25 | AV16: 50000 | AW16: 99930002 | AX16: 玻璃戒指 | AY16: 20 | AZ16: 50000 | BA16: 99930003 | BB16: 六角戒指 | BC16: 20 | BD16: 50000 | BE16: 99940017 | BF16: 皮制手套 | BG16: 37.5 | BH16: 50000 | BI16: 99940003 | BJ16: 银手镯 | BK16: 37.5 | BN16: 0 | BO16: 0 | BR16: 0 | BS16: 0 | BT16: 80000 | BU16: 99980113 | BV16: 布衣 | BW16: 4.8 | BX16: 80000 | BY16: 99980113 | BZ16: 布衣 | CA16: 4.8 | CB16: 80000 | CC16: 99900001 | CD16: 木剑 | CE16: 2 | CF16: 80000 | CG16: 99900002 | CH16: 匕首 | CI16: 20 | CL16: 0 | CM16: 0 | CN16: 80000 | CO16: 99920001 | CP16: 金项链 | CQ16: 20 | CR16: 80000 | CS16: 99930001 | CT16: 古铜戒指 | CU16: 20 | CV16: 80000 | CW16: 99940001 | CX16: 铁手镯 | CY16: 32 | CZ16: 80000 | DA16: 99920002 | DB16: 传统项链 | DC16: 40 | DF16: 0 | DG16: 0 | DJ16: 0 | DK16: 0 | DN16: 0 | DO16: 0 | DR16: 0 | DS16: 0 | DV16: 0 | DW16: 0 | DZ16: 0 | EA16: 0 | ED16: 0 | EE16: 0 | EH16: 0 | EI16: 0 | EL16: 0 | EM16: 0 | EP16: 0 | EQ16: 0 | ET16: 0 | EU16: 0 | EX16: 0 | EY16: 0 | FB16: 0 | FC16: 0 | FF16: 0 | FG16: 0 | FJ16: 0 | FK16: 0 | FN16: 0 | FO16: 0 | FR16: 0 | FS16: 0 | FV16: 0 | FW16: 0 | FZ16: 0 | GA16: 0 | GD16: 0 | GE16: 0 | GH16: 0 | GI16: 0 | GL16: 0 | GM16: 0 | GP16: 0 | GQ16: 0 | GT16: 0 | GU16: 0 | GX16: 0 | GY16: 0 | HB16: 0 | HC16: 0 | HF16: 0 | HG16: 0 | HJ16: 0 | HK16: 0 | HN16: 0 | HO16: 0 | HR16: 0 | HS16: 0 | HV16: 0 | HW16: 0 | HZ16: 0 | IA16: 0 | ID16: 0 | IE16: 0 | IH16: 0 | II16: 0 | IL16: 0 | IM16: 0 | IP16: 0 | IQ16: 0 | IT16: 0 | IU16: 0 | IX16: 0 | IY16: 0 | JB16: 0 | JC16: 0 | JF16: 0 | JG16: 0 | JJ16: 0 | JK16: 0 | JN16: 0 | JO16: 0 | JR16: 0 | JS16: 0 | JV16: 0 | JW16: 0 | JZ16: 0 | KA16: 0 | KD16: 0 | KE16: 0 | KH16: 0 | KI16: 0 | KL16: 0 | KM16: 0 | KP16: 0 | KQ16: 0 | KT16: 0 | KU16: 0 | KX16: 0 | KY16: 0 | LB16: 0 | LC16: 0 | LF16: 0 | LG16: 0 | LJ16: 0 | LK16: 0 | LN16: 0 | LO16: 0 | LR16: 0 | LS16: 0 | LV16: 0 | LW16: 0 | LZ16: 0 | MA16: 0 | MD16: 0 | ME16: 0 | MH16: 0 | MI16: 0 | ML16: 0 | MM16: 0 | MP16: 0 | MQ16: 0 | MT16: 0 | MU16: 0 | MX16: 0 | MY16: 0 | NB16: 0 | NC16: 0 | NF16: 0 | NG16: 0 | NJ16: 0 | NK16: 0 | NN16: 0 | NO16: 0 | NR16: 0 | NS16: 0 | NV16: 0 | NW16: 0 | NZ16: 0 | OA16: 0 | OD16: 0 | OE16: 0 | OH16: 0 | OI16: 0 | OL16: 0 | OM16: 0 | OP16: 0 | OQ16: 0 | OT16: 0 | OU16: 0 | OX16: 0 | OY16: 0 | PB16: 0 | PC16: 0 | PF16: 0 | PG16: 0 | PJ16: 0 | PK16: 0 | PN16: 0 | PO16: 0 | PR16: 0 | PS16: 0 | PV16: 0 | PW16: 0 | PZ16: 0 | QA16: 0 | QD16: 0 | QE16: 0 | QH16: 0 | QI16: 0 | QL16: 0 | QM16: 0 | QP16: 0 | QQ16: 0 | QT16: 0 | QU16: 0 | QX16: 0 | QY16: 0 | RB16: 0 | RC16: 0 | RF16: 0 | RG16: 0 | RJ16: 0 | RK16: 0 | RN16: 0 | RO16: 0 | RR16: 0 | RS16: 0 | RV16: 0 | RW16: 0 | RZ16: 0 | SA16: 0 | SD16: 0 | SE16: 0 | SH16: 0 | SI16: 0 | SL16: 0 | SM16: 0 | SP16: 0 | SQ16: 0 | ST16: 0 | SU16: =ROUND(SR16/1000000*IF(SS16=0,0,VLOOKUP(SS16,名称和价格索引!$A$4:$C$834,3,FALSE)),1) -> 0 | SV16: {=SUM(VLOOKUP(D16,D16:SU16,ROW($1:$128)*4,0))} -> 643.6
A17: 钉耙猫 太子丹 | B17: 边界村 | C17: 846 | D17: 1000000 | E17: 200200 | F17: 200 | G17: 200 | H17: 1000000 | I17: 301 | J17: 金创药(小量) | K17: 40 | L17: 1000000 | M17: 301 | N17: 金创药(小量) | O17: 40 | P17: 500000 | Q17: 301 | R17: 金创药(小量) | S17: 20 | V17: 0 | W17: 0 | X17: 1000000 | Y17: 321 | Z17: 魔法药(小量) | AA17: 40 | AB17: 500000 | AC17: 321 | AD17: 魔法药(小量) | AE17: 20 | AH17: 0 | AI17: 0 | AL17: 0 | AM17: 0 | AP17: 0 | AQ17: 0 | AR17: 50000 | AS17: 99940002 | AT17: 小手镯 | AU17: 25 | AV17: 50000 | AW17: 99930002 | AX17: 玻璃戒指 | AY17: 20 | AZ17: 50000 | BA17: 99930003 | BB17: 六角戒指 | BC17: 20 | BD17: 50000 | BE17: 99940017 | BF17: 皮制手套 | BG17: 37.5 | BH17: 50000 | BI17: 99940003 | BJ17: 银手镯 | BK17: 37.5 | BN17: 0 | BO17: 0 | BR17: 0 | BS17: 0 | BT17: 80000 | BU17: 99980113 | BV17: 布衣 | BW17: 4.8 | BX17: 80000 | BY17: 99980113 | BZ17: 布衣 | CA17: 4.8 | CB17: 80000 | CC17: 99900001 | CD17: 木剑 | CE17: 2 | CF17: 80000 | CG17: 99900002 | CH17: 匕首 | CI17: 20 | CL17: 0 | CM17: 0 | CN17: 80000 | CO17: 99920001 | CP17: 金项链 | CQ17: 20 | CR17: 80000 | CS17: 99930001 | CT17: 古铜戒指 | CU17: 20 | CV17: 80000 | CW17: 99940001 | CX17: 铁手镯 | CY17: 32 | CZ17: 80000 | DA17: 99920002 | DB17: 传统项链 | DC17: 40 | DF17: 0 | DG17: 0 | DJ17: 0 | DK17: 0 | DN17: 0 | DO17: 0 | DR17: 0 | DS17: 0 | DV17: 0 | DW17: 0 | DZ17: 0 | EA17: 0 | ED17: 0 | EE17: 0 | EH17: 0 | EI17: 0 | EL17: 0 | EM17: 0 | EP17: 0 | EQ17: 0 | ET17: 0 | EU17: 0 | EX17: 0 | EY17: 0 | FB17: 0 | FC17: 0 | FF17: 0 | FG17: 0 | FJ17: 0 | FK17: 0 | FN17: 0 | FO17: 0 | FR17: 0 | FS17: 0 | FV17: 0 | FW17: 0 | FZ17: 0 | GA17: 0 | GD17: 0 | GE17: 0 | GH17: 0 | GI17: 0 | GL17: 0 | GM17: 0 | GP17: 0 | GQ17: 0 | GT17: 0 | GU17: 0 | GX17: 0 | GY17: 0 | HB17: 0 | HC17: 0 | HF17: 0 | HG17: 0 | HJ17: 0 | HK17: 0 | HN17: 0 | HO17: 0 | HR17: 0 | HS17: 0 | HV17: 0 | HW17: 0 | HZ17: 0 | IA17: 0 | ID17: 0 | IE17: 0 | IH17: 0 | II17: 0 | IL17: 0 | IM17: 0 | IP17: 0 | IQ17: 0 | IT17: 0 | IU17: 0 | IX17: 0 | IY17: 0 | JB17: 0 | JC17: 0 | JF17: 0 | JG17: 0 | JJ17: 0 | JK17: 0 | JN17: 0 | JO17: 0 | JR17: 0 | JS17: 0 | JV17: 0 | JW17: 0 | JZ17: 0 | KA17: 0 | KD17: 0 | KE17: 0 | KH17: 0 | KI17: 0 | KL17: 0 | KM17: 0 | KP17: 0 | KQ17: 0 | KT17: 0 | KU17: 0 | KX17: 0 | KY17: 0 | LB17: 0 | LC17: 0 | LF17: 0 | LG17: 0 | LJ17: 0 | LK17: 0 | LN17: 0 | LO17: 0 | LR17: 0 | LS17: 0 | LV17: 0 | LW17: 0 | LZ17: 0 | MA17: 0 | MD17: 0 | ME17: 0 | MH17: 0 | MI17: 0 | ML17: 0 | MM17: 0 | MP17: 0 | MQ17: 0 | MT17: 0 | MU17: 0 | MX17: 0 | MY17: 0 | NB17: 0 | NC17: 0 | NF17: 0 | NG17: 0 | NJ17: 0 | NK17: 0 | NN17: 0 | NO17: 0 | NR17: 0 | NS17: 0 | NV17: 0 | NW17: 0 | NZ17: 0 | OA17: 0 | OD17: 0 | OE17: 0 | OH17: 0 | OI17: 0 | OL17: 0 | OM17: 0 | OP17: 0 | OQ17: 0 | OT17: 0 | OU17: 0 | OX17: 0 | OY17: 0 | PB17: 0 | PC17: 0 | PF17: 0 | PG17: 0 | PJ17: 0 | PK17: 0 | PN17: 0 | PO17: 0 | PR17: 0 | PS17: 0 | PV17: 0 | PW17: 0 | PZ17: 0 | QA17: 0 | QD17: 0 | QE17: 0 | QH17: 0 | QI17: 0 | QL17: 0 | QM17: 0 | QP17: 0 | QQ17: 0 | QT17: 0 | QU17: 0 | QX17: 0 | QY17: 0 | RB17: 0 | RC17: 0 | RF17: 0 | RG17: 0 | RJ17: 0 | RK17: 0 | RN17: 0 | RO17: 0 | RR17: 0 | RS17: 0 | RV17: 0 | RW17: 0 | RZ17: 0 | SA17: 0 | SD17: 0 | SE17: 0 | SH17: 0 | SI17: 0 | SL17: 0 | SM17: 0 | SP17: 0 | SQ17: 0 | ST17: 0 | SU17: =ROUND(SR17/1000000*IF(SS17=0,0,VLOOKUP(SS17,名称和价格索引!$A$4:$C$834,3,FALSE)),1) -> 0 | SV17: {=SUM(VLOOKUP(D17,D17:SU17,ROW($1:$128)*4,0))} -> 643.6
A18: 钉耙猫 荒郊强盗 | B18: 边界村 | C18: 849 | D18: 1000000 | E18: 200200 | F18: 200 | G18: 200 | H18: 1000000 | I18: 301 | J18: 金创药(小量) | K18: 40 | L18: 1000000 | M18: 301 | N18: 金创药(小量) | O18: 40 | P18: 500000 | Q18: 301 | R18: 金创药(小量) | S18: 20 | V18: 0 | W18: 0 | X18: 1000000 | Y18: 321 | Z18: 魔法药(小量) | AA18: 40 | AB18: 500000 | AC18: 321 | AD18: 魔法药(小量) | AE18: 20 | AH18: 0 | AI18: 0 | AL18: 0 | AM18: 0 | AP18: 0 | AQ18: 0 | AR18: 50000 | AS18: 99940002 | AT18: 小手镯 | AU18: 25 | AV18: 50000 | AW18: 99930002 | AX18: 玻璃戒指 | AY18: 20 | AZ18: 50000 | BA18: 99930003 | BB18: 六角戒指 | BC18: 20 | BD18: 50000 | BE18: 99940017 | BF18: 皮制手套 | BG18: 37.5 | BH18: 50000 | BI18: 99940003 | BJ18: 银手镯 | BK18: 37.5 | BN18: 0 | BO18: 0 | BR18: 0 | BS18: 0 | BT18: 80000 | BU18: 99980113 | BV18: 布衣 | BW18: 4.8 | BX18: 80000 | BY18: 99980113 | BZ18: 布衣 | CA18: 4.8 | CB18: 80000 | CC18: 99900001 | CD18: 木剑 | CE18: 2 | CF18: 80000 | CG18: 99900002 | CH18: 匕首 | CI18: 20 | CL18: 0 | CM18: 0 | CN18: 80000 | CO18: 99920001 | CP18: 金项链 | CQ18: 20 | CR18: 80000 | CS18: 99930001 | CT18: 古铜戒指 | CU18: 20 | CV18: 80000 | CW18: 99940001 | CX18: 铁手镯 | CY18: 32 | CZ18: 80000 | DA18: 99920002 | DB18: 传统项链 | DC18: 40 | DF18: 0 | DG18: 0 | DJ18: 0 | DK18: 0 | DN18: 0 | DO18: 0 | DR18: 0 | DS18: 0 | DV18: 0 | DW18: 0 | DZ18: 0 | EA18: 0 | ED18: 0 | EE18: 0 | EH18: 0 | EI18: 0 | EL18: 0 | EM18: 0 | EP18: 0 | EQ18: 0 | ET18: 0 | EU18: 0 | EX18: 0 | EY18: 0 | FB18: 0 | FC18: 0 | FF18: 0 | FG18: 0 | FJ18: 0 | FK18: 0 | FN18: 0 | FO18: 0 | FR18: 0 | FS18: 0 | FV18: 0 | FW18: 0 | FZ18: 0 | GA18: 0 | GD18: 0 | GE18: 0 | GH18: 0 | GI18: 0 | GL18: 0 | GM18: 0 | GP18: 0 | GQ18: 0 | GT18: 0 | GU18: 0 | GX18: 0 | GY18: 0 | HB18: 0 | HC18: 0 | HF18: 0 | HG18: 0 | HJ18: 0 | HK18: 0 | HN18: 0 | HO18: 0 | HR18: 0 | HS18: 0 | HV18: 0 | HW18: 0 | HZ18: 0 | IA18: 0 | ID18: 0 | IE18: 0 | IH18: 0 | II18: 0 | IL18: 0 | IM18: 0 | IP18: 0 | IQ18: 0 | IT18: 0 | IU18: 0 | IX18: 0 | IY18: 0 | JB18: 0 | JC18: 0 | JF18: 0 | JG18: 0 | JJ18: 0 | JK18: 0 | JN18: 0 | JO18: 0 | JR18: 0 | JS18: 0 | JV18: 0 | JW18: 0 | JZ18: 0 | KA18: 0 | KD18: 0 | KE18: 0 | KH18: 0 | KI18: 0 | KL18: 0 | KM18: 0 | KP18: 0 | KQ18: 0 | KT18: 0 | KU18: 0 | KX18: 0 | KY18: 0 | LB18: 0 | LC18: 0 | LF18: 0 | LG18: 0 | LJ18: 0 | LK18: 0 | LN18: 0 | LO18: 0 | LR18: 0 | LS18: 0 | LV18: 0 | LW18: 0 | LZ18: 0 | MA18: 0 | MD18: 0 | ME18: 0 | MH18: 0 | MI18: 0 | ML18: 0 | MM18: 0 | MP18: 0 | MQ18: 0 | MT18: 0 | MU18: 0 | MX18: 0 | MY18: 0 | NB18: 0 | NC18: 0 | NF18: 0 | NG18: 0 | NJ18: 0 | NK18: 0 | NN18: 0 | NO18: 0 | NR18: 0 | NS18: 0 | NV18: 0 | NW18: 0 | NZ18: 0 | OA18: 0 | OD18: 0 | OE18: 0 | OH18: 0 | OI18: 0 | OL18: 0 | OM18: 0 | OP18: 0 | OQ18: 0 | OT18: 0 | OU18: 0 | OX18: 0 | OY18: 0 | PB18: 0 | PC18: 0 | PF18: 0 | PG18: 0 | PJ18: 0 | PK18: 0 | PN18: 0 | PO18: 0 | PR18: 0 | PS18: 0 | PV18: 0 | PW18: 0 | PZ18: 0 | QA18: 0 | QD18: 0 | QE18: 0 | QH18: 0 | QI18: 0 | QL18: 0 | QM18: 0 | QP18: 0 | QQ18: 0 | QT18: 0 | QU18: 0 | QX18: 0 | QY18: 0 | RB18: 0 | RC18: 0 | RF18: 0 | RG18: 0 | RJ18: 0 | RK18: 0 | RN18: 0 | RO18: 0 | RR18: 0 | RS18: 0 | RV18: 0 | RW18: 0 | RZ18: 0 | SA18: 0 | SD18: 0 | SE18: 0 | SH18: 0 | SI18: 0 | SL18: 0 | SM18: 0 | SP18: 0 | SQ18: 0 | ST18: 0 | SU18: =ROUND(SR18/1000000*IF(SS18=0,0,VLOOKUP(SS18,名称和价格索引!$A$4:$C$834,3,FALSE)),1) -> 0 | SV18: {=SUM(VLOOKUP(D18,D18:SU18,ROW($1:$128)*4,0))} -> 643.6
A19: 半兽人 保镖 | B19: 边界村 | C19: 844 | D19: 1000000 | E19: 200200 | F19: 200 | G19: 200 | H19: 1000000 | I19: 301 | J19: 金创药(小量) | K19: 40 | L19: 1000000 | M19: 301 | N19: 金创药(小量) | O19: 40 | P19: 500000 | Q19: 301 | R19: 金创药(小量) | S19: 20 | V19: 0 | W19: 0 | X19: 1000000 | Y19: 321 | Z19: 魔法药(小量) | AA19: 40 | AB19: 500000 | AC19: 321 | AD19: 魔法药(小量) | AE19: 20 | AH19: 0 | AI19: 0 | AL19: 0 | AM19: 0 | AP19: 0 | AQ19: 0 | AR19: 50000 | AS19: 99940002 | AT19: 小手镯 | AU19: 25 | AV19: 50000 | AW19: 99930002 | AX19: 玻璃戒指 | AY19: 20 | AZ19: 50000 | BA19: 99930003 | BB19: 六角戒指 | BC19: 20 | BD19: 50000 | BE19: 99940017 | BF19: 皮制手套 | BG19: 37.5 | BH19: 50000 | BI19: 99940003 | BJ19: 银手镯 | BK19: 37.5 | BN19: 0 | BO19: 0 | BR19: 0 | BS19: 0 | BT19: 80000 | BU19: 99980113 | BV19: 布衣 | BW19: 4.8 | BX19: 80000 | BY19: 99980113 | BZ19: 布衣 | CA19: 4.8 | CB19: 80000 | CC19: 99900001 | CD19: 木剑 | CE19: 2 | CF19: 80000 | CG19: 99900002 | CH19: 匕首 | CI19: 20 | CL19: 0 | CM19: 0 | CN19: 80000 | CO19: 99920001 | CP19: 金项链 | CQ19: 20 | CR19: 80000 | CS19: 99930001 | CT19: 古铜戒指 | CU19: 20 | CV19: 80000 | CW19: 99940001 | CX19: 铁手镯 | CY19: 32 | CZ19: 80000 | DA19: 99920002 | DB19: 传统项链 | DC19: 40 | DF19: 0 | DG19: 0 | DJ19: 0 | DK19: 0 | DN19: 0 | DO19: 0 | DR19: 0 | DS19: 0 | DV19: 0 | DW19: 0 | DZ19: 0 | EA19: 0 | ED19: 0 | EE19: 0 | EH19: 0 | EI19: 0 | EL19: 0 | EM19: 0 | EP19: 0 | EQ19: 0 | ET19: 0 | EU19: 0 | EX19: 0 | EY19: 0 | FB19: 0 | FC19: 0 | FF19: 0 | FG19: 0 | FJ19: 0 | FK19: 0 | FN19: 0 | FO19: 0 | FR19: 0 | FS19: 0 | FV19: 0 | FW19: 0 | FZ19: 0 | GA19: 0 | GD19: 0 | GE19: 0 | GH19: 0 | GI19: 0 | GL19: 0 | GM19: 0 | GP19: 0 | GQ19: 0 | GT19: 0 | GU19: 0 | GX19: 0 | GY19: 0 | HB19: 0 | HC19: 0 | HF19: 0 | HG19: 0 | HJ19: 0 | HK19: 0 | HN19: 0 | HO19: 0 | HR19: 0 | HS19: 0 | HV19: 0 | HW19: 0 | HZ19: 0 | IA19: 0 | ID19: 0 | IE19: 0 | IH19: 0 | II19: 0 | IL19: 0 | IM19: 0 | IP19: 0 | IQ19: 0 | IT19: 0 | IU19: 0 | IX19: 0 | IY19: 0 | JB19: 0 | JC19: 0 | JF19: 0 | JG19: 0 | JJ19: 0 | JK19: 0 | JN19: 0 | JO19: 0 | JR19: 0 | JS19: 0 | JV19: 0 | JW19: 0 | JZ19: 0 | KA19: 0 | KD19: 0 | KE19: 0 | KH19: 0 | KI19: 0 | KL19: 0 | KM19: 0 | KP19: 0 | KQ19: 0 | KT19: 0 | KU19: 0 | KX19: 0 | KY19: 0 | LB19: 0 | LC19: 0 | LF19: 0 | LG19: 0 | LJ19: 0 | LK19: 0 | LN19: 0 | LO19: 0 | LR19: 0 | LS19: 0 | LV19: 0 | LW19: 0 | LZ19: 0 | MA19: 0 | MD19: 0 | ME19: 0 | MH19: 0 | MI19: 0 | ML19: 0 | MM19: 0 | MP19: 0 | MQ19: 0 | MT19: 0 | MU19: 0 | MX19: 0 | MY19: 0 | NB19: 0 | NC19: 0 | NF19: 0 | NG19: 0 | NJ19: 0 | NK19: 0 | NN19: 0 | NO19: 0 | NR19: 0 | NS19: 0 | NV19: 0 | NW19: 0 | NZ19: 0 | OA19: 0 | OD19: 0 | OE19: 0 | OH19: 0 | OI19: 0 | OL19: 0 | OM19: 0 | OP19: 0 | OQ19: 0 | OT19: 0 | OU19: 0 | OX19: 0 | OY19: 0 | PB19: 0 | PC19: 0 | PF19: 0 | PG19: 0 | PJ19: 0 | PK19: 0 | PN19: 0 | PO19: 0 | PR19: 0 | PS19: 0 | PV19: 0 | PW19: 0 | PZ19: 0 | QA19: 0 | QD19: 0 | QE19: 0 | QH19: 0 | QI19: 0 | QL19: 0 | QM19: 0 | QP19: 0 | QQ19: 0 | QT19: 0 | QU19: 0 | QX19: 0 | QY19: 0 | RB19: 0 | RC19: 0 | RF19: 0 | RG19: 0 | RJ19: 0 | RK19: 0 | RN19: 0 | RO19: 0 | RR19: 0 | RS19: 0 | RV19: 0 | RW19: 0 | RZ19: 0 | SA19: 0 | SD19: 0 | SE19: 0 | SH19: 0 | SI19: 0 | SL19: 0 | SM19: 0 | SP19: 0 | SQ19: 0 | ST19: 0 | SU19: =ROUND(SR19/1000000*IF(SS19=0,0,VLOOKUP(SS19,名称和价格索引!$A$4:$C$834,3,FALSE)),1) -> 0 | SV19: {=SUM(VLOOKUP(D19,D19:SU19,ROW($1:$128)*4,0))} -> 643.6
A20: 半兽人 红魔 | B20: 边界村 | C20: 847 | D20: 1000000 | E20: 200200 | F20: 200 | G20: 200 | H20: 1000000 | I20: 301 | J20: 金创药(小量) | K20: 40 | L20: 1000000 | M20: 301 | N20: 金创药(小量) | O20: 40 | P20: 500000 | Q20: 301 | R20: 金创药(小量) | S20: 20 | V20: 0 | W20: 0 | X20: 1000000 | Y20: 321 | Z20: 魔法药(小量) | AA20: 40 | AB20: 500000 | AC20: 321 | AD20: 魔法药(小量) | AE20: 20 | AH20: 0 | AI20: 0 | AL20: 0 | AM20: 0 | AP20: 0 | AQ20: 0 | AR20: 50000 | AS20: 99940002 | AT20: 小手镯 | AU20: 25 | AV20: 50000 | AW20: 99930002 | AX20: 玻璃戒指 | AY20: 20 | AZ20: 50000 | BA20: 99930003 | BB20: 六角戒指 | BC20: 20 | BD20: 50000 | BE20: 99940017 | BF20: 皮制手套 | BG20: 37.5 | BH20: 50000 | BI20: 99940003 | BJ20: 银手镯 | BK20: 37.5 | BN20: 0 | BO20: 0 | BR20: 0 | BS20: 0 | BT20: 80000 | BU20: 99980113 | BV20: 布衣 | BW20: 4.8 | BX20: 80000 | BY20: 99980113 | BZ20: 布衣 | CA20: 4.8 | CB20: 80000 | CC20: 99900001 | CD20: 木剑 | CE20: 2 | CF20: 80000 | CG20: 99900002 | CH20: 匕首 | CI20: 20 | CL20: 0 | CM20: 0 | CN20: 80000 | CO20: 99920001 | CP20: 金项链 | CQ20: 20 | CR20: 80000 | CS20: 99930001 | CT20: 古铜戒指 | CU20: 20 | CV20: 80000 | CW20: 99940001 | CX20: 铁手镯 | CY20: 32 | CZ20: 80000 | DA20: 99920002 | DB20: 传统项链 | DC20: 40 | DF20: 0 | DG20: 0 | DJ20: 0 | DK20: 0 | DN20: 0 | DO20: 0 | DR20: 0 | DS20: 0 | DV20: 0 | DW20: 0 | DZ20: 0 | EA20: 0 | ED20: 0 | EE20: 0 | EH20: 0 | EI20: 0 | EL20: 0 | EM20: 0 | EP20: 0 | EQ20: 0 | ET20: 0 | EU20: 0 | EX20: 0 | EY20: 0 | FB20: 0 | FC20: 0 | FF20: 0 | FG20: 0 | FJ20: 0 | FK20: 0 | FN20: 0 | FO20: 0 | FR20: 0 | FS20: 0 | FV20: 0 | FW20: 0 | FZ20: 0 | GA20: 0 | GD20: 0 | GE20: 0 | GH20: 0 | GI20: 0 | GL20: 0 | GM20: 0 | GP20: 0 | GQ20: 0 | GT20: 0 | GU20: 0 | GX20: 0 | GY20: 0 | HB20: 0 | HC20: 0 | HF20: 0 | HG20: 0 | HJ20: 0 | HK20: 0 | HN20: 0 | HO20: 0 | HR20: 0 | HS20: 0 | HV20: 0 | HW20: 0 | HZ20: 0 | IA20: 0 | ID20: 0 | IE20: 0 | IH20: 0 | II20: 0 | IL20: 0 | IM20: 0 | IP20: 0 | IQ20: 0 | IT20: 0 | IU20: 0 | IX20: 0 | IY20: 0 | JB20: 0 | JC20: 0 | JF20: 0 | JG20: 0 | JJ20: 0 | JK20: 0 | JN20: 0 | JO20: 0 | JR20: 0 | JS20: 0 | JV20: 0 | JW20: 0 | JZ20: 0 | KA20: 0 | KD20: 0 | KE20: 0 | KH20: 0 | KI20: 0 | KL20: 0 | KM20: 0 | KP20: 0 | KQ20: 0 | KT20: 0 | KU20: 0 | KX20: 0 | KY20: 0 | LB20: 0 | LC20: 0 | LF20: 0 | LG20: 0 | LJ20: 0 | LK20: 0 | LN20: 0 | LO20: 0 | LR20: 0 | LS20: 0 | LV20: 0 | LW20: 0 | LZ20: 0 | MA20: 0 | MD20: 0 | ME20: 0 | MH20: 0 | MI20: 0 | ML20: 0 | MM20: 0 | MP20: 0 | MQ20: 0 | MT20: 0 | MU20: 0 | MX20: 0 | MY20: 0 | NB20: 0 | NC20: 0 | NF20: 0 | NG20: 0 | NJ20: 0 | NK20: 0 | NN20: 0 | NO20: 0 | NR20: 0 | NS20: 0 | NV20: 0 | NW20: 0 | NZ20: 0 | OA20: 0 | OD20: 0 | OE20: 0 | OH20: 0 | OI20: 0 | OL20: 0 | OM20: 0 | OP20: 0 | OQ20: 0 | OT20: 0 | OU20: 0 | OX20: 0 | OY20: 0 | PB20: 0 | PC20: 0 | PF20: 0 | PG20: 0 | PJ20: 0 | PK20: 0 | PN20: 0 | PO20: 0 | PR20: 0 | PS20: 0 | PV20: 0 | PW20: 0 | PZ20: 0 | QA20: 0 | QD20: 0 | QE20: 0 | QH20: 0 | QI20: 0 | QL20: 0 | QM20: 0 | QP20: 0 | QQ20: 0 | QT20: 0 | QU20: 0 | QX20: 0 | QY20: 0 | RB20: 0 | RC20: 0 | RF20: 0 | RG20: 0 | RJ20: 0 | RK20: 0 | RN20: 0 | RO20: 0 | RR20: 0 | RS20: 0 | RV20: 0 | RW20: 0 | RZ20: 0 | SA20: 0 | SD20: 0 | SE20: 0 | SH20: 0 | SI20: 0 | SL20: 0 | SM20: 0 | SP20: 0 | SQ20: 0 | ST20: 0 | SU20: =ROUND(SR20/1000000*IF(SS20=0,0,VLOOKUP(SS20,名称和价格索引!$A$4:$C$834,3,FALSE)),1) -> 0 | SV20: {=SUM(VLOOKUP(D20,D20:SU20,ROW($1:$128)*4,0))} -> 643.6
A21: 半兽人 掠骨手 | B21: 边界村 | C21: 850 | D21: 1000000 | E21: 200200 | F21: 200 | G21: 200 | H21: 1000000 | I21: 301 | J21: 金创药(小量) | K21: 40 | L21: 1000000 | M21: 301 | N21: 金创药(小量) | O21: 40 | P21: 500000 | Q21: 301 | R21: 金创药(小量) | S21: 20 | V21: 0 | W21: 0 | X21: 1000000 | Y21: 321 | Z21: 魔法药(小量) | AA21: 40 | AB21: 500000 | AC21: 321 | AD21: 魔法药(小量) | AE21: 20 | AH21: 0 | AI21: 0 | AL21: 0 | AM21: 0 | AP21: 0 | AQ21: 0 | AR21: 50000 | AS21: 99940002 | AT21: 小手镯 | AU21: 25 | AV21: 50000 | AW21: 99930002 | AX21: 玻璃戒指 | AY21: 20 | AZ21: 50000 | BA21: 99930003 | BB21: 六角戒指 | BC21: 20 | BD21: 50000 | BE21: 99940017 | BF21: 皮制手套 | BG21: 37.5 | BH21: 50000 | BI21: 99940003 | BJ21: 银手镯 | BK21: 37.5 | BN21: 0 | BO21: 0 | BR21: 0 | BS21: 0 | BT21: 80000 | BU21: 99980113 | BV21: 布衣 | BW21: 4.8 | BX21: 80000 | BY21: 99980113 | BZ21: 布衣 | CA21: 4.8 | CB21: 80000 | CC21: 99900001 | CD21: 木剑 | CE21: 2 | CF21: 80000 | CG21: 99900002 | CH21: 匕首 | CI21: 20 | CL21: 0 | CM21: 0 | CN21: 80000 | CO21: 99920001 | CP21: 金项链 | CQ21: 20 | CR21: 80000 | CS21: 99930001 | CT21: 古铜戒指 | CU21: 20 | CV21: 80000 | CW21: 99940001 | CX21: 铁手镯 | CY21: 32 | CZ21: 80000 | DA21: 99920002 | DB21: 传统项链 | DC21: 40 | DF21: 0 | DG21: 0 | DJ21: 0 | DK21: 0 | DN21: 0 | DO21: 0 | DR21: 0 | DS21: 0 | DV21: 0 | DW21: 0 | DZ21: 0 | EA21: 0 | ED21: 0 | EE21: 0 | EH21: 0 | EI21: 0 | EL21: 0 | EM21: 0 | EP21: 0 | EQ21: 0 | ET21: 0 | EU21: 0 | EX21: 0 | EY21: 0 | FB21: 0 | FC21: 0 | FF21: 0 | FG21: 0 | FJ21: 0 | FK21: 0 | FN21: 0 | FO21: 0 | FR21: 0 | FS21: 0 | FV21: 0 | FW21: 0 | FZ21: 0 | GA21: 0 | GD21: 0 | GE21: 0 | GH21: 0 | GI21: 0 | GL21: 0 | GM21: 0 | GP21: 0 | GQ21: 0 | GT21: 0 | GU21: 0 | GX21: 0 | GY21: 0 | HB21: 0 | HC21: 0 | HF21: 0 | HG21: 0 | HJ21: 0 | HK21: 0 | HN21: 0 | HO21: 0 | HR21: 0 | HS21: 0 | HV21: 0 | HW21: 0 | HZ21: 0 | IA21: 0 | ID21: 0 | IE21: 0 | IH21: 0 | II21: 0 | IL21: 0 | IM21: 0 | IP21: 0 | IQ21: 0 | IT21: 0 | IU21: 0 | IX21: 0 | IY21: 0 | JB21: 0 | JC21: 0 | JF21: 0 | JG21: 0 | JJ21: 0 | JK21: 0 | JN21: 0 | JO21: 0 | JR21: 0 | JS21: 0 | JV21: 0 | JW21: 0 | JZ21: 0 | KA21: 0 | KD21: 0 | KE21: 0 | KH21: 0 | KI21: 0 | KL21: 0 | KM21: 0 | KP21: 0 | KQ21: 0 | KT21: 0 | KU21: 0 | KX21: 0 | KY21: 0 | LB21: 0 | LC21: 0 | LF21: 0 | LG21: 0 | LJ21: 0 | LK21: 0 | LN21: 0 | LO21: 0 | LR21: 0 | LS21: 0 | LV21: 0 | LW21: 0 | LZ21: 0 | MA21: 0 | MD21: 0 | ME21: 0 | MH21: 0 | MI21: 0 | ML21: 0 | MM21: 0 | MP21: 0 | MQ21: 0 | MT21: 0 | MU21: 0 | MX21: 0 | MY21: 0 | NB21: 0 | NC21: 0 | NF21: 0 | NG21: 0 | NJ21: 0 | NK21: 0 | NN21: 0 | NO21: 0 | NR21: 0 | NS21: 0 | NV21: 0 | NW21: 0 | NZ21: 0 | OA21: 0 | OD21: 0 | OE21: 0 | OH21: 0 | OI21: 0 | OL21: 0 | OM21: 0 | OP21: 0 | OQ21: 0 | OT21: 0 | OU21: 0 | OX21: 0 | OY21: 0 | PB21: 0 | PC21: 0 | PF21: 0 | PG21: 0 | PJ21: 0 | PK21: 0 | PN21: 0 | PO21: 0 | PR21: 0 | PS21: 0 | PV21: 0 | PW21: 0 | PZ21: 0 | QA21: 0 | QD21: 0 | QE21: 0 | QH21: 0 | QI21: 0 | QL21: 0 | QM21: 0 | QP21: 0 | QQ21: 0 | QT21: 0 | QU21: 0 | QX21: 0 | QY21: 0 | RB21: 0 | RC21: 0 | RF21: 0 | RG21: 0 | RJ21: 0 | RK21: 0 | RN21: 0 | RO21: 0 | RR21: 0 | RS21: 0 | RV21: 0 | RW21: 0 | RZ21: 0 | SA21: 0 | SD21: 0 | SE21: 0 | SH21: 0 | SI21: 0 | SL21: 0 | SM21: 0 | SP21: 0 | SQ21: 0 | ST21: 0 | SU21: =ROUND(SR21/1000000*IF(SS21=0,0,VLOOKUP(SS21,名称和价格索引!$A$4:$C$834,3,FALSE)),1) -> 0 | SV21: {=SUM(VLOOKUP(D21,D21:SU21,ROW($1:$128)*4,0))} -> 643.6
A22: 稻草人 | B22: 比奇省 | C22: 855 | L22: 250000 | M22: 301 | N22: 金创药(小量) | O22: 10 | P22: 120000 | Q22: 321 | R22: 魔法药(小量) | S22: 4.8 | V22: 0 | W22: 0 | Z22: 0 | AA22: 0 | AD22: 0 | AE22: 0 | AH22: 0 | AI22: 0 | AL22: 0 | AM22: 0 | AN22: 15000 | AO22: 99900001 | AP22: 木剑 | AQ22: 0.4 | AR22: 15000 | AS22: 99900002 | AT22: 匕首 | AU22: 3.8 | AX22: 0 | AY22: 0 | AZ22: 10000 | BA22: 99920001 | BB22: 金项链 | BC22: 2.5 | BD22: 10000 | BE22: 99930001 | BF22: 古铜戒指 | BG22: 2.5 | BH22: 10000 | BI22: 99940001 | BJ22: 铁手镯 | BK22: 4 | BL22: 10000 | BM22: 99920002 | BN22: 传统项链 | BO22: 5 | BP22: 15000 | BQ22: 99980113 | BR22: 布衣 | BS22: 0.9 | BT22: 15000 | BU22: 99990113 | BV22: 布衣6 | BW22: 0.9 | BZ22: 0 | CA22: 0 | CD22: 0 | CE22: 0 | CH22: 0 | CI22: 0 | CL22: 0 | CM22: 0 | CP22: 0 | CQ22: 0 | CT22: 0 | CU22: 0 | CX22: 0 | CY22: 0 | DB22: 0 | DC22: 0 | DF22: 0 | DG22: 0 | DJ22: 0 | DK22: 0 | DN22: 0 | DO22: 0 | DR22: 0 | DS22: 0 | DV22: 0 | DW22: 0 | DZ22: 0 | EA22: 0 | ED22: 0 | EE22: 0 | EH22: 0 | EI22: 0 | EL22: 0 | EM22: 0 | EP22: 0 | EQ22: 0 | ET22: 0 | EU22: 0 | EX22: 0 | EY22: 0 | FB22: 0 | FC22: 0 | FF22: 0 | FG22: 0 | FJ22: 0 | FK22: 0 | FN22: 0 | FO22: 0 | FR22: 0 | FS22: 0 | FV22: 0 | FW22: 0 | FZ22: 0 | GA22: 0 | GD22: 0 | GE22: 0 | GH22: 0 | GI22: 0 | GL22: 0 | GM22: 0 | GP22: 0 | GQ22: 0 | GT22: 0 | GU22: 0 | GX22: 0 | GY22: 0 | HB22: 0 | HC22: 0 | HF22: 0 | HG22: 0 | HJ22: 0 | HK22: 0 | HN22: 0 | HO22: 0 | HR22: 0 | HS22: 0 | HV22: 0 | HW22: 0 | HZ22: 0 | IA22: 0 | ID22: 0 | IE22: 0 | IH22: 0 | II22: 0 | IL22: 0 | IM22: 0 | IP22: 0 | IQ22: 0 | IT22: 0 | IU22: 0 | IX22: 0 | IY22: 0 | JB22: 0 | JC22: 0 | JF22: 0 | JG22: 0 | JJ22: 0 | JK22: 0 | JN22: 0 | JO22: 0 | JR22: 0 | JS22: 0 | JV22: 0 | JW22: 0 | JZ22: 0 | KA22: 0 | KD22: 0 | KE22: 0 | KH22: 0 | KI22: 0 | KL22: 0 | KM22: 0 | KP22: 0 | KQ22: 0 | KT22: 0 | KU22: 0 | KX22: 0 | KY22: 0 | LB22: 0 | LC22: 0 | LF22: 0 | LG22: 0 | LJ22: 0 | LK22: 0 | LN22: 0 | LO22: 0 | LR22: 0 | LS22: 0 | LV22: 0 | LW22: 0 | LZ22: 0 | MA22: 0 | MD22: 0 | ME22: 0 | MH22: 0 | MI22: 0 | ML22: 0 | MM22: 0 | MP22: 0 | MQ22: 0 | MT22: 0 | MU22: 0 | MX22: 0 | MY22: 0 | NB22: 0 | NC22: 0 | NF22: 0 | NG22: 0 | NJ22: 0 | NK22: 0 | NN22: 0 | NO22: 0 | NR22: 0 | NS22: 0 | NV22: 0 | NW22: 0 | NZ22: 0 | OA22: 0 | OD22: 0 | OE22: 0 | OH22: 0 | OI22: 0 | OL22: 0 | OM22: 0 | OP22: 0 | OQ22: 0 | OT22: 0 | OU22: 0 | OX22: 0 | OY22: 0 | PB22: 0 | PC22: 0 | PF22: 0 | PG22: 0 | PJ22: 0 | PK22: 0 | PN22: 0 | PO22: 0 | PR22: 0 | PS22: 0 | PV22: 0 | PW22: 0 | PZ22: 0 | QA22: 0 | QD22: 0 | QE22: 0 | QH22: 0 | QI22: 0 | QL22: 0 | QM22: 0 | QP22: 0 | QQ22: 0 | QT22: 0 | QU22: 0 | QX22: 0 | QY22: 0 | RB22: 0 | RC22: 0 | RF22: 0 | RG22: 0 | RJ22: 0 | RK22: 0 | RN22: 0 | RO22: 0 | RR22: 0 | RS22: 0 | RV22: 0 | RW22: 0 | RZ22: 0 | SA22: 0 | SD22: 0 | SE22: 0 | SH22: 0 | SI22: 0 | SL22: 0 | SM22: 0 | SP22: 0 | SQ22: 0 | ST22: 0 | SU22: =ROUND(SR22/1000000*IF(SS22=0,0,VLOOKUP(SS22,名称和价格索引!$A$4:$C$834,3,FALSE)),1) -> 0 | SV22: {=SUM(VLOOKUP(D22,D22:SU22,ROW($1:$128)*4,0))} -> #N/A
A23: 钉耙猫 | B23: 比奇省 | C23: 856 | N23: 0 | O23: 0 | R23: 0 | S23: 0 | V23: 0 | W23: 0 | Z23: 0 | AA23: 0 | AD23: 0 | AE23: 0 | AH23: 0 | AI23: 0 | AL23: 0 | AM23: 0 | AN23: 15000 | AO23: 99900001 | AP23: 木剑 | AQ23: 0.4 | AR23: 15000 | AS23: 99900002 | AT23: 匕首 | AU23: 3.8 | AX23: 0 | AY23: 0 | AZ23: 15000 | BA23: 99920001 | BB23: 金项链 | BC23: 3.8 | BD23: 15000 | BE23: 99930001 | BF23: 古铜戒指 | BG23: 3.8 | BH23: 15000 | BI23: 99940001 | BJ23: 铁手镯 | BK23: 6 | BL23: 15000 | BM23: 99920002 | BN23: 传统项链 | BO23: 7.5 | BP23: 15000 | BQ23: 99980113 | BR23: 布衣 | BS23: 0.9 | BT23: 15000 | BU23: 99990113 | BV23: 布衣6 | BW23: 0.9 | BZ23: 0 | CA23: 0 | CD23: 0 | CE23: 0 | CH23: 0 | CI23: 0 | CL23: 0 | CM23: 0 | CP23: 0 | CQ23: 0 | CT23: 0 | CU23: 0 | CX23: 0 | CY23: 0 | DB23: 0 | DC23: 0 | DF23: 0 | DG23: 0 | DJ23: 0 | DK23: 0 | DN23: 0 | DO23: 0 | DR23: 0 | DS23: 0 | DV23: 0 | DW23: 0 | DZ23: 0 | EA23: 0 | ED23: 0 | EE23: 0 | EH23: 0 | EI23: 0 | EL23: 0 | EM23: 0 | EP23: 0 | EQ23: 0 | ET23: 0 | EU23: 0 | EX23: 0 | EY23: 0 | FB23: 0 | FC23: 0 | FF23: 0 | FG23: 0 | FJ23: 0 | FK23: 0 | FN23: 0 | FO23: 0 | FR23: 0 | FS23: 0 | FV23: 0 | FW23: 0 | FZ23: 0 | GA23: 0 | GD23: 0 | GE23: 0 | GH23: 0 | GI23: 0 | GL23: 0 | GM23: 0 | GP23: 0 | GQ23: 0 | GT23: 0 | GU23: 0 | GX23: 0 | GY23: 0 | HB23: 0 | HC23: 0 | HF23: 0 | HG23: 0 | HJ23: 0 | HK23: 0 | HN23: 0 | HO23: 0 | HR23: 0 | HS23: 0 | HV23: 0 | HW23: 0 | HZ23: 0 | IA23: 0 | ID23: 0 | IE23: 0 | IH23: 0 | II23: 0 | IL23: 0 | IM23: 0 | IP23: 0 | IQ23: 0 | IT23: 0 | IU23: 0 | IX23: 0 | IY23: 0 | JB23: 0 | JC23: 0 | JF23: 0 | JG23: 0 | JJ23: 0 | JK23: 0 | JN23: 0 | JO23: 0 | JR23: 0 | JS23: 0 | JV23: 0 | JW23: 0 | JZ23: 0 | KA23: 0 | KD23: 0 | KE23: 0 | KH23: 0 | KI23: 0 | KL23: 0 | KM23: 0 | KP23: 0 | KQ23: 0 | KT23: 0 | KU23: 0 | KX23: 0 | KY23: 0 | LB23: 0 | LC23: 0 | LF23: 0 | LG23: 0 | LJ23: 0 | LK23: 0 | LN23: 0 | LO23: 0 | LR23: 0 | LS23: 0 | LV23: 0 | LW23: 0 | LZ23: 0 | MA23: 0 | MD23: 0 | ME23: 0 | MH23: 0 | MI23: 0 | ML23: 0 | MM23: 0 | MP23: 0 | MQ23: 0 | MT23: 0 | MU23: 0 | MX23: 0 | MY23: 0 | NB23: 0 | NC23: 0 | NF23: 0 | NG23: 0 | NJ23: 0 | NK23: 0 | NN23: 0 | NO23: 0 | NR23: 0 | NS23: 0 | NV23: 0 | NW23: 0 | NZ23: 0 | OA23: 0 | OD23: 0 | OE23: 0 | OH23: 0 | OI23: 0 | OL23: 0 | OM23: 0 | OP23: 0 | OQ23: 0 | OT23: 0 | OU23: 0 | OX23: 0 | OY23: 0 | PB23: 0 | PC23: 0 | PF23: 0 | PG23: 0 | PJ23: 0 | PK23: 0 | PN23: 0 | PO23: 0 | PR23: 0 | PS23: 0 | PV23: 0 | PW23: 0 | PZ23: 0 | QA23: 0 | QD23: 0 | QE23: 0 | QH23: 0 | QI23: 0 | QL23: 0 | QM23: 0 | QP23: 0 | QQ23: 0 | QT23: 0 | QU23: 0 | QX23: 0 | QY23: 0 | RB23: 0 | RC23: 0 | RF23: 0 | RG23: 0 | RJ23: 0 | RK23: 0 | RN23: 0 | RO23: 0 | RR23: 0 | RS23: 0 | RV23: 0 | RW23: 0 | RZ23: 0 | SA23: 0 | SD23: 0 | SE23: 0 | SH23: 0 | SI23: 0 | SL23: 0 | SM23: 0 | SP23: 0 | SQ23: 0 | ST23: 0 | SU23: =ROUND(SR23/1000000*IF(SS23=0,0,VLOOKUP(SS23,名称和价格索引!$A$4:$C$834,3,FALSE)),1) -> 0 | SV23: {=SUM(VLOOKUP(D23,D23:SU23,ROW($1:$128)*4,0))} -> #N/A
A24: 鹿 | B24: 比奇省 | C24: 873 | N24: 0 | O24: 0 | R24: 0 | S24: 0 | V24: 0 | W24: 0 | Z24: 0 | AA24: 0 | AD24: 0 | AE24: 0 | AH24: 0 | AI24: 0 | AL24: 0 | AM24: 0 | AP24: 0 | AQ24: 0 | AT24: 0 | AU24: 0 | AX24: 0 | AY24: 0 | BB24: 0 | BC24: 0 | BF24: 0 | BG24: 0 | BJ24: 0 | BK24: 0 | BN24: 0 | BO24: 0 | BR24: 0 | BS24: 0 | BV24: 0 | BW24: 0 | BZ24: 0 | CA24: 0 | CD24: 0 | CE24: 0 | CH24: 0 | CI24: 0 | CL24: 0 | CM24: 0 | CP24: 0 | CQ24: 0 | CT24: 0 | CU24: 0 | CX24: 0 | CY24: 0 | DB24: 0 | DC24: 0 | DF24: 0 | DG24: 0 | DJ24: 0 | DK24: 0 | DN24: 0 | DO24: 0 | DR24: 0 | DS24: 0 | DV24: 0 | DW24: 0 | DZ24: 0 | EA24: 0 | ED24: 0 | EE24: 0 | EH24: 0 | EI24: 0 | EL24: 0 | EM24: 0 | EP24: 0 | EQ24: 0 | ET24: 0 | EU24: 0 | EX24: 0 | EY24: 0 | FB24: 0 | FC24: 0 | FF24: 0 | FG24: 0 | FJ24: 0 | FK24: 0 | FN24: 0 | FO24: 0 | FR24: 0 | FS24: 0 | FV24: 0 | FW24: 0 | FZ24: 0 | GA24: 0 | GD24: 0 | GE24: 0 | GH24: 0 | GI24: 0 | GL24: 0 | GM24: 0 | GP24: 0 | GQ24: 0 | GT24: 0 | GU24: 0 | GX24: 0 | GY24: 0 | HB24: 0 | HC24: 0 | HF24: 0 | HG24: 0 | HJ24: 0 | HK24: 0 | HN24: 0 | HO24: 0 | HR24: 0 | HS24: 0 | HV24: 0 | HW24: 0 | HZ24: 0 | IA24: 0 | ID24: 0 | IE24: 0 | IH24: 0 | II24: 0 | IL24: 0 | IM24: 0 | IP24: 0 | IQ24: 0 | IT24: 0 | IU24: 0 | IX24: 0 | IY24: 0 | JB24: 0 | JC24: 0 | JF24: 0 | JG24: 0 | JJ24: 0 | JK24: 0 | JN24: 0 | JO24: 0 | JR24: 0 | JS24: 0 | JV24: 0 | JW24: 0 | JZ24: 0 | KA24: 0 | KD24: 0 | KE24: 0 | KH24: 0 | KI24: 0 | KL24: 0 | KM24: 0 | KP24: 0 | KQ24: 0 | KT24: 0 | KU24: 0 | KX24: 0 | KY24: 0 | LB24: 0 | LC24: 0 | LF24: 0 | LG24: 0 | LJ24: 0 | LK24: 0 | LN24: 0 | LO24: 0 | LR24: 0 | LS24: 0 | LV24: 0 | LW24: 0 | LZ24: 0 | MA24: 0 | MD24: 0 | ME24: 0 | MH24: 0 | MI24: 0 | ML24: 0 | MM24: 0 | MP24: 0 | MQ24: 0 | MT24: 0 | MU24: 0 | MX24: 0 | MY24: 0 | NB24: 0 | NC24: 0 | NF24: 0 | NG24: 0 | NJ24: 0 | NK24: 0 | NN24: 0 | NO24: 0 | NR24: 0 | NS24: 0 | NV24: 0 | NW24: 0 | NZ24: 0 | OA24: 0 | OD24: 0 | OE24: 0 | OH24: 0 | OI24: 0 | OL24: 0 | OM24: 0 | OP24: 0 | OQ24: 0 | OT24: 0 | OU24: 0 | OX24: 0 | OY24: 0 | PB24: 0 | PC24: 0 | PF24: 0 | PG24: 0 | PJ24: 0 | PK24: 0 | PN24: 0 | PO24: 0 | PR24: 0 | PS24: 0 | PV24: 0 | PW24: 0 | PZ24: 0 | QA24: 0 | QD24: 0 | QE24: 0 | QH24: 0 | QI24: 0 | QL24: 0 | QM24: 0 | QP24: 0 | QQ24: 0 | QT24: 0 | QU24: 0 | QX24: 0 | QY24: 0 | RB24: 0 | RC24: 0 | RF24: 0 | RG24: 0 | RJ24: 0 | RK24: 0 | RN24: 0 | RO24: 0 | RR24: 0 | RS24: 0 | RV24: 0 | RW24: 0 | RZ24: 0 | SA24: 0 | SD24: 0 | SE24: 0 | SH24: 0 | SI24: 0 | SL24: 0 | SM24: 0 | SP24: 0 | SQ24: 0 | ST24: 0 | SU24: =ROUND(SR24/1000000*IF(SS24=0,0,VLOOKUP(SS24,名称和价格索引!$A$4:$C$834,3,FALSE)),1) -> 0 | SV24: {=SUM(VLOOKUP(D24,D24:SU24,ROW($1:$128)*4,0))} -> #N/A
A25: 半兽人 | B25: 比奇省 | C25: 857 | L25: 50000 | M25: 301 | N25: 金创药(小量) | O25: 2 | P25: 50000 | Q25: 321 | R25: 魔法药(小量) | S25: 2 | V25: 0 | W25: 0 | X25: 3000 | Y25: 99900004 | Z25: 青铜剑 | AA25: 1.4 | AB25: 3000 | AC25: 99940002 | AD25: 小手镯 | AE25: 1.5 | AF25: 3000 | AG25: 99930002 | AH25: 玻璃戒指 | AI25: 1.2 | AJ25: 3000 | AK25: 99930003 | AL25: 六角戒指 | AM25: 1.2 | AN25: 3000 | AO25: 99940017 | AP25: 皮制手套 | AQ25: 2.3 | AR25: 3000 | AS25: 99940003 | AT25: 银手镯 | AU25: 2.3 | AX25: 0 | AY25: 0 | BB25: 0 | BC25: 0 | BF25: 0 | BG25: 0 | BH25: 6000 | BI25: 99980113 | BJ25: 布衣 | BK25: 0.4 | BL25: 6000 | BM25: 99990113 | BN25: 布衣6 | BO25: 0.4 | BP25: 6000 | BQ25: 99900001 | BR25: 木剑 | BS25: 0.2 | BT25: 6000 | BU25: 99900002 | BV25: 匕首 | BW25: 1.5 | BZ25: 0 | CA25: 0 | CB25: 6000 | CC25: 99920001 | CD25: 金项链 | CE25: 1.5 | CF25: 6000 | CG25: 99930001 | CH25: 古铜戒指 | CI25: 1.5 | CJ25: 6000 | CK25: 99940001 | CL25: 铁手镯 | CM25: 2.4 | CN25: 6000 | CO25: 99920002 | CP25: 传统项链 | CQ25: 3 | CT25: 0 | CU25: 0 | CX25: 0 | CY25: 0 | DB25: 0 | DC25: 0 | DF25: 0 | DG25: 0 | DJ25: 0 | DK25: 0 | DN25: 0 | DO25: 0 | DR25: 0 | DS25: 0 | DV25: 0 | DW25: 0 | DZ25: 0 | EA25: 0 | ED25: 0 | EE25: 0 | EH25: 0 | EI25: 0 | EL25: 0 | EM25: 0 | EP25: 0 | EQ25: 0 | ET25: 0 | EU25: 0 | EX25: 0 | EY25: 0 | FB25: 0 | FC25: 0 | FF25: 0 | FG25: 0 | FJ25: 0 | FK25: 0 | FN25: 0 | FO25: 0 | FR25: 0 | FS25: 0 | FV25: 0 | FW25: 0 | FZ25: 0 | GA25: 0 | GD25: 0 | GE25: 0 | GH25: 0 | GI25: 0 | GL25: 0 | GM25: 0 | GP25: 0 | GQ25: 0 | GT25: 0 | GU25: 0 | GX25: 0 | GY25: 0 | HB25: 0 | HC25: 0 | HF25: 0 | HG25: 0 | HJ25: 0 | HK25: 0 | HN25: 0 | HO25: 0 | HR25: 0 | HS25: 0 | HV25: 0 | HW25: 0 | HZ25: 0 | IA25: 0 | ID25: 0 | IE25: 0 | IH25: 0 | II25: 0 | IL25: 0 | IM25: 0 | IP25: 0 | IQ25: 0 | IT25: 0 | IU25: 0 | IX25: 0 | IY25: 0 | JB25: 0 | JC25: 0 | JF25: 0 | JG25: 0 | JJ25: 0 | JK25: 0 | JN25: 0 | JO25: 0 | JR25: 0 | JS25: 0 | JV25: 0 | JW25: 0 | JZ25: 0 | KA25: 0 | KD25: 0 | KE25: 0 | KH25: 0 | KI25: 0 | KL25: 0 | KM25: 0 | KP25: 0 | KQ25: 0 | KT25: 0 | KU25: 0 | KX25: 0 | KY25: 0 | LB25: 0 | LC25: 0 | LF25: 0 | LG25: 0 | LJ25: 0 | LK25: 0 | LN25: 0 | LO25: 0 | LR25: 0 | LS25: 0 | LV25: 0 | LW25: 0 | LZ25: 0 | MA25: 0 | MD25: 0 | ME25: 0 | MH25: 0 | MI25: 0 | ML25: 0 | MM25: 0 | MP25: 0 | MQ25: 0 | MT25: 0 | MU25: 0 | MX25: 0 | MY25: 0 | NB25: 0 | NC25: 0 | NF25: 0 | NG25: 0 | NJ25: 0 | NK25: 0 | NN25: 0 | NO25: 0 | NR25: 0 | NS25: 0 | NV25: 0 | NW25: 0 | NZ25: 0 | OA25: 0 | OD25: 0 | OE25: 0 | OH25: 0 | OI25: 0 | OL25: 0 | OM25: 0 | OP25: 0 | OQ25: 0 | OT25: 0 | OU25: 0 | OX25: 0 | OY25: 0 | PB25: 0 | PC25: 0 | PF25: 0 | PG25: 0 | PJ25: 0 | PK25: 0 | PN25: 0 | PO25: 0 | PR25: 0 | PS25: 0 | PV25: 0 | PW25: 0 | PZ25: 0 | QA25: 0 | QD25: 0 | QE25: 0 | QH25: 0 | QI25: 0 | QL25: 0 | QM25: 0 | QP25: 0 | QQ25: 0 | QT25: 0 | QU25: 0 | QX25: 0 | QY25: 0 | RB25: 0 | RC25: 0 | RF25: 0 | RG25: 0 | RJ25: 0 | RK25: 0 | RN25: 0 | RO25: 0 | RR25: 0 | RS25: 0 | RV25: 0 | RW25: 0 | RZ25: 0 | SA25: 0 | SD25: 0 | SE25: 0 | SH25: 0 | SI25: 0 | SL25: 0 | SM25: 0 | SP25: 0 | SQ25: 0 | ST25: 0 | SU25: =ROUND(SR25/1000000*IF(SS25=0,0,VLOOKUP(SS25,名称和价格索引!$A$4:$C$834,3,FALSE)),1) -> 0 | SV25: {=SUM(VLOOKUP(D25,D25:SU25,ROW($1:$128)*4,0))} -> #N/A
A26: 半兽人战士 | B26: 比奇省 | C26: 858 | L26: 50000 | M26: 301 | N26: 金创药(小量) | O26: 2 | P26: 50000 | Q26: 321 | R26: 魔法药(小量) | S26: 2 | V26: 0 | W26: 0 | X26: 5000 | Y26: 99900004 | Z26: 青铜剑 | AA26: 2.3 | AB26: 5000 | AC26: 99940002 | AD26: 小手镯 | AE26: 2.5 | AF26: 5000 | AG26: 99930002 | AH26: 玻璃戒指 | AI26: 2 | AJ26: 5000 | AK26: 99930003 | AL26: 六角戒指 | AM26: 2 | AN26: 5000 | AO26: 99940017 | AP26: 皮制手套 | AQ26: 3.8 | AR26: 5000 | AS26: 99940003 | AT26: 银手镯 | AU26: 3.8 | AX26: 0 | AY26: 0 | BB26: 0 | BC26: 0 | BF26: 0 | BG26: 0 | BH26: 10000 | BI26: 99980113 | BJ26: 布衣 | BK26: 0.6 | BL26: 10000 | BM26: 99990113 | BN26: 布衣6 | BO26: 0.6 | BP26: 10000 | BQ26: 99900001 | BR26: 木剑 | BS26: 0.3 | BT26: 10000 | BU26: 99900002 | BV26: 匕首 | BW26: 2.5 | BZ26: 0 | CA26: 0 | CB26: 10000 | CC26: 99920001 | CD26: 金项链 | CE26: 2.5 | CF26: 10000 | CG26: 99930001 | CH26: 古铜戒指 | CI26: 2.5 | CJ26: 10000 | CK26: 99940001 | CL26: 铁手镯 | CM26: 4 | CN26: 10000 | CO26: 99920002 | CP26: 传统项链 | CQ26: 5 | CT26: 0 | CU26: 0 | CX26: 0 | CY26: 0 | DB26: 0 | DC26: 0 | DF26: 0 | DG26: 0 | DJ26: 0 | DK26: 0 | DN26: 0 | DO26: 0 | DR26: 0 | DS26: 0 | DV26: 0 | DW26: 0 | DZ26: 0 | EA26: 0 | ED26: 0 | EE26: 0 | EH26: 0 | EI26: 0 | EL26: 0 | EM26: 0 | EP26: 0 | EQ26: 0 | ET26: 0 | EU26: 0 | EX26: 0 | EY26: 0 | FB26: 0 | FC26: 0 | FF26: 0 | FG26: 0 | FJ26: 0 | FK26: 0 | FN26: 0 | FO26: 0 | FR26: 0 | FS26: 0 | FV26: 0 | FW26: 0 | FZ26: 0 | GA26: 0 | GD26: 0 | GE26: 0 | GH26: 0 | GI26: 0 | GL26: 0 | GM26: 0 | GP26: 0 | GQ26: 0 | GT26: 0 | GU26: 0 | GX26: 0 | GY26: 0 | HB26: 0 | HC26: 0 | HF26: 0 | HG26: 0 | HJ26: 0 | HK26: 0 | HN26: 0 | HO26: 0 | HR26: 0 | HS26: 0 | HV26: 0 | HW26: 0 | HZ26: 0 | IA26: 0 | ID26: 0 | IE26: 0 | IH26: 0 | II26: 0 | IL26: 0 | IM26: 0 | IP26: 0 | IQ26: 0 | IT26: 0 | IU26: 0 | IX26: 0 | IY26: 0 | JB26: 0 | JC26: 0 | JF26: 0 | JG26: 0 | JJ26: 0 | JK26: 0 | JN26: 0 | JO26: 0 | JR26: 0 | JS26: 0 | JV26: 0 | JW26: 0 | JZ26: 0 | KA26: 0 | KD26: 0 | KE26: 0 | KH26: 0 | KI26: 0 | KL26: 0 | KM26: 0 | KP26: 0 | KQ26: 0 | KT26: 0 | KU26: 0 | KX26: 0 | KY26: 0 | LB26: 0 | LC26: 0 | LF26: 0 | LG26: 0 | LJ26: 0 | LK26: 0 | LN26: 0 | LO26: 0 | LR26: 0 | LS26: 0 | LV26: 0 | LW26: 0 | LZ26: 0 | MA26: 0 | MD26: 0 | ME26: 0 | MH26: 0 | MI26: 0 | ML26: 0 | MM26: 0 | MP26: 0 | MQ26: 0 | MT26: 0 | MU26: 0 | MX26: 0 | MY26: 0 | NB26: 0 | NC26: 0 | NF26: 0 | NG26: 0 | NJ26: 0 | NK26: 0 | NN26: 0 | NO26: 0 | NR26: 0 | NS26: 0 | NV26: 0 | NW26: 0 | NZ26: 0 | OA26: 0 | OD26: 0 | OE26: 0 | OH26: 0 | OI26: 0 | OL26: 0 | OM26: 0 | OP26: 0 | OQ26: 0 | OT26: 0 | OU26: 0 | OX26: 0 | OY26: 0 | PB26: 0 | PC26: 0 | PF26: 0 | PG26: 0 | PJ26: 0 | PK26: 0 | PN26: 0 | PO26: 0 | PR26: 0 | PS26: 0 | PV26: 0 | PW26: 0 | PZ26: 0 | QA26: 0 | QD26: 0 | QE26: 0 | QH26: 0 | QI26: 0 | QL26: 0 | QM26: 0 | QP26: 0 | QQ26: 0 | QT26: 0 | QU26: 0 | QX26: 0 | QY26: 0 | RB26: 0 | RC26: 0 | RF26: 0 | RG26: 0 | RJ26: 0 | RK26: 0 | RN26: 0 | RO26: 0 | RR26: 0 | RS26: 0 | RV26: 0 | RW26: 0 | RZ26: 0 | SA26: 0 | SD26: 0 | SE26: 0 | SH26: 0 | SI26: 0 | SL26: 0 | SM26: 0 | SP26: 0 | SQ26: 0 | ST26: 0 | SU26: =ROUND(SR26/1000000*IF(SS26=0,0,VLOOKUP(SS26,名称和价格索引!$A$4:$C$834,3,FALSE)),1) -> 0 | SV26: {=SUM(VLOOKUP(D26,D26:SU26,ROW($1:$128)*4,0))} -> #N/A
A27: 半兽人首领 | B27: 比奇省 | C27: 3060 | D27: 1000000 | E27: 200300 | F27: 300 | G27: 300 | H27: 1000000 | I27: 302 | J27: 金创药(中量) | K27: 130 | L27: 1000000 | M27: 322 | N27: 魔法药(中量) | O27: 130 | P27: 500000 | Q27: 302 | R27: 金创药(中量) | S27: 65 | T27: 500000 | U27: 322 | V27: 魔法药(中量) | W27: 65 | X27: 40000 | Y27: 99900006 | Z27: 铁剑 | AA27: 24 | AB27: 40000 | AC27: 99900005 | AD27: 短剑 | AE27: 20 | AF27: 40000 | AG27: 99980213 | AH27: 轻型盔甲 | AI27: 60 | AJ27: 40000 | AK27: 99980213 | AL27: 轻型盔甲 | AM27: 60 | AN27: 40000 | AO27: 99900008 | AP27: 青铜斧 | AQ27: 30 | AR27: 40000 | AS27: 99920004 | AT27: 黑檀项链 | AU27: 24 | AV27: 40000 | AW27: 99920003 | AX27: 黄色水晶项链 | AY27: 24 | AZ27: 40000 | BA27: 99920005 | BB27: 黑色水晶项链 | BC27: 30 | BD27: 40000 | BE27: 99990111 | BF27: 青铜头盔 | BG27: 20 | BH27: 60000 | BI27: 99900004 | BJ27: 青铜剑 | BK27: 27 | BL27: 60000 | BM27: 99940002 | BN27: 小手镯 | BO27: 30 | BP27: 60000 | BQ27: 99930002 | BR27: 玻璃戒指 | BS27: 24 | BT27: 60000 | BU27: 99930003 | BV27: 六角戒指 | BW27: 24 | BX27: 60000 | BY27: 99940017 | BZ27: 皮制手套 | CA27: 45 | CB27: 60000 | CC27: 99940003 | CD27: 银手镯 | CE27: 45 | CF27: 40000 | CG27: 99940005 | CH27: 钢手镯 | CI27: 40 | CJ27: 40000 | CK27: 99930004 | CL27: 牛角戒指 | CM27: 20 | CN27: 40000 | CO27: 99940004 | CP27: 大手镯 | CQ27: 100 | CR27: 60000 | CS27: 99980213 | CT27: 轻型盔甲 | CU27: 90 | CV27: 60000 | CW27: 99980213 | CX27: 轻型盔甲 | CY27: 90 | CZ27: 60000 | DA27: 99900001 | DB27: 木剑 | DC27: 1.5 | DD27: 60000 | DE27: 99900002 | DF27: 匕首 | DG27: 15 | DH27: 60000 | DI27: 99900003 | DJ27: 乌木剑 | DK27: 120 | DL27: 60000 | DM27: 99920001 | DN27: 金项链 | DO27: 15 | DP27: 60000 | DQ27: 99930001 | DR27: 古铜戒指 | DS27: 15 | DT27: 60000 | DU27: 99940001 | DV27: 铁手镯 | DW27: 24 | DX27: 60000 | DY27: 99920002 | DZ27: 传统项链 | EA27: 30 | ED27: 0 | EE27: 0 | EH27: 0 | EI27: 0 | EL27: 0 | EM27: 0 | EP27: 0 | EQ27: 0 | ET27: 0 | EU27: 0 | EX27: 0 | EY27: 0 | FB27: 0 | FC27: 0 | FF27: 0 | FG27: 0 | FJ27: 0 | FK27: 0 | FN27: 0 | FO27: 0 | FR27: 0 | FS27: 0 | FV27: 0 | FW27: 0 | FZ27: 0 | GA27: 0 | GD27: 0 | GE27: 0 | GH27: 0 | GI27: 0 | GL27: 0 | GM27: 0 | GP27: 0 | GQ27: 0 | GT27: 0 | GU27: 0 | GX27: 0 | GY27: 0 | HB27: 0 | HC27: 0 | HF27: 0 | HG27: 0 | HJ27: 0 | HK27: 0 | HN27: 0 | HO27: 0 | HR27: 0 | HS27: 0 | HV27: 0 | HW27: 0 | HZ27: 0 | IA27: 0 | ID27: 0 | IE27: 0 | IH27: 0 | II27: 0 | IL27: 0 | IM27: 0 | IP27: 0 | IQ27: 0 | IT27: 0 | IU27: 0 | IX27: 0 | IY27: 0 | JB27: 0 | JC27: 0 | JF27: 0 | JG27: 0 | JJ27: 0 | JK27: 0 | JN27: 0 | JO27: 0 | JR27: 0 | JS27: 0 | JV27: 0 | JW27: 0 | JZ27: 0 | KA27: 0 | KD27: 0 | KE27: 0 | KH27: 0 | KI27: 0 | KL27: 0 | KM27: 0 | KP27: 0 | KQ27: 0 | KT27: 0 | KU27: 0 | KX27: 0 | KY27: 0 | LB27: 0 | LC27: 0 | LF27: 0 | LG27: 0 | LJ27: 0 | LK27: 0 | LN27: 0 | LO27: 0 | LR27: 0 | LS27: 0 | LV27: 0 | LW27: 0 | LZ27: 0 | MA27: 0 | MD27: 0 | ME27: 0 | MH27: 0 | MI27: 0 | ML27: 0 | MM27: 0 | MP27: 0 | MQ27: 0 | MT27: 0 | MU27: 0 | MX27: 0 | MY27: 0 | NB27: 0 | NC27: 0 | NF27: 0 | NG27: 0 | NJ27: 0 | NK27: 0 | NN27: 0 | NO27: 0 | NR27: 0 | NS27: 0 | NV27: 0 | NW27: 0 | NZ27: 0 | OA27: 0 | OD27: 0 | OE27: 0 | OH27: 0 | OI27: 0 | OL27: 0 | OM27: 0 | OP27: 0 | OQ27: 0 | OT27: 0 | OU27: 0 | OX27: 0 | OY27: 0 | PB27: 0 | PC27: 0 | PF27: 0 | PG27: 0 | PJ27: 0 | PK27: 0 | PN27: 0 | PO27: 0 | PR27: 0 | PS27: 0 | PV27: 0 | PW27: 0 | PZ27: 0 | QA27: 0 | QD27: 0 | QE27: 0 | QH27: 0 | QI27: 0 | QL27: 0 | QM27: 0 | QP27: 0 | QQ27: 0 | QT27: 0 | QU27: 0 | QX27: 0 | QY27: 0 | RB27: 0 | RC27: 0 | RF27: 0 | RG27: 0 | RJ27: 0 | RK27: 0 | RN27: 0 | RO27: 0 | RR27: 0 | RS27: 0 | RV27: 0 | RW27: 0 | RZ27: 0 | SA27: 0 | SD27: 0 | SE27: 0 | SH27: 0 | SI27: 0 | SL27: 0 | SM27: 0 | SP27: 0 | SQ27: 0 | ST27: 0 | SU27: =ROUND(SR27/1000000*IF(SS27=0,0,VLOOKUP(SS27,名称和价格索引!$A$4:$C$834,3,FALSE)),1) -> 0 | SV27: {=SUM(VLOOKUP(D27,D27:SU27,ROW($1:$128)*4,0))} -> 1737.5
A28: 钉耙猫王 呼噜大王 | B28: 比奇省 | C28: 3061 | D28: 1000000 | E28: 200300 | F28: 300 | G28: 300 | H28: 1000000 | I28: 301 | J28: 金创药(小量) | K28: 40 | L28: 1000000 | M28: 301 | N28: 金创药(小量) | O28: 40 | P28: 500000 | Q28: 301 | R28: 金创药(小量) | S28: 20 | V28: 0 | W28: 0 | X28: 1000000 | Y28: 321 | Z28: 魔法药(小量) | AA28: 40 | AB28: 500000 | AC28: 321 | AD28: 魔法药(小量) | AE28: 20 | AH28: 0 | AI28: 0 | AL28: 0 | AM28: 0 | AP28: 0 | AQ28: 0 | AR28: 50000 | AS28: 99940002 | AT28: 小手镯 | AU28: 25 | AV28: 50000 | AW28: 99930002 | AX28: 玻璃戒指 | AY28: 20 | AZ28: 50000 | BA28: 99930003 | BB28: 六角戒指 | BC28: 20 | BD28: 50000 | BE28: 99940017 | BF28: 皮制手套 | BG28: 37.5 | BH28: 50000 | BI28: 99940003 | BJ28: 银手镯 | BK28: 37.5 | BN28: 0 | BO28: 0 | BR28: 0 | BS28: 0 | BT28: 80000 | BU28: 99980113 | BV28: 布衣 | BW28: 4.8 | BX28: 80000 | BY28: 99980113 | BZ28: 布衣 | CA28: 4.8 | CB28: 80000 | CC28: 99900001 | CD28: 木剑 | CE28: 2 | CF28: 80000 | CG28: 99900002 | CH28: 匕首 | CI28: 20 | CL28: 0 | CM28: 0 | CN28: 80000 | CO28: 99920001 | CP28: 金项链 | CQ28: 20 | CR28: 80000 | CS28: 99930001 | CT28: 古铜戒指 | CU28: 20 | CV28: 80000 | CW28: 99940001 | CX28: 铁手镯 | CY28: 32 | CZ28: 80000 | DA28: 99920002 | DB28: 传统项链 | DC28: 40 | DF28: 0 | DG28: 0 | DH28: 30000 | DI28: 99900003 | DJ28: 乌木剑 | DK28: 60 | DL28: 30000 | DM28: 99920001 | DN28: 金项链 | DO28: 7.5 | DP28: 30000 | DQ28: 99930001 | DR28: 古铜戒指 | DS28: 7.5 | DT28: 30000 | DU28: 99940001 | DV28: 铁手镯 | DW28: 12 | DX28: 30000 | DY28: 99920002 | DZ28: 传统项链 | EA28: 15 | ED28: 0 | EE28: 0 | EH28: 0 | EI28: 0 | EL28: 0 | EM28: 0 | EP28: 0 | EQ28: 0 | ET28: 0 | EU28: 0 | EX28: 0 | EY28: 0 | FB28: 0 | FC28: 0 | FF28: 0 | FG28: 0 | FJ28: 0 | FK28: 0 | FN28: 0 | FO28: 0 | FR28: 0 | FS28: 0 | FV28: 0 | FW28: 0 | FZ28: 0 | GA28: 0 | GD28: 0 | GE28: 0 | GH28: 0 | GI28: 0 | GL28: 0 | GM28: 0 | GP28: 0 | GQ28: 0 | GT28: 0 | GU28: 0 | GX28: 0 | GY28: 0 | HB28: 0 | HC28: 0 | HF28: 0 | HG28: 0 | HJ28: 0 | HK28: 0 | HN28: 0 | HO28: 0 | HR28: 0 | HS28: 0 | HV28: 0 | HW28: 0 | HZ28: 0 | IA28: 0 | ID28: 0 | IE28: 0 | IH28: 0 | II28: 0 | IL28: 0 | IM28: 0 | IP28: 0 | IQ28: 0 | IT28: 0 | IU28: 0 | IX28: 0 | IY28: 0 | JB28: 0 | JC28: 0 | JF28: 0 | JG28: 0 | JJ28: 0 | JK28: 0 | JN28: 0 | JO28: 0 | JR28: 0 | JS28: 0 | JV28: 0 | JW28: 0 | JZ28: 0 | KA28: 0 | KD28: 0 | KE28: 0 | KH28: 0 | KI28: 0 | KL28: 0 | KM28: 0 | KP28: 0 | KQ28: 0 | KT28: 0 | KU28: 0 | KX28: 0 | KY28: 0 | LB28: 0 | LC28: 0 | LF28: 0 | LG28: 0 | LJ28: 0 | LK28: 0 | LN28: 0 | LO28: 0 | LR28: 0 | LS28: 0 | LV28: 0 | LW28: 0 | LZ28: 0 | MA28: 0 | MD28: 0 | ME28: 0 | MH28: 0 | MI28: 0 | ML28: 0 | MM28: 0 | MP28: 0 | MQ28: 0 | MT28: 0 | MU28: 0 | MX28: 0 | MY28: 0 | NB28: 0 | NC28: 0 | NF28: 0 | NG28: 0 | NJ28: 0 | NK28: 0 | NN28: 0 | NO28: 0 | NR28: 0 | NS28: 0 | NV28: 0 | NW28: 0 | NZ28: 0 | OA28: 0 | OD28: 0 | OE28: 0 | OH28: 0 | OI28: 0 | OL28: 0 | OM28: 0 | OP28: 0 | OQ28: 0 | OT28: 0 | OU28: 0 | OX28: 0 | OY28: 0 | PB28: 0 | PC28: 0 | PF28: 0 | PG28: 0 | PJ28: 0 | PK28: 0 | PN28: 0 | PO28: 0 | PR28: 0 | PS28: 0 | PV28: 0 | PW28: 0 | PZ28: 0 | QA28: 0 | QD28: 0 | QE28: 0 | QH28: 0 | QI28: 0 | QL28: 0 | QM28: 0 | QP28: 0 | QQ28: 0 | QT28: 0 | QU28: 0 | QX28: 0 | QY28: 0 | RB28: 0 | RC28: 0 | RF28: 0 | RG28: 0 | RJ28: 0 | RK28: 0 | RN28: 0 | RO28: 0 | RR28: 0 | RS28: 0 | RV28: 0 | RW28: 0 | RZ28: 0 | SA28: 0 | SD28: 0 | SE28: 0 | SH28: 0 | SI28: 0 | SL28: 0 | SM28: 0 | SP28: 0 | SQ28: 0 | ST28: 0 | SU28: =ROUND(SR28/1000000*IF(SS28=0,0,VLOOKUP(SS28,名称和价格索引!$A$4:$C$834,3,FALSE)),1) -> 0 | SV28: {=SUM(VLOOKUP(D28,D28:SU28,ROW($1:$128)*4,0))} -> 845.6
A29: 咒怨毒僵尸 | B29: 比奇省 | C29: 3062 | D29: 1000000 | E29: 200500 | F29: 500 | G29: 500 | H29: 35000 | I29: 99900016 | J29: 斩马刀 | K29: 105 | L29: 35000 | M29: 99900013 | N29: 偃月 | O29: 175 | P29: 35000 | Q29: 99900015 | R29: 降魔 | S29: 175 | T29: 35000 | U29: 99980313 | V29: 中型盔甲 | W29: 105 | X29: 35000 | Y29: 99980313 | Z29: 中型盔甲 | AA29: 105 | AB29: 10000 | AC29: 999100071 | AD29: 祈祷头盔 | AE29: 100 | AF29: 35000 | AG29: 99920013 | AH29: 蓝翡翠项链 | AI29: 175 | AJ29: 35000 | AK29: 99920015 | AL29: 放大镜 | AM29: 105 | AN29: 35000 | AO29: 99920014 | AP29: 竹笛 | AQ29: 105 | AR29: 35000 | AS29: 99930015 | AT29: 骷髅戒指 | AU29: 87.5 | AV29: 35000 | AW29: 99930012 | AX29: 魅力戒指 | AY29: 70 | AZ29: 35000 | BA29: 99930011 | BB29: 道德戒指 | BC29: 70 | BD29: 35000 | BE29: 99930013 | BF29: 降妖除魔戒指 | BG29: 175 | BH29: 35000 | BI29: 99940019 | BJ29: 死神手套 | BK29: 140 | BL29: 35000 | BM29: 99940008 | BN29: 黑檀手镯 | BO29: 70 | BP29: 35000 | BQ29: 99940007 | BR29: 道士手镯 | BS29: 70 | BT29: 35000 | BU29: 99940009 | BV29: 金手镯 | BW29: 122.5 | BZ29: 0 | CA29: 0 | CB29: 20000 | CC29: 32536 | CD29: 疾光电影 | CE29: 100 | CF29: 20000 | CG29: 33007 | CH29: 神圣战甲术 | CI29: 100 | CJ29: 20000 | CK29: 31033 | CL29: 刺杀剑术 | CM29: 50 | CN29: 20000 | CO29: 32534 | CP29: 火墙 | CQ29: 30 | CR29: 20000 | CS29: 33006 | CT29: 幽灵盾 | CU29: 50 | CV29: 20000 | CW29: 32545 | CX29: 爆裂火焰 | CY29: 30 | CZ29: 20000 | DA29: 33014 | DB29: 集体隐身术 | DC29: 30 | DD29: 40000 | DE29: 33004 | DF29: 施毒术 | DG29: 20 | DH29: 16000 | DI29: 31032 | DJ29: 攻杀剑术 | DK29: 16 | DL29: 30000 | DM29: 33009 | DN29: 隐身术 | DO29: 30 | DP29: 30000 | DQ29: 32549 | DR29: 大火球 | DS29: 30 | DT29: 30000 | DU29: 33003 | DV29: 召唤骷髅 | DW29: 30 | DX29: 30000 | DY29: 32538 | DZ29: 瞬息移动 | EA29: 30 | EB29: 30000 | EC29: 33005 | ED29: 灵魂火符 | EE29: 15 | EF29: 30000 | EG29: 32533 | EH29: 雷电术 | EI29: 15 | EJ29: 30000 | EK29: 32544 | EL29: 地狱火 | EM29: 15 | EN29: 30000 | EO29: 32541 | EP29: 诱惑之光 | EQ29: 15 | ER29: 40000 | ES29: 32532 | ET29: 抗拒火环 | EU29: 10 | EV29: 40000 | EW29: 33001 | EX29: 精神力战法 | EY29: 10 | EZ29: 40000 | FA29: 32531 | FB29: 火球术 | FC29: 1 | FD29: 40000 | FE29: 33002 | FF29: 治愈术 | FG29: 1 | FH29: 40000 | FI29: 31031 | FJ29: 基本剑术 | FK29: 1 | FN29: 0 | FO29: 0 | FP29: 35000 | FQ29: 99990211 | FR29: 魔法头盔 | FS29: 35 | FT29: 35000 | FU29: 99920011 | FV29: 魔鬼项链 | FW29: 43.8 | FX29: 35000 | FY29: 99920010 | FZ29: 琥珀项链 | GA29: 35 | GB29: 35000 | GC29: 99920012 | GD29: 凤凰明珠 | GE29: 35 | GF29: 35000 | GG29: 99920009 | GH29: 灯笼项链 | GI29: 52.5 | GJ29: 35000 | GK29: 99930005 | GL29: 蓝色水晶戒指 | GM29: 26.3 | GN29: 35000 | GO29: 99940018 | GP29: 坚固手套 | GQ29: 122.5 | GR29: 35000 | GS29: 99940027 | GT29: 魔力手镯 | GU29: 140 | GX29: 0 | GY29: 0 | HB29: 0 | HC29: 0 | HF29: 0 | HG29: 0 | HJ29: 0 | HK29: 0 | HN29: 0 | HO29: 0 | HR29: 0 | HS29: 0 | HV29: 0 | HW29: 0 | HZ29: 0 | IA29: 0 | ID29: 0 | IE29: 0 | IH29: 0 | II29: 0 | IL29: 0 | IM29: 0 | IP29: 0 | IQ29: 0 | IT29: 0 | IU29: 0 | IX29: 0 | IY29: 0 | JB29: 0 | JC29: 0 | JF29: 0 | JG29: 0 | JJ29: 0 | JK29: 0 | JN29: 0 | JO29: 0 | JR29: 0 | JS29: 0 | JV29: 0 | JW29: 0 | JZ29: 0 | KA29: 0 | KD29: 0 | KE29: 0 | KH29: 0 | KI29: 0 | KL29: 0 | KM29: 0 | KP29: 0 | KQ29: 0 | KT29: 0 | KU29: 0 | KX29: 0 | KY29: 0 | LB29: 0 | LC29: 0 | LF29: 0 | LG29: 0 | LJ29: 0 | LK29: 0 | LN29: 0 | LO29: 0 | LR29: 0 | LS29: 0 | LV29: 0 | LW29: 0 | LZ29: 0 | MA29: 0 | MD29: 0 | ME29: 0 | MH29: 0 | MI29: 0 | ML29: 0 | MM29: 0 | MN29: 1000000 | MO29: 351 | MP29: 太阳水 | MQ29: 500 | MR29: 1000000 | MS29: 351 | MT29: 太阳水 | MU29: 500 | MV29: 1000000 | MW29: 351 | MX29: 太阳水 | MY29: 500 | MZ29: 500000 | NA29: 351 | NB29: 太阳水 | NC29: 250 | ND29: 500000 | NE29: 351 | NF29: 太阳水 | NG29: 250 | NH29: 1000000 | NI29: 302 | NJ29: 金创药(中量) | NK29: 130 | NL29: 1000000 | NM29: 302 | NN29: 金创药(中量) | NO29: 130 | NP29: 500000 | NQ29: 302 | NR29: 金创药(中量) | NS29: 65 | NT29: 1000000 | NU29: 322 | NV29: 魔法药(中量) | NW29: 130 | NX29: 1000000 | NY29: 322 | NZ29: 魔法药(中量) | OA29: 130 | OB29: 500000 | OC29: 322 | OD29: 魔法药(中量) | OE29: 65 | OH29: 0 | OI29: 0 | OL29: 0 | OM29: 0 | OP29: 0 | OQ29: 0 | OT29: 0 | OU29: 0 | OX29: 0 | OY29: 0 | PB29: 0 | PC29: 0 | PF29: 0 | PG29: 0 | PJ29: 0 | PK29: 0 | PN29: 0 | PO29: 0 | PR29: 0 | PS29: 0 | PV29: 0 | PW29: 0 | PZ29: 0 | QA29: 0 | QD29: 0 | QE29: 0 | QH29: 0 | QI29: 0 | QL29: 0 | QM29: 0 | QP29: 0 | QQ29: 0 | QT29: 0 | QU29: 0 | QX29: 0 | QY29: 0 | RB29: 0 | RC29: 0 | RF29: 0 | RG29: 0 | RJ29: 0 | RK29: 0 | RN29: 0 | RO29: 0 | RR29: 0 | RS29: 0 | RV29: 0 | RW29: 0 | RZ29: 0 | SA29: 0 | SD29: 0 | SE29: 0 | SH29: 0 | SI29: 0 | SL29: 0 | SM29: 0 | SP29: 0 | SQ29: 0 | ST29: 0 | SU29: =ROUND(SR29/1000000*IF(SS29=0,0,VLOOKUP(SS29,名称和价格索引!$A$4:$C$834,3,FALSE)),1) -> 0 | SV29: {=SUM(VLOOKUP(D29,D29:SU29,ROW($1:$128)*4,0))} -> 6224.1
A30: 稻草人之王 | B30: 比奇省 | C30: 3063 | D30: 1000000 | E30: 200300 | F30: 300 | G30: 300 | H30: 1000000 | I30: 301 | J30: 金创药(小量) | K30: 40 | L30: 1000000 | M30: 301 | N30: 金创药(小量) | O30: 40 | P30: 500000 | Q30: 301 | R30: 金创药(小量) | S30: 20 | V30: 0 | W30: 0 | X30: 1000000 | Y30: 321 | Z30: 魔法药(小量) | AA30: 40 | AB30: 500000 | AC30: 321 | AD30: 魔法药(小量) | AE30: 20 | AH30: 0 | AI30: 0 | AL30: 0 | AM30: 0 | AP30: 0 | AQ30: 0 | AR30: 50000 | AS30: 99940002 | AT30: 小手镯 | AU30: 25 | AV30: 50000 | AW30: 99930002 | AX30: 玻璃戒指 | AY30: 20 | AZ30: 50000 | BA30: 99930003 | BB30: 六角戒指 | BC30: 20 | BD30: 50000 | BE30: 99940017 | BF30: 皮制手套 | BG30: 37.5 | BH30: 50000 | BI30: 99940003 | BJ30: 银手镯 | BK30: 37.5 | BN30: 0 | BO30: 0 | BR30: 0 | BS30: 0 | BT30: 80000 | BU30: 99980113 | BV30: 布衣 | BW30: 4.8 | BX30: 80000 | BY30: 99980113 | BZ30: 布衣 | CA30: 4.8 | CB30: 80000 | CC30: 99900001 | CD30: 木剑 | CE30: 2 | CF30: 80000 | CG30: 99900002 | CH30: 匕首 | CI30: 20 | CL30: 0 | CM30: 0 | CN30: 80000 | CO30: 99920001 | CP30: 金项链 | CQ30: 20 | CR30: 80000 | CS30: 99930001 | CT30: 古铜戒指 | CU30: 20 | CV30: 80000 | CW30: 99940001 | CX30: 铁手镯 | CY30: 32 | CZ30: 80000 | DA30: 99920002 | DB30: 传统项链 | DC30: 40 | DF30: 0 | DG30: 0 | DH30: 30000 | DI30: 99900003 | DJ30: 乌木剑 | DK30: 60 | DL30: 30000 | DM30: 99920001 | DN30: 金项链 | DO30: 7.5 | DP30: 30000 | DQ30: 99930001 | DR30: 古铜戒指 | DS30: 7.5 | DT30: 30000 | DU30: 99940001 | DV30: 铁手镯 | DW30: 12 | DX30: 30000 | DY30: 99920002 | DZ30: 传统项链 | EA30: 15 | ED30: 0 | EE30: 0 | EH30: 0 | EI30: 0 | EL30: 0 | EM30: 0 | EP30: 0 | EQ30: 0 | ET30: 0 | EU30: 0 | EX30: 0 | EY30: 0 | FB30: 0 | FC30: 0 | FF30: 0 | FG30: 0 | FJ30: 0 | FK30: 0 | FN30: 0 | FO30: 0 | FR30: 0 | FS30: 0 | FV30: 0 | FW30: 0 | FZ30: 0 | GA30: 0 | GD30: 0 | GE30: 0 | GH30: 0 | GI30: 0 | GL30: 0 | GM30: 0 | GP30: 0 | GQ30: 0 | GT30: 0 | GU30: 0 | GX30: 0 | GY30: 0 | HB30: 0 | HC30: 0 | HF30: 0 | HG30: 0 | HJ30: 0 | HK30: 0 | HN30: 0 | HO30: 0 | HR30: 0 | HS30: 0 | HV30: 0 | HW30: 0 | HZ30: 0 | IA30: 0 | ID30: 0 | IE30: 0 | IH30: 0 | II30: 0 | IL30: 0 | IM30: 0 | IP30: 0 | IQ30: 0 | IT30: 0 | IU30: 0 | IX30: 0 | IY30: 0 | JB30: 0 | JC30: 0 | JF30: 0 | JG30: 0 | JJ30: 0 | JK30: 0 | JN30: 0 | JO30: 0 | JR30: 0 | JS30: 0 | JV30: 0 | JW30: 0 | JZ30: 0 | KA30: 0 | KD30: 0 | KE30: 0 | KH30: 0 | KI30: 0 | KL30: 0 | KM30: 0 | KP30: 0 | KQ30: 0 | KT30: 0 | KU30: 0 | KX30: 0 | KY30: 0 | LB30: 0 | LC30: 0 | LF30: 0 | LG30: 0 | LJ30: 0 | LK30: 0 | LN30: 0 | LO30: 0 | LR30: 0 | LS30: 0 | LV30: 0 | LW30: 0 | LZ30: 0 | MA30: 0 | MD30: 0 | ME30: 0 | MH30: 0 | MI30: 0 | ML30: 0 | MM30: 0 | MP30: 0 | MQ30: 0 | MT30: 0 | MU30: 0 | MX30: 0 | MY30: 0 | NB30: 0 | NC30: 0 | NF30: 0 | NG30: 0 | NJ30: 0 | NK30: 0 | NN30: 0 | NO30: 0 | NR30: 0 | NS30: 0 | NV30: 0 | NW30: 0 | NZ30: 0 | OA30: 0 | OD30: 0 | OE30: 0 | OH30: 0 | OI30: 0 | OL30: 0 | OM30: 0 | OP30: 0 | OQ30: 0 | OT30: 0 | OU30: 0 | OX30: 0 | OY30: 0 | PB30: 0 | PC30: 0 | PF30: 0 | PG30: 0 | PJ30: 0 | PK30: 0 | PN30: 0 | PO30: 0 | PR30: 0 | PS30: 0 | PV30: 0 | PW30: 0 | PZ30: 0 | QA30: 0 | QD30: 0 | QE30: 0 | QH30: 0 | QI30: 0 | QL30: 0 | QM30: 0 | QP30: 0 | QQ30: 0 | QT30: 0 | QU30: 0 | QX30: 0 | QY30: 0 | RB30: 0 | RC30: 0 | RF30: 0 | RG30: 0 | RJ30: 0 | RK30: 0 | RN30: 0 | RO30: 0 | RR30: 0 | RS30: 0 | RV30: 0 | RW30: 0 | RZ30: 0 | SA30: 0 | SD30: 0 | SE30: 0 | SH30: 0 | SI30: 0 | SL30: 0 | SM30: 0 | SP30: 0 | SQ30: 0 | ST30: 0 | SU30: =ROUND(SR30/1000000*IF(SS30=0,0,VLOOKUP(SS30,名称和价格索引!$A$4:$C$834,3,FALSE)),1) -> 0 | SV30: {=SUM(VLOOKUP(D30,D30:SU30,ROW($1:$128)*4,0))} -> 845.6
A31: 熊 | B31: 沃玛森林 | C31: 3131 | J31: 0 | K31: 0 | N31: 0 | O31: 0 | R31: 0 | S31: 0 | V31: 0 | W31: 0 | X31: 1000 | Y31: 99900006 | Z31: 铁剑 | AA31: 0.6 | AB31: 1000 | AC31: 99900005 | AD31: 短剑 | AE31: 0.5 | AF31: 1000 | AG31: 99980213 | AH31: 轻型盔甲 | AI31: 1.5 | AJ31: 1000 | AK31: 99990213 | AL31: 轻型盔甲6 | AM31: 1.5 | AN31: 1000 | AO31: 99900008 | AP31: 青铜斧 | AQ31: 0.8 | AR31: 1000 | AS31: 99920004 | AT31: 黑檀项链 | AU31: 0.6 | AV31: 1000 | AW31: 99920003 | AX31: 黄色水晶项链 | AY31: 0.6 | AZ31: 1000 | BA31: 99920005 | BB31: 黑色水晶项链 | BC31: 0.8 | BD31: 1000 | BE31: 99990111 | BF31: 青铜头盔 | BG31: 0.5 | BH31: 2000 | BI31: 99900004 | BJ31: 青铜剑 | BK31: 0.9 | BL31: 2000 | BM31: 99940002 | BN31: 小手镯 | BO31: 1 | BP31: 2000 | BQ31: 99930002 | BR31: 玻璃戒指 | BS31: 0.8 | BT31: 2000 | BU31: 99930003 | BV31: 六角戒指 | BW31: 0.8 | BX31: 2000 | BY31: 99940017 | BZ31: 皮制手套 | CA31: 1.5 | CB31: 2000 | CC31: 99940003 | CD31: 银手镯 | CE31: 1.5 | CF31: 2000 | CG31: 99940005 | CH31: 钢手镯 | CI31: 2 | CJ31: 2000 | CK31: 99930004 | CL31: 牛角戒指 | CM31: 1 | CN31: 1000 | CO31: 99940004 | CP31: 大手镯 | CQ31: 2.5 | CT31: 0 | CU31: 0 | CX31: 0 | CY31: 0 | CZ31: 3500 | DA31: 99900001 | DB31: 木剑 | DC31: 0.1 | DD31: 3500 | DE31: 99900002 | DF31: 匕首 | DG31: 0.9 | DH31: 3500 | DI31: 99900003 | DJ31: 乌木剑 | DK31: 7 | DL31: 3500 | DM31: 99920001 | DN31: 金项链 | DO31: 0.9 | DP31: 3500 | DQ31: 99930001 | DR31: 古铜戒指 | DS31: 0.9 | DT31: 3500 | DU31: 99940001 | DV31: 铁手镯 | DW31: 1.4 | DX31: 3500 | DY31: 99920002 | DZ31: 传统项链 | EA31: 1.8 | ED31: 0 | EE31: 0 | EH31: 0 | EI31: 0 | EL31: 0 | EM31: 0 | EP31: 0 | EQ31: 0 | ET31: 0 | EU31: 0 | EX31: 0 | EY31: 0 | FB31: 0 | FC31: 0 | FF31: 0 | FG31: 0 | FJ31: 0 | FK31: 0 | FN31: 0 | FO31: 0 | FR31: 0 | FS31: 0 | FV31: 0 | FW31: 0 | FZ31: 0 | GA31: 0 | GD31: 0 | GE31: 0 | GH31: 0 | GI31: 0 | GL31: 0 | GM31: 0 | GP31: 0 | GQ31: 0 | GT31: 0 | GU31: 0 | GX31: 0 | GY31: 0 | HB31: 0 | HC31: 0 | HF31: 0 | HG31: 0 | HJ31: 0 | HK31: 0 | HN31: 0 | HO31: 0 | HR31: 0 | HS31: 0 | HV31: 0 | HW31: 0 | HZ31: 0 | IA31: 0 | ID31: 0 | IE31: 0 | IH31: 0 | II31: 0 | IL31: 0 | IM31: 0 | IP31: 0 | IQ31: 0 | IT31: 0 | IU31: 0 | IX31: 0 | IY31: 0 | JB31: 0 | JC31: 0 | JF31: 0 | JG31: 0 | JJ31: 0 | JK31: 0 | JN31: 0 | JO31: 0 | JR31: 0 | JS31: 0 | JV31: 0 | JW31: 0 | JZ31: 0 | KA31: 0 | KD31: 0 | KE31: 0 | KH31: 0 | KI31: 0 | KL31: 0 | KM31: 0 | KP31: 0 | KQ31: 0 | KT31: 0 | KU31: 0 | KX31: 0 | KY31: 0 | LB31: 0 | LC31: 0 | LF31: 0 | LG31: 0 | LJ31: 0 | LK31: 0 | LN31: 0 | LO31: 0 | LR31: 0 | LS31: 0 | LV31: 0 | LW31: 0 | LZ31: 0 | MA31: 0 | MD31: 0 | ME31: 0 | MH31: 0 | MI31: 0 | ML31: 0 | MM31: 0 | MP31: 0 | MQ31: 0 | MT31: 0 | MU31: 0 | MX31: 0 | MY31: 0 | NB31: 0 | NC31: 0 | NF31: 0 | NG31: 0 | NJ31: 0 | NK31: 0 | NN31: 0 | NO31: 0 | NR31: 0 | NS31: 0 | NV31: 0 | NW31: 0 | NZ31: 0 | OA31: 0 | OD31: 0 | OE31: 0 | OH31: 0 | OI31: 0 | OL31: 0 | OM31: 0 | OP31: 0 | OQ31: 0 | OT31: 0 | OU31: 0 | OX31: 0 | OY31: 0 | PB31: 0 | PC31: 0 | PF31: 0 | PG31: 0 | PJ31: 0 | PK31: 0 | PN31: 0 | PO31: 0 | PR31: 0 | PS31: 0 | PV31: 0 | PW31: 0 | PZ31: 0 | QA31: 0 | QD31: 0 | QE31: 0 | QH31: 0 | QI31: 0 | QL31: 0 | QM31: 0 | QP31: 0 | QQ31: 0 | QT31: 0 | QU31: 0 | QX31: 0 | QY31: 0 | RB31: 0 | RC31: 0 | RF31: 0 | RG31: 0 | RJ31: 0 | RK31: 0 | RN31: 0 | RO31: 0 | RR31: 0 | RS31: 0 | RV31: 0 | RW31: 0 | RZ31: 0 | SA31: 0 | SD31: 0 | SE31: 0 | SH31: 0 | SI31: 0 | SL31: 0 | SM31: 0 | SP31: 0 | SQ31: 0 | ST31: 0 | SU31: =ROUND(SR31/1000000*IF(SS31=0,0,VLOOKUP(SS31,名称和价格索引!$A$4:$C$834,3,FALSE)),1) -> 0 | SV31: {=SUM(VLOOKUP(D31,D31:SU31,ROW($1:$128)*4,0))} -> #N/A
A32: 鹿 | B32: 沃玛森林 | C32: 3132 | J32: 0 | K32: 0 | N32: 0 | O32: 0 | R32: 0 | S32: 0 | V32: 0 | W32: 0 | Z32: 0 | AA32: 0 | AD32: 0 | AE32: 0 | AH32: 0 | AI32: 0 | AL32: 0 | AM32: 0 | AP32: 0 | AQ32: 0 | AT32: 0 | AU32: 0 | AX32: 0 | AY32: 0 | BB32: 0 | BC32: 0 | BF32: 0 | BG32: 0 | BJ32: 0 | BK32: 0 | BN32: 0 | BO32: 0 | BR32: 0 | BS32: 0 | BV32: 0 | BW32: 0 | BZ32: 0 | CA32: 0 | CD32: 0 | CE32: 0 | CH32: 0 | CI32: 0 | CL32: 0 | CM32: 0 | CP32: 0 | CQ32: 0 | CT32: 0 | CU32: 0 | CX32: 0 | CY32: 0 | DB32: 0 | DC32: 0 | DF32: 0 | DG32: 0 | DJ32: 0 | DK32: 0 | DN32: 0 | DO32: 0 | DR32: 0 | DS32: 0 | DV32: 0 | DW32: 0 | DZ32: 0 | EA32: 0 | ED32: 0 | EE32: 0 | EH32: 0 | EI32: 0 | EL32: 0 | EM32: 0 | EP32: 0 | EQ32: 0 | ET32: 0 | EU32: 0 | EX32: 0 | EY32: 0 | FB32: 0 | FC32: 0 | FF32: 0 | FG32: 0 | FJ32: 0 | FK32: 0 | FN32: 0 | FO32: 0 | FR32: 0 | FS32: 0 | FV32: 0 | FW32: 0 | FZ32: 0 | GA32: 0 | GD32: 0 | GE32: 0 | GH32: 0 | GI32: 0 | GL32: 0 | GM32: 0 | GP32: 0 | GQ32: 0 | GT32: 0 | GU32: 0 | GX32: 0 | GY32: 0 | HB32: 0 | HC32: 0 | HF32: 0 | HG32: 0 | HJ32: 0 | HK32: 0 | HN32: 0 | HO32: 0 | HR32: 0 | HS32: 0 | HV32: 0 | HW32: 0 | HZ32: 0 | IA32: 0 | ID32: 0 | IE32: 0 | IH32: 0 | II32: 0 | IL32: 0 | IM32: 0 | IP32: 0 | IQ32: 0 | IT32: 0 | IU32: 0 | IX32: 0 | IY32: 0 | JB32: 0 | JC32: 0 | JF32: 0 | JG32: 0 | JJ32: 0 | JK32: 0 | JN32: 0 | JO32: 0 | JR32: 0 | JS32: 0 | JV32: 0 | JW32: 0 | JZ32: 0 | KA32: 0 | KD32: 0 | KE32: 0 | KH32: 0 | KI32: 0 | KL32: 0 | KM32: 0 | KP32: 0 | KQ32: 0 | KT32: 0 | KU32: 0 | KX32: 0 | KY32: 0 | LB32: 0 | LC32: 0 | LF32: 0 | LG32: 0 | LJ32: 0 | LK32: 0 | LN32: 0 | LO32: 0 | LR32: 0 | LS32: 0 | LV32: 0 | LW32: 0 | LZ32: 0 | MA32: 0 | MD32: 0 | ME32: 0 | MH32: 0 | MI32: 0 | ML32: 0 | MM32: 0 | MP32: 0 | MQ32: 0 | MT32: 0 | MU32: 0 | MX32: 0 | MY32: 0 | NB32: 0 | NC32: 0 | NF32: 0 | NG32: 0 | NJ32: 0 | NK32: 0 | NN32: 0 | NO32: 0 | NR32: 0 | NS32: 0 | NV32: 0 | NW32: 0 | NZ32: 0 | OA32: 0 | OD32: 0 | OE32: 0 | OH32: 0 | OI32: 0 | OL32: 0 | OM32: 0 | OP32: 0 | OQ32: 0 | OT32: 0 | OU32: 0 | OX32: 0 | OY32: 0 | PB32: 0 | PC32: 0 | PF32: 0 | PG32: 0 | PJ32: 0 | PK32: 0 | PN32: 0 | PO32: 0 | PR32: 0 | PS32: 0 | PV32: 0 | PW32: 0 | PZ32: 0 | QA32: 0 | QD32: 0 | QE32: 0 | QH32: 0 | QI32: 0 | QL32: 0 | QM32: 0 | QP32: 0 | QQ32: 0 | QT32: 0 | QU32: 0 | QX32: 0 | QY32: 0 | RB32: 0 | RC32: 0 | RF32: 0 | RG32: 0 | RJ32: 0 | RK32: 0 | RN32: 0 | RO32: 0 | RR32: 0 | RS32: 0 | RV32: 0 | RW32: 0 | RZ32: 0 | SA32: 0 | SD32: 0 | SE32: 0 | SH32: 0 | SI32: 0 | SL32: 0 | SM32: 0 | SP32: 0 | SQ32: 0 | ST32: 0 | SU32: =ROUND(SR32/1000000*IF(SS32=0,0,VLOOKUP(SS32,名称和价格索引!$A$4:$C$834,3,FALSE)),1) -> 0 | SV32: {=SUM(VLOOKUP(D32,D32:SU32,ROW($1:$128)*4,0))} -> #N/A
A33: 海蟹 | B33: 沃玛森林 | C33: 3133 | J33: 0 | K33: 0 | L33: 20000 | M33: 301 | N33: 金创药(小量) | O33: 0.8 | P33: 20000 | Q33: 321 | R33: 魔法药(小量) | S33: 0.8 | V33: 0 | W33: 0 | X33: 2000 | Y33: 99900004 | Z33: 青铜剑 | AA33: 0.9 | AB33: 2000 | AC33: 99940002 | AD33: 小手镯 | AE33: 1 | AF33: 2000 | AG33: 99930002 | AH33: 玻璃戒指 | AI33: 0.8 | AJ33: 2000 | AK33: 99930003 | AL33: 六角戒指 | AM33: 0.8 | AN33: 2000 | AO33: 99940017 | AP33: 皮制手套 | AQ33: 1.5 | AR33: 2000 | AS33: 99940003 | AT33: 银手镯 | AU33: 1.5 | AX33: 0 | AY33: 0 | BB33: 0 | BC33: 0 | BF33: 0 | BG33: 0 | BH33: 6000 | BI33: 99980113 | BJ33: 布衣 | BK33: 0.4 | BL33: 6000 | BM33: 99990113 | BN33: 布衣6 | BO33: 0.4 | BP33: 6000 | BQ33: 99900001 | BR33: 木剑 | BS33: 0.2 | BT33: 6000 | BU33: 99900002 | BV33: 匕首 | BW33: 1.5 | BZ33: 0 | CA33: 0 | CB33: 6000 | CC33: 99920001 | CD33: 金项链 | CE33: 1.5 | CF33: 6000 | CG33: 99930001 | CH33: 古铜戒指 | CI33: 1.5 | CJ33: 6000 | CK33: 99940001 | CL33: 铁手镯 | CM33: 2.4 | CN33: 6000 | CO33: 99920002 | CP33: 传统项链 | CQ33: 3 | CT33: 0 | CU33: 0 | CX33: 0 | CY33: 0 | DB33: 0 | DC33: 0 | DF33: 0 | DG33: 0 | DJ33: 0 | DK33: 0 | DN33: 0 | DO33: 0 | DR33: 0 | DS33: 0 | DV33: 0 | DW33: 0 | DZ33: 0 | EA33: 0 | ED33: 0 | EE33: 0 | EH33: 0 | EI33: 0 | EL33: 0 | EM33: 0 | EP33: 0 | EQ33: 0 | ET33: 0 | EU33: 0 | EX33: 0 | EY33: 0 | FB33: 0 | FC33: 0 | FF33: 0 | FG33: 0 | FJ33: 0 | FK33: 0 | FN33: 0 | FO33: 0 | FR33: 0 | FS33: 0 | FV33: 0 | FW33: 0 | FZ33: 0 | GA33: 0 | GD33: 0 | GE33: 0 | GH33: 0 | GI33: 0 | GL33: 0 | GM33: 0 | GP33: 0 | GQ33: 0 | GT33: 0 | GU33: 0 | GX33: 0 | GY33: 0 | HB33: 0 | HC33: 0 | HF33: 0 | HG33: 0 | HJ33: 0 | HK33: 0 | HN33: 0 | HO33: 0 | HR33: 0 | HS33: 0 | HV33: 0 | HW33: 0 | HZ33: 0 | IA33: 0 | ID33: 0 | IE33: 0 | IH33: 0 | II33: 0 | IL33: 0 | IM33: 0 | IP33: 0 | IQ33: 0 | IT33: 0 | IU33: 0 | IX33: 0 | IY33: 0 | JB33: 0 | JC33: 0 | JF33: 0 | JG33: 0 | JJ33: 0 | JK33: 0 | JN33: 0 | JO33: 0 | JR33: 0 | JS33: 0 | JV33: 0 | JW33: 0 | JZ33: 0 | KA33: 0 | KD33: 0 | KE33: 0 | KH33: 0 | KI33: 0 | KL33: 0 | KM33: 0 | KP33: 0 | KQ33: 0 | KT33: 0 | KU33: 0 | KX33: 0 | KY33: 0 | LB33: 0 | LC33: 0 | LF33: 0 | LG33: 0 | LJ33: 0 | LK33: 0 | LN33: 0 | LO33: 0 | LR33: 0 | LS33: 0 | LV33: 0 | LW33: 0 | LZ33: 0 | MA33: 0 | MD33: 0 | ME33: 0 | MH33: 0 | MI33: 0 | ML33: 0 | MM33: 0 | MP33: 0 | MQ33: 0 | MT33: 0 | MU33: 0 | MX33: 0 | MY33: 0 | NB33: 0 | NC33: 0 | NF33: 0 | NG33: 0 | NJ33: 0 | NK33: 0 | NN33: 0 | NO33: 0 | NR33: 0 | NS33: 0 | NV33: 0 | NW33: 0 | NZ33: 0 | OA33: 0 | OD33: 0 | OE33: 0 | OH33: 0 | OI33: 0 | OL33: 0 | OM33: 0 | OP33: 0 | OQ33: 0 | OT33: 0 | OU33: 0 | OX33: 0 | OY33: 0 | PB33: 0 | PC33: 0 | PF33: 0 | PG33: 0 | PJ33: 0 | PK33: 0 | PN33: 0 | PO33: 0 | PR33: 0 | PS33: 0 | PV33: 0 | PW33: 0 | PZ33: 0 | QA33: 0 | QD33: 0 | QE33: 0 | QH33: 0 | QI33: 0 | QL33: 0 | QM33: 0 | QP33: 0 | QQ33: 0 | QT33: 0 | QU33: 0 | QX33: 0 | QY33: 0 | RB33: 0 | RC33: 0 | RF33: 0 | RG33: 0 | RJ33: 0 | RK33: 0 | RN33: 0 | RO33: 0 | RR33: 0 | RS33: 0 | RV33: 0 | RW33: 0 | RZ33: 0 | SA33: 0 | SD33: 0 | SE33: 0 | SH33: 0 | SI33: 0 | SL33: 0 | SM33: 0 | SP33: 0 | SQ33: 0 | ST33: 0 | SU33: =ROUND(SR33/1000000*IF(SS33=0,0,VLOOKUP(SS33,名称和价格索引!$A$4:$C$834,3,FALSE)),1) -> 0 | SV33: {=SUM(VLOOKUP(D33,D33:SU33,ROW($1:$128)*4,0))} -> #N/A
A34: 狼 | B34: 沃玛森林 | C34: 3134 | J34: 0 | K34: 0 | N34: 0 | O34: 0 | R34: 0 | S34: 0 | V34: 0 | W34: 0 | X34: 1000 | Y34: 99900006 | Z34: 铁剑 | AA34: 0.6 | AB34: 1000 | AC34: 99900005 | AD34: 短剑 | AE34: 0.5 | AF34: 1000 | AG34: 99980213 | AH34: 轻型盔甲 | AI34: 1.5 | AJ34: 1000 | AK34: 99990213 | AL34: 轻型盔甲6 | AM34: 1.5 | AN34: 1000 | AO34: 99900008 | AP34: 青铜斧 | AQ34: 0.8 | AR34: 1000 | AS34: 99920004 | AT34: 黑檀项链 | AU34: 0.6 | AV34: 1000 | AW34: 99920003 | AX34: 黄色水晶项链 | AY34: 0.6 | AZ34: 1000 | BA34: 99920005 | BB34: 黑色水晶项链 | BC34: 0.8 | BD34: 1000 | BE34: 99990111 | BF34: 青铜头盔 | BG34: 0.5 | BH34: 2000 | BI34: 99900004 | BJ34: 青铜剑 | BK34: 0.9 | BL34: 2000 | BM34: 99940002 | BN34: 小手镯 | BO34: 1 | BP34: 2000 | BQ34: 99930002 | BR34: 玻璃戒指 | BS34: 0.8 | BT34: 2000 | BU34: 99930003 | BV34: 六角戒指 | BW34: 0.8 | BX34: 2000 | BY34: 99940017 | BZ34: 皮制手套 | CA34: 1.5 | CB34: 2000 | CC34: 99940003 | CD34: 银手镯 | CE34: 1.5 | CF34: 2000 | CG34: 99940005 | CH34: 钢手镯 | CI34: 2 | CJ34: 2000 | CK34: 99930004 | CL34: 牛角戒指 | CM34: 1 | CN34: 1000 | CO34: 99940004 | CP34: 大手镯 | CQ34: 2.5 | CT34: 0 | CU34: 0 | CX34: 0 | CY34: 0 | CZ34: 3500 | DA34: 99900001 | DB34: 木剑 | DC34: 0.1 | DD34: 3500 | DE34: 99900002 | DF34: 匕首 | DG34: 0.9 | DH34: 3500 | DI34: 99900003 | DJ34: 乌木剑 | DK34: 7 | DL34: 3500 | DM34: 99920001 | DN34: 金项链 | DO34: 0.9 | DP34: 3500 | DQ34: 99930001 | DR34: 古铜戒指 | DS34: 0.9 | DT34: 3500 | DU34: 99940001 | DV34: 铁手镯 | DW34: 1.4 | DX34: 3500 | DY34: 99920002 | DZ34: 传统项链 | EA34: 1.8 | ED34: 0 | EE34: 0 | EH34: 0 | EI34: 0 | EL34: 0 | EM34: 0 | EP34: 0 | EQ34: 0 | ET34: 0 | EU34: 0 | EX34: 0 | EY34: 0 | FB34: 0 | FC34: 0 | FF34: 0 | FG34: 0 | FJ34: 0 | FK34: 0 | FN34: 0 | FO34: 0 | FR34: 0 | FS34: 0 | FV34: 0 | FW34: 0 | FZ34: 0 | GA34: 0 | GD34: 0 | GE34: 0 | GH34: 0 | GI34: 0 | GL34: 0 | GM34: 0 | GP34: 0 | GQ34: 0 | GT34: 0 | GU34: 0 | GX34: 0 | GY34: 0 | HB34: 0 | HC34: 0 | HF34: 0 | HG34: 0 | HJ34: 0 | HK34: 0 | HN34: 0 | HO34: 0 | HR34: 0 | HS34: 0 | HV34: 0 | HW34: 0 | HZ34: 0 | IA34: 0 | ID34: 0 | IE34: 0 | IH34: 0 | II34: 0 | IL34: 0 | IM34: 0 | IP34: 0 | IQ34: 0 | IT34: 0 | IU34: 0 | IX34: 0 | IY34: 0 | JB34: 0 | JC34: 0 | JF34: 0 | JG34: 0 | JJ34: 0 | JK34: 0 | JN34: 0 | JO34: 0 | JR34: 0 | JS34: 0 | JV34: 0 | JW34: 0 | JZ34: 0 | KA34: 0 | KD34: 0 | KE34: 0 | KH34: 0 | KI34: 0 | KL34: 0 | KM34: 0 | KP34: 0 | KQ34: 0 | KT34: 0 | KU34: 0 | KX34: 0 | KY34: 0 | LB34: 0 | LC34: 0 | LF34: 0 | LG34: 0 | LJ34: 0 | LK34: 0 | LN34: 0 | LO34: 0 | LR34: 0 | LS34: 0 | LV34: 0 | LW34: 0 | LZ34: 0 | MA34: 0 | MD34: 0 | ME34: 0 | MH34: 0 | MI34: 0 | ML34: 0 | MM34: 0 | MP34: 0 | MQ34: 0 | MT34: 0 | MU34: 0 | MX34: 0 | MY34: 0 | NB34: 0 | NC34: 0 | NF34: 0 | NG34: 0 | NJ34: 0 | NK34: 0 | NN34: 0 | NO34: 0 | NR34: 0 | NS34: 0 | NV34: 0 | NW34: 0 | NZ34: 0 | OA34: 0 | OD34: 0 | OE34: 0 | OH34: 0 | OI34: 0 | OL34: 0 | OM34: 0 | OP34: 0 | OQ34: 0 | OT34: 0 | OU34: 0 | OX34: 0 | OY34: 0 | PB34: 0 | PC34: 0 | PF34: 0 | PG34: 0 | PJ34: 0 | PK34: 0 | PN34: 0 | PO34: 0 | PR34: 0 | PS34: 0 | PV34: 0 | PW34: 0 | PZ34: 0 | QA34: 0 | QD34: 0 | QE34: 0 | QH34: 0 | QI34: 0 | QL34: 0 | QM34: 0 | QP34: 0 | QQ34: 0 | QT34: 0 | QU34: 0 | QX34: 0 | QY34: 0 | RB34: 0 | RC34: 0 | RF34: 0 | RG34: 0 | RJ34: 0 | RK34: 0 | RN34: 0 | RO34: 0 | RR34: 0 | RS34: 0 | RV34: 0 | RW34: 0 | RZ34: 0 | SA34: 0 | SD34: 0 | SE34: 0 | SH34: 0 | SI34: 0 | SL34: 0 | SM34: 0 | SP34: 0 | SQ34: 0 | ST34: 0 | SU34: =ROUND(SR34/1000000*IF(SS34=0,0,VLOOKUP(SS34,名称和价格索引!$A$4:$C$834,3,FALSE)),1) -> 0 | SV34: {=SUM(VLOOKUP(D34,D34:SU34,ROW($1:$128)*4,0))} -> #N/A
A35: 树妖 | B35: 沃玛森林 | C35: 3135 | L35: 50000 | M35: 301 | N35: 金创药(小量) | O35: 2 | P35: 50000 | Q35: 321 | R35: 魔法药(小量) | S35: 2 | V35: 0 | W35: 0 | X35: 3000 | Y35: 99900004 | Z35: 青铜剑 | AA35: 1.4 | AB35: 3000 | AC35: 99940002 | AD35: 小手镯 | AE35: 1.5 | AF35: 3000 | AG35: 99930002 | AH35: 玻璃戒指 | AI35: 1.2 | AJ35: 3000 | AK35: 99930003 | AL35: 六角戒指 | AM35: 1.2 | AN35: 3000 | AO35: 99940017 | AP35: 皮制手套 | AQ35: 2.3 | AR35: 3000 | AS35: 99940003 | AT35: 银手镯 | AU35: 2.3 | AX35: 0 | AY35: 0 | BB35: 0 | BC35: 0 | BF35: 0 | BG35: 0 | BH35: 6000 | BI35: 99980113 | BJ35: 布衣 | BK35: 0.4 | BL35: 6000 | BM35: 99990113 | BN35: 布衣6 | BO35: 0.4 | BP35: 6000 | BQ35: 99900001 | BR35: 木剑 | BS35: 0.2 | BT35: 6000 | BU35: 99900002 | BV35: 匕首 | BW35: 1.5 | BX35: 3000 | BY35: 99900003 | BZ35: 乌木剑 | CA35: 6 | CB35: 6000 | CC35: 99920001 | CD35: 金项链 | CE35: 1.5 | CF35: 6000 | CG35: 99930001 | CH35: 古铜戒指 | CI35: 1.5 | CJ35: 6000 | CK35: 99940001 | CL35: 铁手镯 | CM35: 2.4 | CN35: 6000 | CO35: 99920002 | CP35: 传统项链 | CQ35: 3 | CT35: 0 | CU35: 0 | CX35: 0 | CY35: 0 | DB35: 0 | DC35: 0 | DF35: 0 | DG35: 0 | DJ35: 0 | DK35: 0 | DN35: 0 | DO35: 0 | DR35: 0 | DS35: 0 | DV35: 0 | DW35: 0 | DZ35: 0 | EA35: 0 | ED35: 0 | EE35: 0 | EH35: 0 | EI35: 0 | EL35: 0 | EM35: 0 | EP35: 0 | EQ35: 0 | ET35: 0 | EU35: 0 | EX35: 0 | EY35: 0 | FB35: 0 | FC35: 0 | FF35: 0 | FG35: 0 | FJ35: 0 | FK35: 0 | FN35: 0 | FO35: 0 | FR35: 0 | FS35: 0 | FV35: 0 | FW35: 0 | FZ35: 0 | GA35: 0 | GD35: 0 | GE35: 0 | GH35: 0 | GI35: 0 | GL35: 0 | GM35: 0 | GP35: 0 | GQ35: 0 | GT35: 0 | GU35: 0 | GX35: 0 | GY35: 0 | HB35: 0 | HC35: 0 | HF35: 0 | HG35: 0 | HJ35: 0 | HK35: 0 | HN35: 0 | HO35: 0 | HR35: 0 | HS35: 0 | HV35: 0 | HW35: 0 | HZ35: 0 | IA35: 0 | ID35: 0 | IE35: 0 | IH35: 0 | II35: 0 | IL35: 0 | IM35: 0 | IP35: 0 | IQ35: 0 | IT35: 0 | IU35: 0 | IX35: 0 | IY35: 0 | JB35: 0 | JC35: 0 | JF35: 0 | JG35: 0 | JJ35: 0 | JK35: 0 | JN35: 0 | JO35: 0 | JR35: 0 | JS35: 0 | JV35: 0 | JW35: 0 | JZ35: 0 | KA35: 0 | KD35: 0 | KE35: 0 | KH35: 0 | KI35: 0 | KL35: 0 | KM35: 0 | KP35: 0 | KQ35: 0 | KT35: 0 | KU35: 0 | KX35: 0 | KY35: 0 | LB35: 0 | LC35: 0 | LF35: 0 | LG35: 0 | LJ35: 0 | LK35: 0 | LN35: 0 | LO35: 0 | LR35: 0 | LS35: 0 | LV35: 0 | LW35: 0 | LZ35: 0 | MA35: 0 | MD35: 0 | ME35: 0 | MH35: 0 | MI35: 0 | ML35: 0 | MM35: 0 | MP35: 0 | MQ35: 0 | MT35: 0 | MU35: 0 | MX35: 0 | MY35: 0 | NB35: 0 | NC35: 0 | NF35: 0 | NG35: 0 | NJ35: 0 | NK35: 0 | NN35: 0 | NO35: 0 | NR35: 0 | NS35: 0 | NV35: 0 | NW35: 0 | NZ35: 0 | OA35: 0 | OD35: 0 | OE35: 0 | OH35: 0 | OI35: 0 | OL35: 0 | OM35: 0 | OP35: 0 | OQ35: 0 | OT35: 0 | OU35: 0 | OX35: 0 | OY35: 0 | PB35: 0 | PC35: 0 | PF35: 0 | PG35: 0 | PJ35: 0 | PK35: 0 | PN35: 0 | PO35: 0 | PR35: 0 | PS35: 0 | PV35: 0 | PW35: 0 | PZ35: 0 | QA35: 0 | QD35: 0 | QE35: 0 | QH35: 0 | QI35: 0 | QL35: 0 | QM35: 0 | QP35: 0 | QQ35: 0 | QT35: 0 | QU35: 0 | QX35: 0 | QY35: 0 | RB35: 0 | RC35: 0 | RF35: 0 | RG35: 0 | RJ35: 0 | RK35: 0 | RN35: 0 | RO35: 0 | RR35: 0 | RS35: 0 | RV35: 0 | RW35: 0 | RZ35: 0 | SA35: 0 | SD35: 0 | SE35: 0 | SH35: 0 | SI35: 0 | SL35: 0 | SM35: 0 | SP35: 0 | SQ35: 0 | ST35: 0 | SU35: =ROUND(SR35/1000000*IF(SS35=0,0,VLOOKUP(SS35,名称和价格索引!$A$4:$C$834,3,FALSE)),1) -> 0 | SV35: {=SUM(VLOOKUP(D35,D35:SU35,ROW($1:$128)*4,0))} -> #N/A
A36: 半兽人 | B36: 沃玛森林 | C36: 922 | L36: 50000 | M36: 301 | N36: 金创药(小量) | O36: 2 | P36: 50000 | Q36: 321 | R36: 魔法药(小量) | S36: 2 | V36: 0 | W36: 0 | X36: 3000 | Y36: 99900004 | Z36: 青铜剑 | AA36: 1.4 | AB36: 3000 | AC36: 99940002 | AD36: 小手镯 | AE36: 1.5 | AF36: 3000 | AG36: 99930002 | AH36: 玻璃戒指 | AI36: 1.2 | AJ36: 3000 | AK36: 99930003 | AL36: 六角戒指 | AM36: 1.2 | AN36: 3000 | AO36: 99940017 | AP36: 皮制手套 | AQ36: 2.3 | AR36: 3000 | AS36: 99940003 | AT36: 银手镯 | AU36: 2.3 | AX36: 0 | AY36: 0 | BB36: 0 | BC36: 0 | BF36: 0 | BG36: 0 | BH36: 6000 | BI36: 99980113 | BJ36: 布衣 | BK36: 0.4 | BL36: 6000 | BM36: 99990113 | BN36: 布衣6 | BO36: 0.4 | BP36: 6000 | BQ36: 99900001 | BR36: 木剑 | BS36: 0.2 | BT36: 6000 | BU36: 99900002 | BV36: 匕首 | BW36: 1.5 | BX36: 3000 | BY36: 99900003 | BZ36: 乌木剑 | CA36: 6 | CB36: 6000 | CC36: 99920001 | CD36: 金项链 | CE36: 1.5 | CF36: 6000 | CG36: 99930001 | CH36: 古铜戒指 | CI36: 1.5 | CJ36: 6000 | CK36: 99940001 | CL36: 铁手镯 | CM36: 2.4 | CN36: 6000 | CO36: 99920002 | CP36: 传统项链 | CQ36: 3 | CT36: 0 | CU36: 0 | CX36: 0 | CY36: 0 | DB36: 0 | DC36: 0 | DF36: 0 | DG36: 0 | DJ36: 0 | DK36: 0 | DN36: 0 | DO36: 0 | DR36: 0 | DS36: 0 | DV36: 0 | DW36: 0 | DZ36: 0 | EA36: 0 | ED36: 0 | EE36: 0 | EH36: 0 | EI36: 0 | EL36: 0 | EM36: 0 | EP36: 0 | EQ36: 0 | ET36: 0 | EU36: 0 | EX36: 0 | EY36: 0 | FB36: 0 | FC36: 0 | FF36: 0 | FG36: 0 | FJ36: 0 | FK36: 0 | FN36: 0 | FO36: 0 | FR36: 0 | FS36: 0 | FV36: 0 | FW36: 0 | FZ36: 0 | GA36: 0 | GD36: 0 | GE36: 0 | GH36: 0 | GI36: 0 | GL36: 0 | GM36: 0 | GP36: 0 | GQ36: 0 | GT36: 0 | GU36: 0 | GX36: 0 | GY36: 0 | HB36: 0 | HC36: 0 | HF36: 0 | HG36: 0 | HJ36: 0 | HK36: 0 | HN36: 0 | HO36: 0 | HR36: 0 | HS36: 0 | HV36: 0 | HW36: 0 | HZ36: 0 | IA36: 0 | ID36: 0 | IE36: 0 | IH36: 0 | II36: 0 | IL36: 0 | IM36: 0 | IP36: 0 | IQ36: 0 | IT36: 0 | IU36: 0 | IX36: 0 | IY36: 0 | JB36: 0 | JC36: 0 | JF36: 0 | JG36: 0 | JJ36: 0 | JK36: 0 | JN36: 0 | JO36: 0 | JR36: 0 | JS36: 0 | JV36: 0 | JW36: 0 | JZ36: 0 | KA36: 0 | KD36: 0 | KE36: 0 | KH36: 0 | KI36: 0 | KL36: 0 | KM36: 0 | KP36: 0 | KQ36: 0 | KT36: 0 | KU36: 0 | KX36: 0 | KY36: 0 | LB36: 0 | LC36: 0 | LF36: 0 | LG36: 0 | LJ36: 0 | LK36: 0 | LN36: 0 | LO36: 0 | LR36: 0 | LS36: 0 | LV36: 0 | LW36: 0 | LZ36: 0 | MA36: 0 | MD36: 0 | ME36: 0 | MH36: 0 | MI36: 0 | ML36: 0 | MM36: 0 | MP36: 0 | MQ36: 0 | MT36: 0 | MU36: 0 | MX36: 0 | MY36: 0 | NB36: 0 | NC36: 0 | NF36: 0 | NG36: 0 | NJ36: 0 | NK36: 0 | NN36: 0 | NO36: 0 | NR36: 0 | NS36: 0 | NV36: 0 | NW36: 0 | NZ36: 0 | OA36: 0 | OD36: 0 | OE36: 0 | OH36: 0 | OI36: 0 | OL36: 0 | OM36: 0 | OP36: 0 | OQ36: 0 | OT36: 0 | OU36: 0 | OX36: 0 | OY36: 0 | PB36: 0 | PC36: 0 | PF36: 0 | PG36: 0 | PJ36: 0 | PK36: 0 | PN36: 0 | PO36: 0 | PR36: 0 | PS36: 0 | PV36: 0 | PW36: 0 | PZ36: 0 | QA36: 0 | QD36: 0 | QE36: 0 | QH36: 0 | QI36: 0 | QL36: 0 | QM36: 0 | QP36: 0 | QQ36: 0 | QT36: 0 | QU36: 0 | QX36: 0 | QY36: 0 | RB36: 0 | RC36: 0 | RF36: 0 | RG36: 0 | RJ36: 0 | RK36: 0 | RN36: 0 | RO36: 0 | RR36: 0 | RS36: 0 | RV36: 0 | RW36: 0 | RZ36: 0 | SA36: 0 | SD36: 0 | SE36: 0 | SH36: 0 | SI36: 0 | SL36: 0 | SM36: 0 | SP36: 0 | SQ36: 0 | ST36: 0 | SU36: =ROUND(SR36/1000000*IF(SS36=0,0,VLOOKUP(SS36,名称和价格索引!$A$4:$C$834,3,FALSE)),1) -> 0 | SV36: {=SUM(VLOOKUP(D36,D36:SU36,ROW($1:$128)*4,0))} -> #N/A
A37: 半兽人战士 | B37: 沃玛森林 | C37: 923 | L37: 50000 | M37: 301 | N37: 金创药(小量) | O37: 2 | P37: 50000 | Q37: 321 | R37: 魔法药(小量) | S37: 2 | V37: 0 | W37: 0 | X37: 2000 | Y37: 99900006 | Z37: 铁剑 | AA37: 1.2 | AB37: 2000 | AC37: 99900005 | AD37: 短剑 | AE37: 1 | AF37: 2000 | AG37: 99980213 | AH37: 轻型盔甲 | AI37: 3 | AJ37: 2000 | AK37: 99990213 | AL37: 轻型盔甲6 | AM37: 3 | AN37: 2000 | AO37: 99900008 | AP37: 青铜斧 | AQ37: 1.5 | AR37: 2000 | AS37: 99920004 | AT37: 黑檀项链 | AU37: 1.2 | AV37: 2000 | AW37: 99920003 | AX37: 黄色水晶项链 | AY37: 1.2 | AZ37: 2000 | BA37: 99920005 | BB37: 黑色水晶项链 | BC37: 1.5 | BD37: 2000 | BE37: 99990111 | BF37: 青铜头盔 | BG37: 1 | BH37: 5000 | BI37: 99900004 | BJ37: 青铜剑 | BK37: 2.3 | BL37: 5000 | BM37: 99940002 | BN37: 小手镯 | BO37: 2.5 | BP37: 5000 | BQ37: 99930002 | BR37: 玻璃戒指 | BS37: 2 | BT37: 5000 | BU37: 99930003 | BV37: 六角戒指 | BW37: 2 | BX37: 5000 | BY37: 99940017 | BZ37: 皮制手套 | CA37: 3.8 | CB37: 5000 | CC37: 99940003 | CD37: 银手镯 | CE37: 3.8 | CF37: 5000 | CG37: 99940005 | CH37: 钢手镯 | CI37: 5 | CJ37: 5000 | CK37: 99930004 | CL37: 牛角戒指 | CM37: 2.5 | CN37: 2500 | CO37: 99940004 | CP37: 大手镯 | CQ37: 6.3 | CR37: 5000 | CS37: 99980113 | CT37: 布衣 | CU37: 0.3 | CV37: 5000 | CW37: 99990113 | CX37: 布衣6 | CY37: 0.3 | CZ37: 5000 | DA37: 99900001 | DB37: 木剑 | DC37: 0.1 | DD37: 5000 | DE37: 99900002 | DF37: 匕首 | DG37: 1.3 | DH37: 5000 | DI37: 99900003 | DJ37: 乌木剑 | DK37: 10 | DL37: 5000 | DM37: 99920001 | DN37: 金项链 | DO37: 1.3 | DP37: 5000 | DQ37: 99930001 | DR37: 古铜戒指 | DS37: 1.3 | DT37: 5000 | DU37: 99940001 | DV37: 铁手镯 | DW37: 2 | DX37: 5000 | DY37: 99920002 | DZ37: 传统项链 | EA37: 2.5 | ED37: 0 | EE37: 0 | EH37: 0 | EI37: 0 | EL37: 0 | EM37: 0 | EP37: 0 | EQ37: 0 | ET37: 0 | EU37: 0 | EX37: 0 | EY37: 0 | FB37: 0 | FC37: 0 | FF37: 0 | FG37: 0 | FJ37: 0 | FK37: 0 | FN37: 0 | FO37: 0 | FR37: 0 | FS37: 0 | FV37: 0 | FW37: 0 | FZ37: 0 | GA37: 0 | GD37: 0 | GE37: 0 | GH37: 0 | GI37: 0 | GL37: 0 | GM37: 0 | GP37: 0 | GQ37: 0 | GT37: 0 | GU37: 0 | GX37: 0 | GY37: 0 | HB37: 0 | HC37: 0 | HF37: 0 | HG37: 0 | HJ37: 0 | HK37: 0 | HN37: 0 | HO37: 0 | HR37: 0 | HS37: 0 | HV37: 0 | HW37: 0 | HZ37: 0 | IA37: 0 | ID37: 0 | IE37: 0 | IH37: 0 | II37: 0 | IL37: 0 | IM37: 0 | IP37: 0 | IQ37: 0 | IT37: 0 | IU37: 0 | IX37: 0 | IY37: 0 | JB37: 0 | JC37: 0 | JF37: 0 | JG37: 0 | JJ37: 0 | JK37: 0 | JN37: 0 | JO37: 0 | JR37: 0 | JS37: 0 | JV37: 0 | JW37: 0 | JZ37: 0 | KA37: 0 | KD37: 0 | KE37: 0 | KH37: 0 | KI37: 0 | KL37: 0 | KM37: 0 | KP37: 0 | KQ37: 0 | KT37: 0 | KU37: 0 | KX37: 0 | KY37: 0 | LB37: 0 | LC37: 0 | LF37: 0 | LG37: 0 | LJ37: 0 | LK37: 0 | LN37: 0 | LO37: 0 | LR37: 0 | LS37: 0 | LV37: 0 | LW37: 0 | LZ37: 0 | MA37: 0 | MD37: 0 | ME37: 0 | MH37: 0 | MI37: 0 | ML37: 0 | MM37: 0 | MP37: 0 | MQ37: 0 | MT37: 0 | MU37: 0 | MX37: 0 | MY37: 0 | NB37: 0 | NC37: 0 | NF37: 0 | NG37: 0 | NJ37: 0 | NK37: 0 | NN37: 0 | NO37: 0 | NR37: 0 | NS37: 0 | NV37: 0 | NW37: 0 | NZ37: 0 | OA37: 0 | OD37: 0 | OE37: 0 | OH37: 0 | OI37: 0 | OL37: 0 | OM37: 0 | OP37: 0 | OQ37: 0 | OT37: 0 | OU37: 0 | OX37: 0 | OY37: 0 | PB37: 0 | PC37: 0 | PF37: 0 | PG37: 0 | PJ37: 0 | PK37: 0 | PN37: 0 | PO37: 0 | PR37: 0 | PS37: 0 | PV37: 0 | PW37: 0 | PZ37: 0 | QA37: 0 | QD37: 0 | QE37: 0 | QH37: 0 | QI37: 0 | QL37: 0 | QM37: 0 | QP37: 0 | QQ37: 0 | QT37: 0 | QU37: 0 | QX37: 0 | QY37: 0 | RB37: 0 | RC37: 0 | RF37: 0 | RG37: 0 | RJ37: 0 | RK37: 0 | RN37: 0 | RO37: 0 | RR37: 0 | RS37: 0 | RV37: 0 | RW37: 0 | RZ37: 0 | SA37: 0 | SD37: 0 | SE37: 0 | SH37: 0 | SI37: 0 | SL37: 0 | SM37: 0 | SP37: 0 | SQ37: 0 | ST37: 0 | SU37: =ROUND(SR37/1000000*IF(SS37=0,0,VLOOKUP(SS37,名称和价格索引!$A$4:$C$834,3,FALSE)),1) -> 0 | SV37: {=SUM(VLOOKUP(D37,D37:SU37,ROW($1:$128)*4,0))} -> #N/A
A38: 壮士 大锤 | B38: 沃玛森林 | C38: 3120 | D38: 1000000 | E38: 200300 | F38: 300 | G38: 300 | H38: 1000000 | I38: 302 | J38: 金创药(中量) | K38: 130 | L38: 1000000 | M38: 322 | N38: 魔法药(中量) | O38: 130 | P38: 500000 | Q38: 302 | R38: 金创药(中量) | S38: 65 | T38: 500000 | U38: 322 | V38: 魔法药(中量) | W38: 65 | X38: 40000 | Y38: 99900006 | Z38: 铁剑 | AA38: 24 | AB38: 40000 | AC38: 99900005 | AD38: 短剑 | AE38: 20 | AF38: 40000 | AG38: 99980213 | AH38: 轻型盔甲 | AI38: 60 | AJ38: 40000 | AK38: 99980213 | AL38: 轻型盔甲 | AM38: 60 | AN38: 40000 | AO38: 99900008 | AP38: 青铜斧 | AQ38: 30 | AR38: 40000 | AS38: 99920004 | AT38: 黑檀项链 | AU38: 24 | AV38: 40000 | AW38: 99920003 | AX38: 黄色水晶项链 | AY38: 24 | AZ38: 40000 | BA38: 99920005 | BB38: 黑色水晶项链 | BC38: 30 | BD38: 40000 | BE38: 99990111 | BF38: 青铜头盔 | BG38: 20 | BH38: 60000 | BI38: 99900004 | BJ38: 青铜剑 | BK38: 27 | BL38: 60000 | BM38: 99940002 | BN38: 小手镯 | BO38: 30 | BP38: 60000 | BQ38: 99930002 | BR38: 玻璃戒指 | BS38: 24 | BT38: 60000 | BU38: 99930003 | BV38: 六角戒指 | BW38: 24 | BX38: 60000 | BY38: 99940017 | BZ38: 皮制手套 | CA38: 45 | CB38: 60000 | CC38: 99940003 | CD38: 银手镯 | CE38: 45 | CF38: 40000 | CG38: 99940005 | CH38: 钢手镯 | CI38: 40 | CJ38: 40000 | CK38: 99930004 | CL38: 牛角戒指 | CM38: 20 | CN38: 40000 | CO38: 99940004 | CP38: 大手镯 | CQ38: 100 | CR38: 60000 | CS38: 99980213 | CT38: 轻型盔甲 | CU38: 90 | CV38: 60000 | CW38: 99980213 | CX38: 轻型盔甲 | CY38: 90 | CZ38: 60000 | DA38: 99900001 | DB38: 木剑 | DC38: 1.5 | DD38: 60000 | DE38: 99900002 | DF38: 匕首 | DG38: 15 | DH38: 60000 | DI38: 99900003 | DJ38: 乌木剑 | DK38: 120 | DL38: 60000 | DM38: 99920001 | DN38: 金项链 | DO38: 15 | DP38: 60000 | DQ38: 99930001 | DR38: 古铜戒指 | DS38: 15 | DT38: 60000 | DU38: 99940001 | DV38: 铁手镯 | DW38: 24 | DX38: 60000 | DY38: 99920002 | DZ38: 传统项链 | EA38: 30 | ED38: 0 | EE38: 0 | EH38: 0 | EI38: 0 | EL38: 0 | EM38: 0 | EP38: 0 | EQ38: 0 | ET38: 0 | EU38: 0 | EX38: 0 | EY38: 0 | FB38: 0 | FC38: 0 | FF38: 0 | FG38: 0 | FJ38: 0 | FK38: 0 | FN38: 0 | FO38: 0 | FR38: 0 | FS38: 0 | FV38: 0 | FW38: 0 | FZ38: 0 | GA38: 0 | GD38: 0 | GE38: 0 | GH38: 0 | GI38: 0 | GL38: 0 | GM38: 0 | GP38: 0 | GQ38: 0 | GT38: 0 | GU38: 0 | GX38: 0 | GY38: 0 | HB38: 0 | HC38: 0 | HF38: 0 | HG38: 0 | HJ38: 0 | HK38: 0 | HN38: 0 | HO38: 0 | HR38: 0 | HS38: 0 | HV38: 0 | HW38: 0 | HZ38: 0 | IA38: 0 | ID38: 0 | IE38: 0 | IH38: 0 | II38: 0 | IL38: 0 | IM38: 0 | IP38: 0 | IQ38: 0 | IT38: 0 | IU38: 0 | IX38: 0 | IY38: 0 | JB38: 0 | JC38: 0 | JF38: 0 | JG38: 0 | JJ38: 0 | JK38: 0 | JN38: 0 | JO38: 0 | JR38: 0 | JS38: 0 | JV38: 0 | JW38: 0 | JZ38: 0 | KA38: 0 | KD38: 0 | KE38: 0 | KH38: 0 | KI38: 0 | KL38: 0 | KM38: 0 | KP38: 0 | KQ38: 0 | KT38: 0 | KU38: 0 | KX38: 0 | KY38: 0 | LB38: 0 | LC38: 0 | LF38: 0 | LG38: 0 | LJ38: 0 | LK38: 0 | LN38: 0 | LO38: 0 | LR38: 0 | LS38: 0 | LV38: 0 | LW38: 0 | LZ38: 0 | MA38: 0 | MD38: 0 | ME38: 0 | MH38: 0 | MI38: 0 | ML38: 0 | MM38: 0 | MP38: 0 | MQ38: 0 | MT38: 0 | MU38: 0 | MX38: 0 | MY38: 0 | NB38: 0 | NC38: 0 | NF38: 0 | NG38: 0 | NJ38: 0 | NK38: 0 | NN38: 0 | NO38: 0 | NR38: 0 | NS38: 0 | NV38: 0 | NW38: 0 | NZ38: 0 | OA38: 0 | OD38: 0 | OE38: 0 | OH38: 0 | OI38: 0 | OL38: 0 | OM38: 0 | OP38: 0 | OQ38: 0 | OT38: 0 | OU38: 0 | OX38: 0 | OY38: 0 | PB38: 0 | PC38: 0 | PF38: 0 | PG38: 0 | PJ38: 0 | PK38: 0 | PN38: 0 | PO38: 0 | PR38: 0 | PS38: 0 | PV38: 0 | PW38: 0 | PZ38: 0 | QA38: 0 | QD38: 0 | QE38: 0 | QH38: 0 | QI38: 0 | QL38: 0 | QM38: 0 | QP38: 0 | QQ38: 0 | QT38: 0 | QU38: 0 | QX38: 0 | QY38: 0 | RB38: 0 | RC38: 0 | RF38: 0 | RG38: 0 | RJ38: 0 | RK38: 0 | RN38: 0 | RO38: 0 | RR38: 0 | RS38: 0 | RV38: 0 | RW38: 0 | RZ38: 0 | SA38: 0 | SD38: 0 | SE38: 0 | SH38: 0 | SI38: 0 | SL38: 0 | SM38: 0 | SP38: 0 | SQ38: 0 | ST38: 0 | SU38: =ROUND(SR38/1000000*IF(SS38=0,0,VLOOKUP(SS38,名称和价格索引!$A$4:$C$834,3,FALSE)),1) -> 0 | SV38: {=SUM(VLOOKUP(D38,D38:SU38,ROW($1:$128)*4,0))} -> 1737.5
A39: 血战士 赤奴 | B39: 沃玛森林 | C39: 3121 | D39: 1000000 | E39: 200300 | F39: 300 | G39: 300 | H39: 1000000 | I39: 302 | J39: 金创药(中量) | K39: 130 | L39: 1000000 | M39: 322 | N39: 魔法药(中量) | O39: 130 | P39: 500000 | Q39: 302 | R39: 金创药(中量) | S39: 65 | T39: 500000 | U39: 322 | V39: 魔法药(中量) | W39: 65 | X39: 40000 | Y39: 99900006 | Z39: 铁剑 | AA39: 24 | AB39: 40000 | AC39: 99900005 | AD39: 短剑 | AE39: 20 | AF39: 40000 | AG39: 99980213 | AH39: 轻型盔甲 | AI39: 60 | AJ39: 40000 | AK39: 99980213 | AL39: 轻型盔甲 | AM39: 60 | AN39: 40000 | AO39: 99900008 | AP39: 青铜斧 | AQ39: 30 | AR39: 40000 | AS39: 99920004 | AT39: 黑檀项链 | AU39: 24 | AV39: 40000 | AW39: 99920003 | AX39: 黄色水晶项链 | AY39: 24 | AZ39: 40000 | BA39: 99920005 | BB39: 黑色水晶项链 | BC39: 30 | BD39: 40000 | BE39: 99990111 | BF39: 青铜头盔 | BG39: 20 | BH39: 60000 | BI39: 99900004 | BJ39: 青铜剑 | BK39: 27 | BL39: 60000 | BM39: 99940002 | BN39: 小手镯 | BO39: 30 | BP39: 60000 | BQ39: 99930002 | BR39: 玻璃戒指 | BS39: 24 | BT39: 60000 | BU39: 99930003 | BV39: 六角戒指 | BW39: 24 | BX39: 60000 | BY39: 99940017 | BZ39: 皮制手套 | CA39: 45 | CB39: 60000 | CC39: 99940003 | CD39: 银手镯 | CE39: 45 | CF39: 40000 | CG39: 99940005 | CH39: 钢手镯 | CI39: 40 | CJ39: 40000 | CK39: 99930004 | CL39: 牛角戒指 | CM39: 20 | CN39: 40000 | CO39: 99940004 | CP39: 大手镯 | CQ39: 100 | CR39: 60000 | CS39: 99980213 | CT39: 轻型盔甲 | CU39: 90 | CV39: 60000 | CW39: 99980213 | CX39: 轻型盔甲 | CY39: 90 | CZ39: 60000 | DA39: 99900001 | DB39: 木剑 | DC39: 1.5 | DD39: 60000 | DE39: 99900002 | DF39: 匕首 | DG39: 15 | DH39: 60000 | DI39: 99900003 | DJ39: 乌木剑 | DK39: 120 | DL39: 60000 | DM39: 99920001 | DN39: 金项链 | DO39: 15 | DP39: 60000 | DQ39: 99930001 | DR39: 古铜戒指 | DS39: 15 | DT39: 60000 | DU39: 99940001 | DV39: 铁手镯 | DW39: 24 | DX39: 60000 | DY39: 99920002 | DZ39: 传统项链 | EA39: 30 | ED39: 0 | EE39: 0 | EH39: 0 | EI39: 0 | EL39: 0 | EM39: 0 | EP39: 0 | EQ39: 0 | ET39: 0 | EU39: 0 | EX39: 0 | EY39: 0 | FB39: 0 | FC39: 0 | FF39: 0 | FG39: 0 | FJ39: 0 | FK39: 0 | FN39: 0 | FO39: 0 | FR39: 0 | FS39: 0 | FV39: 0 | FW39: 0 | FZ39: 0 | GA39: 0 | GD39: 0 | GE39: 0 | GH39: 0 | GI39: 0 | GL39: 0 | GM39: 0 | GP39: 0 | GQ39: 0 | GT39: 0 | GU39: 0 | GX39: 0 | GY39: 0 | HB39: 0 | HC39: 0 | HF39: 0 | HG39: 0 | HJ39: 0 | HK39: 0 | HN39: 0 | HO39: 0 | HR39: 0 | HS39: 0 | HV39: 0 | HW39: 0 | HZ39: 0 | IA39: 0 | ID39: 0 | IE39: 0 | IH39: 0 | II39: 0 | IL39: 0 | IM39: 0 | IP39: 0 | IQ39: 0 | IT39: 0 | IU39: 0 | IX39: 0 | IY39: 0 | JB39: 0 | JC39: 0 | JF39: 0 | JG39: 0 | JJ39: 0 | JK39: 0 | JN39: 0 | JO39: 0 | JR39: 0 | JS39: 0 | JV39: 0 | JW39: 0 | JZ39: 0 | KA39: 0 | KD39: 0 | KE39: 0 | KH39: 0 | KI39: 0 | KL39: 0 | KM39: 0 | KP39: 0 | KQ39: 0 | KT39: 0 | KU39: 0 | KX39: 0 | KY39: 0 | LB39: 0 | LC39: 0 | LF39: 0 | LG39: 0 | LJ39: 0 | LK39: 0 | LN39: 0 | LO39: 0 | LR39: 0 | LS39: 0 | LV39: 0 | LW39: 0 | LZ39: 0 | MA39: 0 | MD39: 0 | ME39: 0 | MH39: 0 | MI39: 0 | ML39: 0 | MM39: 0 | MP39: 0 | MQ39: 0 | MT39: 0 | MU39: 0 | MX39: 0 | MY39: 0 | NB39: 0 | NC39: 0 | NF39: 0 | NG39: 0 | NJ39: 0 | NK39: 0 | NN39: 0 | NO39: 0 | NR39: 0 | NS39: 0 | NV39: 0 | NW39: 0 | NZ39: 0 | OA39: 0 | OD39: 0 | OE39: 0 | OH39: 0 | OI39: 0 | OL39: 0 | OM39: 0 | OP39: 0 | OQ39: 0 | OT39: 0 | OU39: 0 | OX39: 0 | OY39: 0 | PB39: 0 | PC39: 0 | PF39: 0 | PG39: 0 | PJ39: 0 | PK39: 0 | PN39: 0 | PO39: 0 | PR39: 0 | PS39: 0 | PV39: 0 | PW39: 0 | PZ39: 0 | QA39: 0 | QD39: 0 | QE39: 0 | QH39: 0 | QI39: 0 | QL39: 0 | QM39: 0 | QP39: 0 | QQ39: 0 | QT39: 0 | QU39: 0 | QX39: 0 | QY39: 0 | RB39: 0 | RC39: 0 | RF39: 0 | RG39: 0 | RJ39: 0 | RK39: 0 | RN39: 0 | RO39: 0 | RR39: 0 | RS39: 0 | RV39: 0 | RW39: 0 | RZ39: 0 | SA39: 0 | SD39: 0 | SE39: 0 | SH39: 0 | SI39: 0 | SL39: 0 | SM39: 0 | SP39: 0 | SQ39: 0 | ST39: 0 | SU39: =ROUND(SR39/1000000*IF(SS39=0,0,VLOOKUP(SS39,名称和价格索引!$A$4:$C$834,3,FALSE)),1) -> 0 | SV39: {=SUM(VLOOKUP(D39,D39:SU39,ROW($1:$128)*4,0))} -> 1737.5
A40: 青面兽 白牙 | B40: 沃玛森林 | C40: 3122 | D40: 1000000 | E40: 200300 | F40: 300 | G40: 300 | H40: 1000000 | I40: 302 | J40: 金创药(中量) | K40: 130 | L40: 1000000 | M40: 322 | N40: 魔法药(中量) | O40: 130 | P40: 500000 | Q40: 302 | R40: 金创药(中量) | S40: 65 | T40: 500000 | U40: 322 | V40: 魔法药(中量) | W40: 65 | X40: 40000 | Y40: 99900006 | Z40: 铁剑 | AA40: 24 | AB40: 40000 | AC40: 99900005 | AD40: 短剑 | AE40: 20 | AF40: 40000 | AG40: 99980213 | AH40: 轻型盔甲 | AI40: 60 | AJ40: 40000 | AK40: 99980213 | AL40: 轻型盔甲 | AM40: 60 | AN40: 40000 | AO40: 99900008 | AP40: 青铜斧 | AQ40: 30 | AR40: 40000 | AS40: 99920004 | AT40: 黑檀项链 | AU40: 24 | AV40: 40000 | AW40: 99920003 | AX40: 黄色水晶项链 | AY40: 24 | AZ40: 40000 | BA40: 99920005 | BB40: 黑色水晶项链 | BC40: 30 | BD40: 40000 | BE40: 99990111 | BF40: 青铜头盔 | BG40: 20 | BH40: 60000 | BI40: 99900004 | BJ40: 青铜剑 | BK40: 27 | BL40: 60000 | BM40: 99940002 | BN40: 小手镯 | BO40: 30 | BP40: 60000 | BQ40: 99930002 | BR40: 玻璃戒指 | BS40: 24 | BT40: 60000 | BU40: 99930003 | BV40: 六角戒指 | BW40: 24 | BX40: 60000 | BY40: 99940017 | BZ40: 皮制手套 | CA40: 45 | CB40: 60000 | CC40: 99940003 | CD40: 银手镯 | CE40: 45 | CF40: 40000 | CG40: 99940005 | CH40: 钢手镯 | CI40: 40 | CJ40: 40000 | CK40: 99930004 | CL40: 牛角戒指 | CM40: 20 | CN40: 40000 | CO40: 99940004 | CP40: 大手镯 | CQ40: 100 | CR40: 60000 | CS40: 99980213 | CT40: 轻型盔甲 | CU40: 90 | CV40: 60000 | CW40: 99980213 | CX40: 轻型盔甲 | CY40: 90 | CZ40: 60000 | DA40: 99900001 | DB40: 木剑 | DC40: 1.5 | DD40: 60000 | DE40: 99900002 | DF40: 匕首 | DG40: 15 | DH40: 60000 | DI40: 99900003 | DJ40: 乌木剑 | DK40: 120 | DL40: 60000 | DM40: 99920001 | DN40: 金项链 | DO40: 15 | DP40: 60000 | DQ40: 99930001 | DR40: 古铜戒指 | DS40: 15 | DT40: 60000 | DU40: 99940001 | DV40: 铁手镯 | DW40: 24 | DX40: 60000 | DY40: 99920002 | DZ40: 传统项链 | EA40: 30 | ED40: 0 | EE40: 0 | EH40: 0 | EI40: 0 | EL40: 0 | EM40: 0 | EP40: 0 | EQ40: 0 | ET40: 0 | EU40: 0 | EX40: 0 | EY40: 0 | FB40: 0 | FC40: 0 | FF40: 0 | FG40: 0 | FJ40: 0 | FK40: 0 | FN40: 0 | FO40: 0 | FR40: 0 | FS40: 0 | FV40: 0 | FW40: 0 | FZ40: 0 | GA40: 0 | GD40: 0 | GE40: 0 | GH40: 0 | GI40: 0 | GL40: 0 | GM40: 0 | GP40: 0 | GQ40: 0 | GT40: 0 | GU40: 0 | GX40: 0 | GY40: 0 | HB40: 0 | HC40: 0 | HF40: 0 | HG40: 0 | HJ40: 0 | HK40: 0 | HN40: 0 | HO40: 0 | HR40: 0 | HS40: 0 | HV40: 0 | HW40: 0 | HZ40: 0 | IA40: 0 | ID40: 0 | IE40: 0 | IH40: 0 | II40: 0 | IL40: 0 | IM40: 0 | IP40: 0 | IQ40: 0 | IT40: 0 | IU40: 0 | IX40: 0 | IY40: 0 | JB40: 0 | JC40: 0 | JF40: 0 | JG40: 0 | JJ40: 0 | JK40: 0 | JN40: 0 | JO40: 0 | JR40: 0 | JS40: 0 | JV40: 0 | JW40: 0 | JZ40: 0 | KA40: 0 | KD40: 0 | KE40: 0 | KH40: 0 | KI40: 0 | KL40: 0 | KM40: 0 | KP40: 0 | KQ40: 0 | KT40: 0 | KU40: 0 | KX40: 0 | KY40: 0 | LB40: 0 | LC40: 0 | LF40: 0 | LG40: 0 | LJ40: 0 | LK40: 0 | LN40: 0 | LO40: 0 | LR40: 0 | LS40: 0 | LV40: 0 | LW40: 0 | LZ40: 0 | MA40: 0 | MD40: 0 | ME40: 0 | MH40: 0 | MI40: 0 | ML40: 0 | MM40: 0 | MP40: 0 | MQ40: 0 | MT40: 0 | MU40: 0 | MX40: 0 | MY40: 0 | NB40: 0 | NC40: 0 | NF40: 0 | NG40: 0 | NJ40: 0 | NK40: 0 | NN40: 0 | NO40: 0 | NR40: 0 | NS40: 0 | NV40: 0 | NW40: 0 | NZ40: 0 | OA40: 0 | OD40: 0 | OE40: 0 | OH40: 0 | OI40: 0 | OL40: 0 | OM40: 0 | OP40: 0 | OQ40: 0 | OT40: 0 | OU40: 0 | OX40: 0 | OY40: 0 | PB40: 0 | PC40: 0 | PF40: 0 | PG40: 0 | PJ40: 0 | PK40: 0 | PN40: 0 | PO40: 0 | PR40: 0 | PS40: 0 | PV40: 0 | PW40: 0 | PZ40: 0 | QA40: 0 | QD40: 0 | QE40: 0 | QH40: 0 | QI40: 0 | QL40: 0 | QM40: 0 | QP40: 0 | QQ40: 0 | QT40: 0 | QU40: 0 | QX40: 0 | QY40: 0 | RB40: 0 | RC40: 0 | RF40: 0 | RG40: 0 | RJ40: 0 | RK40: 0 | RN40: 0 | RO40: 0 | RR40: 0 | RS40: 0 | RV40: 0 | RW40: 0 | RZ40: 0 | SA40: 0 | SD40: 0 | SE40: 0 | SH40: 0 | SI40: 0 | SL40: 0 | SM40: 0 | SP40: 0 | SQ40: 0 | ST40: 0 | SU40: =ROUND(SR40/1000000*IF(SS40=0,0,VLOOKUP(SS40,名称和价格索引!$A$4:$C$834,3,FALSE)),1) -> 0 | SV40: {=SUM(VLOOKUP(D40,D40:SU40,ROW($1:$128)*4,0))} -> 1737.5
A41: 巨力士 虎勇 | B41: 沃玛森林 | C41: 3123 | D41: 1000000 | E41: 200300 | F41: 300 | G41: 300 | H41: 1000000 | I41: 302 | J41: 金创药(中量) | K41: 130 | L41: 1000000 | M41: 322 | N41: 魔法药(中量) | O41: 130 | P41: 500000 | Q41: 302 | R41: 金创药(中量) | S41: 65 | T41: 500000 | U41: 322 | V41: 魔法药(中量) | W41: 65 | X41: 40000 | Y41: 99900006 | Z41: 铁剑 | AA41: 24 | AB41: 40000 | AC41: 99900005 | AD41: 短剑 | AE41: 20 | AF41: 40000 | AG41: 99980213 | AH41: 轻型盔甲 | AI41: 60 | AJ41: 40000 | AK41: 99980213 | AL41: 轻型盔甲 | AM41: 60 | AN41: 40000 | AO41: 99900008 | AP41: 青铜斧 | AQ41: 30 | AR41: 40000 | AS41: 99920004 | AT41: 黑檀项链 | AU41: 24 | AV41: 40000 | AW41: 99920003 | AX41: 黄色水晶项链 | AY41: 24 | AZ41: 40000 | BA41: 99920005 | BB41: 黑色水晶项链 | BC41: 30 | BD41: 40000 | BE41: 99990111 | BF41: 青铜头盔 | BG41: 20 | BH41: 60000 | BI41: 99900004 | BJ41: 青铜剑 | BK41: 27 | BL41: 60000 | BM41: 99940002 | BN41: 小手镯 | BO41: 30 | BP41: 60000 | BQ41: 99930002 | BR41: 玻璃戒指 | BS41: 24 | BT41: 60000 | BU41: 99930003 | BV41: 六角戒指 | BW41: 24 | BX41: 60000 | BY41: 99940017 | BZ41: 皮制手套 | CA41: 45 | CB41: 60000 | CC41: 99940003 | CD41: 银手镯 | CE41: 45 | CF41: 40000 | CG41: 99940005 | CH41: 钢手镯 | CI41: 40 | CJ41: 40000 | CK41: 99930004 | CL41: 牛角戒指 | CM41: 20 | CN41: 40000 | CO41: 99940004 | CP41: 大手镯 | CQ41: 100 | CR41: 60000 | CS41: 99980213 | CT41: 轻型盔甲 | CU41: 90 | CV41: 60000 | CW41: 99980213 | CX41: 轻型盔甲 | CY41: 90 | CZ41: 60000 | DA41: 99900001 | DB41: 木剑 | DC41: 1.5 | DD41: 60000 | DE41: 99900002 | DF41: 匕首 | DG41: 15 | DH41: 60000 | DI41: 99900003 | DJ41: 乌木剑 | DK41: 120 | DL41: 60000 | DM41: 99920001 | DN41: 金项链 | DO41: 15 | DP41: 60000 | DQ41: 99930001 | DR41: 古铜戒指 | DS41: 15 | DT41: 60000 | DU41: 99940001 | DV41: 铁手镯 | DW41: 24 | DX41: 60000 | DY41: 99920002 | DZ41: 传统项链 | EA41: 30 | ED41: 0 | EE41: 0 | EH41: 0 | EI41: 0 | EL41: 0 | EM41: 0 | EP41: 0 | EQ41: 0 | ET41: 0 | EU41: 0 | EX41: 0 | EY41: 0 | FB41: 0 | FC41: 0 | FF41: 0 | FG41: 0 | FJ41: 0 | FK41: 0 | FN41: 0 | FO41: 0 | FR41: 0 | FS41: 0 | FV41: 0 | FW41: 0 | FZ41: 0 | GA41: 0 | GD41: 0 | GE41: 0 | GH41: 0 | GI41: 0 | GL41: 0 | GM41: 0 | GP41: 0 | GQ41: 0 | GT41: 0 | GU41: 0 | GX41: 0 | GY41: 0 | HB41: 0 | HC41: 0 | HF41: 0 | HG41: 0 | HJ41: 0 | HK41: 0 | HN41: 0 | HO41: 0 | HR41: 0 | HS41: 0 | HV41: 0 | HW41: 0 | HZ41: 0 | IA41: 0 | ID41: 0 | IE41: 0 | IH41: 0 | II41: 0 | IL41: 0 | IM41: 0 | IP41: 0 | IQ41: 0 | IT41: 0 | IU41: 0 | IX41: 0 | IY41: 0 | JB41: 0 | JC41: 0 | JF41: 0 | JG41: 0 | JJ41: 0 | JK41: 0 | JN41: 0 | JO41: 0 | JR41: 0 | JS41: 0 | JV41: 0 | JW41: 0 | JZ41: 0 | KA41: 0 | KD41: 0 | KE41: 0 | KH41: 0 | KI41: 0 | KL41: 0 | KM41: 0 | KP41: 0 | KQ41: 0 | KT41: 0 | KU41: 0 | KX41: 0 | KY41: 0 | LB41: 0 | LC41: 0 | LF41: 0 | LG41: 0 | LJ41: 0 | LK41: 0 | LN41: 0 | LO41: 0 | LR41: 0 | LS41: 0 | LV41: 0 | LW41: 0 | LZ41: 0 | MA41: 0 | MD41: 0 | ME41: 0 | MH41: 0 | MI41: 0 | ML41: 0 | MM41: 0 | MP41: 0 | MQ41: 0 | MT41: 0 | MU41: 0 | MX41: 0 | MY41: 0 | NB41: 0 | NC41: 0 | NF41: 0 | NG41: 0 | NJ41: 0 | NK41: 0 | NN41: 0 | NO41: 0 | NR41: 0 | NS41: 0 | NV41: 0 | NW41: 0 | NZ41: 0 | OA41: 0 | OD41: 0 | OE41: 0 | OH41: 0 | OI41: 0 | OL41: 0 | OM41: 0 | OP41: 0 | OQ41: 0 | OT41: 0 | OU41: 0 | OX41: 0 | OY41: 0 | PB41: 0 | PC41: 0 | PF41: 0 | PG41: 0 | PJ41: 0 | PK41: 0 | PN41: 0 | PO41: 0 | PR41: 0 | PS41: 0 | PV41: 0 | PW41: 0 | PZ41: 0 | QA41: 0 | QD41: 0 | QE41: 0 | QH41: 0 | QI41: 0 | QL41: 0 | QM41: 0 | QP41: 0 | QQ41: 0 | QT41: 0 | QU41: 0 | QX41: 0 | QY41: 0 | RB41: 0 | RC41: 0 | RF41: 0 | RG41: 0 | RJ41: 0 | RK41: 0 | RN41: 0 | RO41: 0 | RR41: 0 | RS41: 0 | RV41: 0 | RW41: 0 | RZ41: 0 | SA41: 0 | SD41: 0 | SE41: 0 | SH41: 0 | SI41: 0 | SL41: 0 | SM41: 0 | SP41: 0 | SQ41: 0 | ST41: 0 | SU41: =ROUND(SR41/1000000*IF(SS41=0,0,VLOOKUP(SS41,名称和价格索引!$A$4:$C$834,3,FALSE)),1) -> 0 | SV41: {=SUM(VLOOKUP(D41,D41:SU41,ROW($1:$128)*4,0))} -> 1737.5
A42: 巨力士 火舞者 | B42: 沃玛森林 | C42: 3124 | D42: 1000000 | E42: 200300 | F42: 300 | G42: 300 | H42: 1000000 | I42: 302 | J42: 金创药(中量) | K42: 130 | L42: 1000000 | M42: 322 | N42: 魔法药(中量) | O42: 130 | P42: 500000 | Q42: 302 | R42: 金创药(中量) | S42: 65 | T42: 500000 | U42: 322 | V42: 魔法药(中量) | W42: 65 | X42: 40000 | Y42: 99900006 | Z42: 铁剑 | AA42: 24 | AB42: 40000 | AC42: 99900005 | AD42: 短剑 | AE42: 20 | AF42: 40000 | AG42: 99980213 | AH42: 轻型盔甲 | AI42: 60 | AJ42: 40000 | AK42: 99980213 | AL42: 轻型盔甲 | AM42: 60 | AN42: 40000 | AO42: 99900008 | AP42: 青铜斧 | AQ42: 30 | AR42: 40000 | AS42: 99920004 | AT42: 黑檀项链 | AU42: 24 | AV42: 40000 | AW42: 99920003 | AX42: 黄色水晶项链 | AY42: 24 | AZ42: 40000 | BA42: 99920005 | BB42: 黑色水晶项链 | BC42: 30 | BD42: 40000 | BE42: 99990111 | BF42: 青铜头盔 | BG42: 20 | BH42: 60000 | BI42: 99900004 | BJ42: 青铜剑 | BK42: 27 | BL42: 60000 | BM42: 99940002 | BN42: 小手镯 | BO42: 30 | BP42: 60000 | BQ42: 99930002 | BR42: 玻璃戒指 | BS42: 24 | BT42: 60000 | BU42: 99930003 | BV42: 六角戒指 | BW42: 24 | BX42: 60000 | BY42: 99940017 | BZ42: 皮制手套 | CA42: 45 | CB42: 60000 | CC42: 99940003 | CD42: 银手镯 | CE42: 45 | CF42: 40000 | CG42: 99940005 | CH42: 钢手镯 | CI42: 40 | CJ42: 40000 | CK42: 99930004 | CL42: 牛角戒指 | CM42: 20 | CN42: 40000 | CO42: 99940004 | CP42: 大手镯 | CQ42: 100 | CR42: 60000 | CS42: 99980213 | CT42: 轻型盔甲 | CU42: 90 | CV42: 60000 | CW42: 99980213 | CX42: 轻型盔甲 | CY42: 90 | CZ42: 60000 | DA42: 99900001 | DB42: 木剑 | DC42: 1.5 | DD42: 60000 | DE42: 99900002 | DF42: 匕首 | DG42: 15 | DH42: 60000 | DI42: 99900003 | DJ42: 乌木剑 | DK42: 120 | DL42: 60000 | DM42: 99920001 | DN42: 金项链 | DO42: 15 | DP42: 60000 | DQ42: 99930001 | DR42: 古铜戒指 | DS42: 15 | DT42: 60000 | DU42: 99940001 | DV42: 铁手镯 | DW42: 24 | DX42: 60000 | DY42: 99920002 | DZ42: 传统项链 | EA42: 30 | ED42: 0 | EE42: 0 | EH42: 0 | EI42: 0 | EL42: 0 | EM42: 0 | EP42: 0 | EQ42: 0 | ET42: 0 | EU42: 0 | EX42: 0 | EY42: 0 | FB42: 0 | FC42: 0 | FF42: 0 | FG42: 0 | FJ42: 0 | FK42: 0 | FN42: 0 | FO42: 0 | FR42: 0 | FS42: 0 | FV42: 0 | FW42: 0 | FZ42: 0 | GA42: 0 | GD42: 0 | GE42: 0 | GH42: 0 | GI42: 0 | GL42: 0 | GM42: 0 | GP42: 0 | GQ42: 0 | GT42: 0 | GU42: 0 | GX42: 0 | GY42: 0 | HB42: 0 | HC42: 0 | HF42: 0 | HG42: 0 | HJ42: 0 | HK42: 0 | HN42: 0 | HO42: 0 | HR42: 0 | HS42: 0 | HV42: 0 | HW42: 0 | HZ42: 0 | IA42: 0 | ID42: 0 | IE42: 0 | IH42: 0 | II42: 0 | IL42: 0 | IM42: 0 | IP42: 0 | IQ42: 0 | IT42: 0 | IU42: 0 | IX42: 0 | IY42: 0 | JB42: 0 | JC42: 0 | JF42: 0 | JG42: 0 | JJ42: 0 | JK42: 0 | JN42: 0 | JO42: 0 | JR42: 0 | JS42: 0 | JV42: 0 | JW42: 0 | JZ42: 0 | KA42: 0 | KD42: 0 | KE42: 0 | KH42: 0 | KI42: 0 | KL42: 0 | KM42: 0 | KP42: 0 | KQ42: 0 | KT42: 0 | KU42: 0 | KX42: 0 | KY42: 0 | LB42: 0 | LC42: 0 | LF42: 0 | LG42: 0 | LJ42: 0 | LK42: 0 | LN42: 0 | LO42: 0 | LR42: 0 | LS42: 0 | LV42: 0 | LW42: 0 | LZ42: 0 | MA42: 0 | MD42: 0 | ME42: 0 | MH42: 0 | MI42: 0 | ML42: 0 | MM42: 0 | MP42: 0 | MQ42: 0 | MT42: 0 | MU42: 0 | MX42: 0 | MY42: 0 | NB42: 0 | NC42: 0 | NF42: 0 | NG42: 0 | NJ42: 0 | NK42: 0 | NN42: 0 | NO42: 0 | NR42: 0 | NS42: 0 | NV42: 0 | NW42: 0 | NZ42: 0 | OA42: 0 | OD42: 0 | OE42: 0 | OH42: 0 | OI42: 0 | OL42: 0 | OM42: 0 | OP42: 0 | OQ42: 0 | OT42: 0 | OU42: 0 | OX42: 0 | OY42: 0 | PB42: 0 | PC42: 0 | PF42: 0 | PG42: 0 | PJ42: 0 | PK42: 0 | PN42: 0 | PO42: 0 | PR42: 0 | PS42: 0 | PV42: 0 | PW42: 0 | PZ42: 0 | QA42: 0 | QD42: 0 | QE42: 0 | QH42: 0 | QI42: 0 | QL42: 0 | QM42: 0 | QP42: 0 | QQ42: 0 | QT42: 0 | QU42: 0 | QX42: 0 | QY42: 0 | RB42: 0 | RC42: 0 | RF42: 0 | RG42: 0 | RJ42: 0 | RK42: 0 | RN42: 0 | RO42: 0 | RR42: 0 | RS42: 0 | RV42: 0 | RW42: 0 | RZ42: 0 | SA42: 0 | SD42: 0 | SE42: 0 | SH42: 0 | SI42: 0 | SL42: 0 | SM42: 0 | SP42: 0 | SQ42: 0 | ST42: 0 | SU42: =ROUND(SR42/1000000*IF(SS42=0,0,VLOOKUP(SS42,名称和价格索引!$A$4:$C$834,3,FALSE)),1) -> 0 | SV42: {=SUM(VLOOKUP(D42,D42:SU42,ROW($1:$128)*4,0))} -> 1737.5
A43: 雪魔头 冰刃 | B43: 沃玛森林 | C43: 3125 | D43: 1000000 | E43: 200300 | F43: 300 | G43: 300 | H43: 1000000 | I43: 302 | J43: 金创药(中量) | K43: 130 | L43: 1000000 | M43: 322 | N43: 魔法药(中量) | O43: 130 | P43: 500000 | Q43: 302 | R43: 金创药(中量) | S43: 65 | T43: 500000 | U43: 322 | V43: 魔法药(中量) | W43: 65 | X43: 40000 | Y43: 99900006 | Z43: 铁剑 | AA43: 24 | AB43: 40000 | AC43: 99900005 | AD43: 短剑 | AE43: 20 | AF43: 40000 | AG43: 99980213 | AH43: 轻型盔甲 | AI43: 60 | AJ43: 40000 | AK43: 99980213 | AL43: 轻型盔甲 | AM43: 60 | AN43: 40000 | AO43: 99900008 | AP43: 青铜斧 | AQ43: 30 | AR43: 40000 | AS43: 99920004 | AT43: 黑檀项链 | AU43: 24 | AV43: 40000 | AW43: 99920003 | AX43: 黄色水晶项链 | AY43: 24 | AZ43: 40000 | BA43: 99920005 | BB43: 黑色水晶项链 | BC43: 30 | BD43: 40000 | BE43: 99990111 | BF43: 青铜头盔 | BG43: 20 | BH43: 60000 | BI43: 99900004 | BJ43: 青铜剑 | BK43: 27 | BL43: 60000 | BM43: 99940002 | BN43: 小手镯 | BO43: 30 | BP43: 60000 | BQ43: 99930002 | BR43: 玻璃戒指 | BS43: 24 | BT43: 60000 | BU43: 99930003 | BV43: 六角戒指 | BW43: 24 | BX43: 60000 | BY43: 99940017 | BZ43: 皮制手套 | CA43: 45 | CB43: 60000 | CC43: 99940003 | CD43: 银手镯 | CE43: 45 | CF43: 40000 | CG43: 99940005 | CH43: 钢手镯 | CI43: 40 | CJ43: 40000 | CK43: 99930004 | CL43: 牛角戒指 | CM43: 20 | CN43: 40000 | CO43: 99940004 | CP43: 大手镯 | CQ43: 100 | CR43: 60000 | CS43: 99980213 | CT43: 轻型盔甲 | CU43: 90 | CV43: 60000 | CW43: 99980213 | CX43: 轻型盔甲 | CY43: 90 | CZ43: 60000 | DA43: 99900001 | DB43: 木剑 | DC43: 1.5 | DD43: 60000 | DE43: 99900002 | DF43: 匕首 | DG43: 15 | DH43: 60000 | DI43: 99900003 | DJ43: 乌木剑 | DK43: 120 | DL43: 60000 | DM43: 99920001 | DN43: 金项链 | DO43: 15 | DP43: 60000 | DQ43: 99930001 | DR43: 古铜戒指 | DS43: 15 | DT43: 60000 | DU43: 99940001 | DV43: 铁手镯 | DW43: 24 | DX43: 60000 | DY43: 99920002 | DZ43: 传统项链 | EA43: 30 | ED43: 0 | EE43: 0 | EH43: 0 | EI43: 0 | EL43: 0 | EM43: 0 | EP43: 0 | EQ43: 0 | ET43: 0 | EU43: 0 | EX43: 0 | EY43: 0 | FB43: 0 | FC43: 0 | FF43: 0 | FG43: 0 | FJ43: 0 | FK43: 0 | FN43: 0 | FO43: 0 | FR43: 0 | FS43: 0 | FV43: 0 | FW43: 0 | FZ43: 0 | GA43: 0 | GD43: 0 | GE43: 0 | GH43: 0 | GI43: 0 | GL43: 0 | GM43: 0 | GP43: 0 | GQ43: 0 | GT43: 0 | GU43: 0 | GX43: 0 | GY43: 0 | HB43: 0 | HC43: 0 | HF43: 0 | HG43: 0 | HJ43: 0 | HK43: 0 | HN43: 0 | HO43: 0 | HR43: 0 | HS43: 0 | HV43: 0 | HW43: 0 | HZ43: 0 | IA43: 0 | ID43: 0 | IE43: 0 | IH43: 0 | II43: 0 | IL43: 0 | IM43: 0 | IP43: 0 | IQ43: 0 | IT43: 0 | IU43: 0 | IX43: 0 | IY43: 0 | JB43: 0 | JC43: 0 | JF43: 0 | JG43: 0 | JJ43: 0 | JK43: 0 | JN43: 0 | JO43: 0 | JR43: 0 | JS43: 0 | JV43: 0 | JW43: 0 | JZ43: 0 | KA43: 0 | KD43: 0 | KE43: 0 | KH43: 0 | KI43: 0 | KL43: 0 | KM43: 0 | KP43: 0 | KQ43: 0 | KT43: 0 | KU43: 0 | KX43: 0 | KY43: 0 | LB43: 0 | LC43: 0 | LF43: 0 | LG43: 0 | LJ43: 0 | LK43: 0 | LN43: 0 | LO43: 0 | LR43: 0 | LS43: 0 | LV43: 0 | LW43: 0 | LZ43: 0 | MA43: 0 | MD43: 0 | ME43: 0 | MH43: 0 | MI43: 0 | ML43: 0 | MM43: 0 | MP43: 0 | MQ43: 0 | MT43: 0 | MU43: 0 | MX43: 0 | MY43: 0 | NB43: 0 | NC43: 0 | NF43: 0 | NG43: 0 | NJ43: 0 | NK43: 0 | NN43: 0 | NO43: 0 | NR43: 0 | NS43: 0 | NV43: 0 | NW43: 0 | NZ43: 0 | OA43: 0 | OD43: 0 | OE43: 0 | OH43: 0 | OI43: 0 | OL43: 0 | OM43: 0 | OP43: 0 | OQ43: 0 | OT43: 0 | OU43: 0 | OX43: 0 | OY43: 0 | PB43: 0 | PC43: 0 | PF43: 0 | PG43: 0 | PJ43: 0 | PK43: 0 | PN43: 0 | PO43: 0 | PR43: 0 | PS43: 0 | PV43: 0 | PW43: 0 | PZ43: 0 | QA43: 0 | QD43: 0 | QE43: 0 | QH43: 0 | QI43: 0 | QL43: 0 | QM43: 0 | QP43: 0 | QQ43: 0 | QT43: 0 | QU43: 0 | QX43: 0 | QY43: 0 | RB43: 0 | RC43: 0 | RF43: 0 | RG43: 0 | RJ43: 0 | RK43: 0 | RN43: 0 | RO43: 0 | RR43: 0 | RS43: 0 | RV43: 0 | RW43: 0 | RZ43: 0 | SA43: 0 | SD43: 0 | SE43: 0 | SH43: 0 | SI43: 0 | SL43: 0 | SM43: 0 | SP43: 0 | SQ43: 0 | ST43: 0 | SU43: =ROUND(SR43/1000000*IF(SS43=0,0,VLOOKUP(SS43,名称和价格索引!$A$4:$C$834,3,FALSE)),1) -> 0 | SV43: {=SUM(VLOOKUP(D43,D43:SU43,ROW($1:$128)*4,0))} -> 1737.5
A44: 精甲战士 怒号 | B44: 沃玛森林 | C44: 3126 | D44: 1000000 | E44: 200300 | F44: 300 | G44: 300 | H44: 1000000 | I44: 302 | J44: 金创药(中量) | K44: 130 | L44: 1000000 | M44: 322 | N44: 魔法药(中量) | O44: 130 | P44: 500000 | Q44: 302 | R44: 金创药(中量) | S44: 65 | T44: 500000 | U44: 322 | V44: 魔法药(中量) | W44: 65 | X44: 40000 | Y44: 99900006 | Z44: 铁剑 | AA44: 24 | AB44: 40000 | AC44: 99900005 | AD44: 短剑 | AE44: 20 | AF44: 40000 | AG44: 99980213 | AH44: 轻型盔甲 | AI44: 60 | AJ44: 40000 | AK44: 99980213 | AL44: 轻型盔甲 | AM44: 60 | AN44: 40000 | AO44: 99900008 | AP44: 青铜斧 | AQ44: 30 | AR44: 40000 | AS44: 99920004 | AT44: 黑檀项链 | AU44: 24 | AV44: 40000 | AW44: 99920003 | AX44: 黄色水晶项链 | AY44: 24 | AZ44: 40000 | BA44: 99920005 | BB44: 黑色水晶项链 | BC44: 30 | BD44: 40000 | BE44: 99990111 | BF44: 青铜头盔 | BG44: 20 | BH44: 60000 | BI44: 99900004 | BJ44: 青铜剑 | BK44: 27 | BL44: 60000 | BM44: 99940002 | BN44: 小手镯 | BO44: 30 | BP44: 60000 | BQ44: 99930002 | BR44: 玻璃戒指 | BS44: 24 | BT44: 60000 | BU44: 99930003 | BV44: 六角戒指 | BW44: 24 | BX44: 60000 | BY44: 99940017 | BZ44: 皮制手套 | CA44: 45 | CB44: 60000 | CC44: 99940003 | CD44: 银手镯 | CE44: 45 | CF44: 40000 | CG44: 99940005 | CH44: 钢手镯 | CI44: 40 | CJ44: 40000 | CK44: 99930004 | CL44: 牛角戒指 | CM44: 20 | CN44: 40000 | CO44: 99940004 | CP44: 大手镯 | CQ44: 100 | CR44: 60000 | CS44: 99980213 | CT44: 轻型盔甲 | CU44: 90 | CV44: 60000 | CW44: 99980213 | CX44: 轻型盔甲 | CY44: 90 | CZ44: 60000 | DA44: 99900001 | DB44: 木剑 | DC44: 1.5 | DD44: 60000 | DE44: 99900002 | DF44: 匕首 | DG44: 15 | DH44: 60000 | DI44: 99900003 | DJ44: 乌木剑 | DK44: 120 | DL44: 60000 | DM44: 99920001 | DN44: 金项链 | DO44: 15 | DP44: 60000 | DQ44: 99930001 | DR44: 古铜戒指 | DS44: 15 | DT44: 60000 | DU44: 99940001 | DV44: 铁手镯 | DW44: 24 | DX44: 60000 | DY44: 99920002 | DZ44: 传统项链 | EA44: 30 | ED44: 0 | EE44: 0 | EH44: 0 | EI44: 0 | EL44: 0 | EM44: 0 | EP44: 0 | EQ44: 0 | ET44: 0 | EU44: 0 | EX44: 0 | EY44: 0 | FB44: 0 | FC44: 0 | FF44: 0 | FG44: 0 | FJ44: 0 | FK44: 0 | FN44: 0 | FO44: 0 | FR44: 0 | FS44: 0 | FV44: 0 | FW44: 0 | FZ44: 0 | GA44: 0 | GD44: 0 | GE44: 0 | GH44: 0 | GI44: 0 | GL44: 0 | GM44: 0 | GP44: 0 | GQ44: 0 | GT44: 0 | GU44: 0 | GX44: 0 | GY44: 0 | HB44: 0 | HC44: 0 | HF44: 0 | HG44: 0 | HJ44: 0 | HK44: 0 | HN44: 0 | HO44: 0 | HR44: 0 | HS44: 0 | HV44: 0 | HW44: 0 | HZ44: 0 | IA44: 0 | ID44: 0 | IE44: 0 | IH44: 0 | II44: 0 | IL44: 0 | IM44: 0 | IP44: 0 | IQ44: 0 | IT44: 0 | IU44: 0 | IX44: 0 | IY44: 0 | JB44: 0 | JC44: 0 | JF44: 0 | JG44: 0 | JJ44: 0 | JK44: 0 | JN44: 0 | JO44: 0 | JR44: 0 | JS44: 0 | JV44: 0 | JW44: 0 | JZ44: 0 | KA44: 0 | KD44: 0 | KE44: 0 | KH44: 0 | KI44: 0 | KL44: 0 | KM44: 0 | KP44: 0 | KQ44: 0 | KT44: 0 | KU44: 0 | KX44: 0 | KY44: 0 | LB44: 0 | LC44: 0 | LF44: 0 | LG44: 0 | LJ44: 0 | LK44: 0 | LN44: 0 | LO44: 0 | LR44: 0 | LS44: 0 | LV44: 0 | LW44: 0 | LZ44: 0 | MA44: 0 | MD44: 0 | ME44: 0 | MH44: 0 | MI44: 0 | ML44: 0 | MM44: 0 | MP44: 0 | MQ44: 0 | MT44: 0 | MU44: 0 | MX44: 0 | MY44: 0 | NB44: 0 | NC44: 0 | NF44: 0 | NG44: 0 | NJ44: 0 | NK44: 0 | NN44: 0 | NO44: 0 | NR44: 0 | NS44: 0 | NV44: 0 | NW44: 0 | NZ44: 0 | OA44: 0 | OD44: 0 | OE44: 0 | OH44: 0 | OI44: 0 | OL44: 0 | OM44: 0 | OP44: 0 | OQ44: 0 | OT44: 0 | OU44: 0 | OX44: 0 | OY44: 0 | PB44: 0 | PC44: 0 | PF44: 0 | PG44: 0 | PJ44: 0 | PK44: 0 | PN44: 0 | PO44: 0 | PR44: 0 | PS44: 0 | PV44: 0 | PW44: 0 | PZ44: 0 | QA44: 0 | QD44: 0 | QE44: 0 | QH44: 0 | QI44: 0 | QL44: 0 | QM44: 0 | QP44: 0 | QQ44: 0 | QT44: 0 | QU44: 0 | QX44: 0 | QY44: 0 | RB44: 0 | RC44: 0 | RF44: 0 | RG44: 0 | RJ44: 0 | RK44: 0 | RN44: 0 | RO44: 0 | RR44: 0 | RS44: 0 | RV44: 0 | RW44: 0 | RZ44: 0 | SA44: 0 | SD44: 0 | SE44: 0 | SH44: 0 | SI44: 0 | SL44: 0 | SM44: 0 | SP44: 0 | SQ44: 0 | ST44: 0 | SU44: =ROUND(SR44/1000000*IF(SS44=0,0,VLOOKUP(SS44,名称和价格索引!$A$4:$C$834,3,FALSE)),1) -> 0 | SV44: {=SUM(VLOOKUP(D44,D44:SU44,ROW($1:$128)*4,0))} -> 1737.5
A45: 重甲战士 血角 | B45: 沃玛森林 | C45: 3127 | D45: 1000000 | E45: 200300 | F45: 300 | G45: 300 | H45: 1000000 | I45: 302 | J45: 金创药(中量) | K45: 130 | L45: 1000000 | M45: 322 | N45: 魔法药(中量) | O45: 130 | P45: 500000 | Q45: 302 | R45: 金创药(中量) | S45: 65 | T45: 500000 | U45: 322 | V45: 魔法药(中量) | W45: 65 | X45: 40000 | Y45: 99900006 | Z45: 铁剑 | AA45: 24 | AB45: 40000 | AC45: 99900005 | AD45: 短剑 | AE45: 20 | AF45: 40000 | AG45: 99980213 | AH45: 轻型盔甲 | AI45: 60 | AJ45: 40000 | AK45: 99980213 | AL45: 轻型盔甲 | AM45: 60 | AN45: 40000 | AO45: 99900008 | AP45: 青铜斧 | AQ45: 30 | AR45: 40000 | AS45: 99920004 | AT45: 黑檀项链 | AU45: 24 | AV45: 40000 | AW45: 99920003 | AX45: 黄色水晶项链 | AY45: 24 | AZ45: 40000 | BA45: 99920005 | BB45: 黑色水晶项链 | BC45: 30 | BD45: 40000 | BE45: 99990111 | BF45: 青铜头盔 | BG45: 20 | BH45: 60000 | BI45: 99900004 | BJ45: 青铜剑 | BK45: 27 | BL45: 60000 | BM45: 99940002 | BN45: 小手镯 | BO45: 30 | BP45: 60000 | BQ45: 99930002 | BR45: 玻璃戒指 | BS45: 24 | BT45: 60000 | BU45: 99930003 | BV45: 六角戒指 | BW45: 24 | BX45: 60000 | BY45: 99940017 | BZ45: 皮制手套 | CA45: 45 | CB45: 60000 | CC45: 99940003 | CD45: 银手镯 | CE45: 45 | CF45: 40000 | CG45: 99940005 | CH45: 钢手镯 | CI45: 40 | CJ45: 40000 | CK45: 99930004 | CL45: 牛角戒指 | CM45: 20 | CN45: 40000 | CO45: 99940004 | CP45: 大手镯 | CQ45: 100 | CR45: 60000 | CS45: 99980213 | CT45: 轻型盔甲 | CU45: 90 | CV45: 60000 | CW45: 99980213 | CX45: 轻型盔甲 | CY45: 90 | CZ45: 60000 | DA45: 99900001 | DB45: 木剑 | DC45: 1.5 | DD45: 60000 | DE45: 99900002 | DF45: 匕首 | DG45: 15 | DH45: 60000 | DI45: 99900003 | DJ45: 乌木剑 | DK45: 120 | DL45: 60000 | DM45: 99920001 | DN45: 金项链 | DO45: 15 | DP45: 60000 | DQ45: 99930001 | DR45: 古铜戒指 | DS45: 15 | DT45: 60000 | DU45: 99940001 | DV45: 铁手镯 | DW45: 24 | DX45: 60000 | DY45: 99920002 | DZ45: 传统项链 | EA45: 30 | ED45: 0 | EE45: 0 | EH45: 0 | EI45: 0 | EL45: 0 | EM45: 0 | EP45: 0 | EQ45: 0 | ET45: 0 | EU45: 0 | EX45: 0 | EY45: 0 | FB45: 0 | FC45: 0 | FF45: 0 | FG45: 0 | FJ45: 0 | FK45: 0 | FN45: 0 | FO45: 0 | FR45: 0 | FS45: 0 | FV45: 0 | FW45: 0 | FZ45: 0 | GA45: 0 | GD45: 0 | GE45: 0 | GH45: 0 | GI45: 0 | GL45: 0 | GM45: 0 | GP45: 0 | GQ45: 0 | GT45: 0 | GU45: 0 | GX45: 0 | GY45: 0 | HB45: 0 | HC45: 0 | HF45: 0 | HG45: 0 | HJ45: 0 | HK45: 0 | HN45: 0 | HO45: 0 | HR45: 0 | HS45: 0 | HV45: 0 | HW45: 0 | HZ45: 0 | IA45: 0 | ID45: 0 | IE45: 0 | IH45: 0 | II45: 0 | IL45: 0 | IM45: 0 | IP45: 0 | IQ45: 0 | IT45: 0 | IU45: 0 | IX45: 0 | IY45: 0 | JB45: 0 | JC45: 0 | JF45: 0 | JG45: 0 | JJ45: 0 | JK45: 0 | JN45: 0 | JO45: 0 | JR45: 0 | JS45: 0 | JV45: 0 | JW45: 0 | JZ45: 0 | KA45: 0 | KD45: 0 | KE45: 0 | KH45: 0 | KI45: 0 | KL45: 0 | KM45: 0 | KP45: 0 | KQ45: 0 | KT45: 0 | KU45: 0 | KX45: 0 | KY45: 0 | LB45: 0 | LC45: 0 | LF45: 0 | LG45: 0 | LJ45: 0 | LK45: 0 | LN45: 0 | LO45: 0 | LR45: 0 | LS45: 0 | LV45: 0 | LW45: 0 | LZ45: 0 | MA45: 0 | MD45: 0 | ME45: 0 | MH45: 0 | MI45: 0 | ML45: 0 | MM45: 0 | MP45: 0 | MQ45: 0 | MT45: 0 | MU45: 0 | MX45: 0 | MY45: 0 | NB45: 0 | NC45: 0 | NF45: 0 | NG45: 0 | NJ45: 0 | NK45: 0 | NN45: 0 | NO45: 0 | NR45: 0 | NS45: 0 | NV45: 0 | NW45: 0 | NZ45: 0 | OA45: 0 | OD45: 0 | OE45: 0 | OH45: 0 | OI45: 0 | OL45: 0 | OM45: 0 | OP45: 0 | OQ45: 0 | OT45: 0 | OU45: 0 | OX45: 0 | OY45: 0 | PB45: 0 | PC45: 0 | PF45: 0 | PG45: 0 | PJ45: 0 | PK45: 0 | PN45: 0 | PO45: 0 | PR45: 0 | PS45: 0 | PV45: 0 | PW45: 0 | PZ45: 0 | QA45: 0 | QD45: 0 | QE45: 0 | QH45: 0 | QI45: 0 | QL45: 0 | QM45: 0 | QP45: 0 | QQ45: 0 | QT45: 0 | QU45: 0 | QX45: 0 | QY45: 0 | RB45: 0 | RC45: 0 | RF45: 0 | RG45: 0 | RJ45: 0 | RK45: 0 | RN45: 0 | RO45: 0 | RR45: 0 | RS45: 0 | RV45: 0 | RW45: 0 | RZ45: 0 | SA45: 0 | SD45: 0 | SE45: 0 | SH45: 0 | SI45: 0 | SL45: 0 | SM45: 0 | SP45: 0 | SQ45: 0 | ST45: 0 | SU45: =ROUND(SR45/1000000*IF(SS45=0,0,VLOOKUP(SS45,名称和价格索引!$A$4:$C$834,3,FALSE)),1) -> 0 | SV45: {=SUM(VLOOKUP(D45,D45:SU45,ROW($1:$128)*4,0))} -> 1737.5
A46: 蛮战士 铜须 | B46: 沃玛森林 | C46: 3128 | D46: 1000000 | E46: 200300 | F46: 300 | G46: 300 | H46: 1000000 | I46: 302 | J46: 金创药(中量) | K46: 130 | L46: 1000000 | M46: 322 | N46: 魔法药(中量) | O46: 130 | P46: 500000 | Q46: 302 | R46: 金创药(中量) | S46: 65 | T46: 500000 | U46: 322 | V46: 魔法药(中量) | W46: 65 | X46: 40000 | Y46: 99900006 | Z46: 铁剑 | AA46: 24 | AB46: 40000 | AC46: 99900005 | AD46: 短剑 | AE46: 20 | AF46: 40000 | AG46: 99980213 | AH46: 轻型盔甲 | AI46: 60 | AJ46: 40000 | AK46: 99980213 | AL46: 轻型盔甲 | AM46: 60 | AN46: 40000 | AO46: 99900008 | AP46: 青铜斧 | AQ46: 30 | AR46: 40000 | AS46: 99920004 | AT46: 黑檀项链 | AU46: 24 | AV46: 40000 | AW46: 99920003 | AX46: 黄色水晶项链 | AY46: 24 | AZ46: 40000 | BA46: 99920005 | BB46: 黑色水晶项链 | BC46: 30 | BD46: 40000 | BE46: 99990111 | BF46: 青铜头盔 | BG46: 20 | BH46: 60000 | BI46: 99900004 | BJ46: 青铜剑 | BK46: 27 | BL46: 60000 | BM46: 99940002 | BN46: 小手镯 | BO46: 30 | BP46: 60000 | BQ46: 99930002 | BR46: 玻璃戒指 | BS46: 24 | BT46: 60000 | BU46: 99930003 | BV46: 六角戒指 | BW46: 24 | BX46: 60000 | BY46: 99940017 | BZ46: 皮制手套 | CA46: 45 | CB46: 60000 | CC46: 99940003 | CD46: 银手镯 | CE46: 45 | CF46: 40000 | CG46: 99940005 | CH46: 钢手镯 | CI46: 40 | CJ46: 40000 | CK46: 99930004 | CL46: 牛角戒指 | CM46: 20 | CN46: 40000 | CO46: 99940004 | CP46: 大手镯 | CQ46: 100 | CR46: 60000 | CS46: 99980213 | CT46: 轻型盔甲 | CU46: 90 | CV46: 60000 | CW46: 99980213 | CX46: 轻型盔甲 | CY46: 90 | CZ46: 60000 | DA46: 99900001 | DB46: 木剑 | DC46: 1.5 | DD46: 60000 | DE46: 99900002 | DF46: 匕首 | DG46: 15 | DH46: 60000 | DI46: 99900003 | DJ46: 乌木剑 | DK46: 120 | DL46: 60000 | DM46: 99920001 | DN46: 金项链 | DO46: 15 | DP46: 60000 | DQ46: 99930001 | DR46: 古铜戒指 | DS46: 15 | DT46: 60000 | DU46: 99940001 | DV46: 铁手镯 | DW46: 24 | DX46: 60000 | DY46: 99920002 | DZ46: 传统项链 | EA46: 30 | ED46: 0 | EE46: 0 | EH46: 0 | EI46: 0 | EL46: 0 | EM46: 0 | EP46: 0 | EQ46: 0 | ET46: 0 | EU46: 0 | EX46: 0 | EY46: 0 | FB46: 0 | FC46: 0 | FF46: 0 | FG46: 0 | FJ46: 0 | FK46: 0 | FN46: 0 | FO46: 0 | FR46: 0 | FS46: 0 | FV46: 0 | FW46: 0 | FZ46: 0 | GA46: 0 | GD46: 0 | GE46: 0 | GH46: 0 | GI46: 0 | GL46: 0 | GM46: 0 | GP46: 0 | GQ46: 0 | GT46: 0 | GU46: 0 | GX46: 0 | GY46: 0 | HB46: 0 | HC46: 0 | HF46: 0 | HG46: 0 | HJ46: 0 | HK46: 0 | HN46: 0 | HO46: 0 | HR46: 0 | HS46: 0 | HV46: 0 | HW46: 0 | HZ46: 0 | IA46: 0 | ID46: 0 | IE46: 0 | IH46: 0 | II46: 0 | IL46: 0 | IM46: 0 | IP46: 0 | IQ46: 0 | IT46: 0 | IU46: 0 | IX46: 0 | IY46: 0 | JB46: 0 | JC46: 0 | JF46: 0 | JG46: 0 | JJ46: 0 | JK46: 0 | JN46: 0 | JO46: 0 | JR46: 0 | JS46: 0 | JV46: 0 | JW46: 0 | JZ46: 0 | KA46: 0 | KD46: 0 | KE46: 0 | KH46: 0 | KI46: 0 | KL46: 0 | KM46: 0 | KP46: 0 | KQ46: 0 | KT46: 0 | KU46: 0 | KX46: 0 | KY46: 0 | LB46: 0 | LC46: 0 | LF46: 0 | LG46: 0 | LJ46: 0 | LK46: 0 | LN46: 0 | LO46: 0 | LR46: 0 | LS46: 0 | LV46: 0 | LW46: 0 | LZ46: 0 | MA46: 0 | MD46: 0 | ME46: 0 | MH46: 0 | MI46: 0 | ML46: 0 | MM46: 0 | MP46: 0 | MQ46: 0 | MT46: 0 | MU46: 0 | MX46: 0 | MY46: 0 | NB46: 0 | NC46: 0 | NF46: 0 | NG46: 0 | NJ46: 0 | NK46: 0 | NN46: 0 | NO46: 0 | NR46: 0 | NS46: 0 | NV46: 0 | NW46: 0 | NZ46: 0 | OA46: 0 | OD46: 0 | OE46: 0 | OH46: 0 | OI46: 0 | OL46: 0 | OM46: 0 | OP46: 0 | OQ46: 0 | OT46: 0 | OU46: 0 | OX46: 0 | OY46: 0 | PB46: 0 | PC46: 0 | PF46: 0 | PG46: 0 | PJ46: 0 | PK46: 0 | PN46: 0 | PO46: 0 | PR46: 0 | PS46: 0 | PV46: 0 | PW46: 0 | PZ46: 0 | QA46: 0 | QD46: 0 | QE46: 0 | QH46: 0 | QI46: 0 | QL46: 0 | QM46: 0 | QP46: 0 | QQ46: 0 | QT46: 0 | QU46: 0 | QX46: 0 | QY46: 0 | RB46: 0 | RC46: 0 | RF46: 0 | RG46: 0 | RJ46: 0 | RK46: 0 | RN46: 0 | RO46: 0 | RR46: 0 | RS46: 0 | RV46: 0 | RW46: 0 | RZ46: 0 | SA46: 0 | SD46: 0 | SE46: 0 | SH46: 0 | SI46: 0 | SL46: 0 | SM46: 0 | SP46: 0 | SQ46: 0 | ST46: 0 | SU46: =ROUND(SR46/1000000*IF(SS46=0,0,VLOOKUP(SS46,名称和价格索引!$A$4:$C$834,3,FALSE)),1) -> 0 | SV46: {=SUM(VLOOKUP(D46,D46:SU46,ROW($1:$128)*4,0))} -> 1737.5
A47: 盔甲虫 | B47: 盟重 | C47: 961 | J47: 0 | K47: 0 | L47: 40000 | M47: 302 | N47: 金创药(中量) | O47: 5.2 | P47: 25000 | Q47: 322 | R47: 魔法药(中量) | S47: 3.3 | V47: 0 | W47: 0 | X47: 1250 | Y47: 99900006 | Z47: 铁剑 | AA47: 0.8 | AB47: 1250 | AC47: 99900005 | AD47: 短剑 | AE47: 0.6 | AF47: 1250 | AG47: 99980213 | AH47: 轻型盔甲 | AI47: 1.9 | AJ47: 1250 | AK47: 99990213 | AL47: 轻型盔甲6 | AM47: 1.9 | AN47: 1250 | AO47: 99900008 | AP47: 青铜斧 | AQ47: 0.9 | AR47: 1250 | AS47: 99920004 | AT47: 黑檀项链 | AU47: 0.8 | AV47: 1250 | AW47: 99920003 | AX47: 黄色水晶项链 | AY47: 0.8 | AZ47: 1250 | BA47: 99920005 | BB47: 黑色水晶项链 | BC47: 0.9 | BD47: 1250 | BE47: 99990111 | BF47: 青铜头盔 | BG47: 0.6 | BH47: 3500 | BI47: 99900004 | BJ47: 青铜剑 | BK47: 1.6 | BL47: 3500 | BM47: 99940002 | BN47: 小手镯 | BO47: 1.8 | BP47: 3500 | BQ47: 99930002 | BR47: 玻璃戒指 | BS47: 1.4 | BT47: 3500 | BU47: 99930003 | BV47: 六角戒指 | BW47: 1.4 | BX47: 3500 | BY47: 99940017 | BZ47: 皮制手套 | CA47: 2.6 | CB47: 3500 | CC47: 99940003 | CD47: 银手镯 | CE47: 2.6 | CF47: 3500 | CG47: 99940005 | CH47: 钢手镯 | CI47: 3.5 | CJ47: 3500 | CK47: 99930004 | CL47: 牛角戒指 | CM47: 1.8 | CN47: 1750 | CO47: 99940004 | CP47: 大手镯 | CQ47: 4.4 | CT47: 0 | CU47: 0 | CX47: 0 | CY47: 0 | CZ47: 7500 | DA47: 99900001 | DB47: 木剑 | DC47: 0.2 | DD47: 7500 | DE47: 99900002 | DF47: 匕首 | DG47: 1.9 | DH47: 7500 | DI47: 99900003 | DJ47: 乌木剑 | DK47: 15 | DL47: 7500 | DM47: 99920001 | DN47: 金项链 | DO47: 1.9 | DP47: 7500 | DQ47: 99930001 | DR47: 古铜戒指 | DS47: 1.9 | DT47: 7500 | DU47: 99940001 | DV47: 铁手镯 | DW47: 3 | DX47: 7500 | DY47: 99920002 | DZ47: 传统项链 | EA47: 3.8 | ED47: 0 | EE47: 0 | EH47: 0 | EI47: 0 | EL47: 0 | EM47: 0 | EP47: 0 | EQ47: 0 | ET47: 0 | EU47: 0 | EX47: 0 | EY47: 0 | FB47: 0 | FC47: 0 | FF47: 0 | FG47: 0 | FJ47: 0 | FK47: 0 | FN47: 0 | FO47: 0 | FR47: 0 | FS47: 0 | FV47: 0 | FW47: 0 | FZ47: 0 | GA47: 0 | GD47: 0 | GE47: 0 | GH47: 0 | GI47: 0 | GL47: 0 | GM47: 0 | GP47: 0 | GQ47: 0 | GT47: 0 | GU47: 0 | GX47: 0 | GY47: 0 | HB47: 0 | HC47: 0 | HF47: 0 | HG47: 0 | HJ47: 0 | HK47: 0 | HN47: 0 | HO47: 0 | HR47: 0 | HS47: 0 | HV47: 0 | HW47: 0 | HZ47: 0 | IA47: 0 | ID47: 0 | IE47: 0 | IH47: 0 | II47: 0 | IL47: 0 | IM47: 0 | IP47: 0 | IQ47: 0 | IT47: 0 | IU47: 0 | IX47: 0 | IY47: 0 | JB47: 0 | JC47: 0 | JF47: 0 | JG47: 0 | JJ47: 0 | JK47: 0 | JN47: 0 | JO47: 0 | JR47: 0 | JS47: 0 | JV47: 0 | JW47: 0 | JZ47: 0 | KA47: 0 | KD47: 0 | KE47: 0 | KH47: 0 | KI47: 0 | KL47: 0 | KM47: 0 | KP47: 0 | KQ47: 0 | KT47: 0 | KU47: 0 | KX47: 0 | KY47: 0 | LB47: 0 | LC47: 0 | LF47: 0 | LG47: 0 | LJ47: 0 | LK47: 0 | LN47: 0 | LO47: 0 | LR47: 0 | LS47: 0 | LV47: 0 | LW47: 0 | LZ47: 0 | MA47: 0 | MD47: 0 | ME47: 0 | MH47: 0 | MI47: 0 | ML47: 0 | MM47: 0 | MP47: 0 | MQ47: 0 | MT47: 0 | MU47: 0 | MX47: 0 | MY47: 0 | NB47: 0 | NC47: 0 | NF47: 0 | NG47: 0 | NJ47: 0 | NK47: 0 | NN47: 0 | NO47: 0 | NR47: 0 | NS47: 0 | NV47: 0 | NW47: 0 | NZ47: 0 | OA47: 0 | OD47: 0 | OE47: 0 | OH47: 0 | OI47: 0 | OL47: 0 | OM47: 0 | OP47: 0 | OQ47: 0 | OT47: 0 | OU47: 0 | OX47: 0 | OY47: 0 | PB47: 0 | PC47: 0 | PF47: 0 | PG47: 0 | PJ47: 0 | PK47: 0 | PN47: 0 | PO47: 0 | PR47: 0 | PS47: 0 | PV47: 0 | PW47: 0 | PZ47: 0 | QA47: 0 | QD47: 0 | QE47: 0 | QH47: 0 | QI47: 0 | QL47: 0 | QM47: 0 | QP47: 0 | QQ47: 0 | QT47: 0 | QU47: 0 | QX47: 0 | QY47: 0 | RB47: 0 | RC47: 0 | RF47: 0 | RG47: 0 | RJ47: 0 | RK47: 0 | RN47: 0 | RO47: 0 | RR47: 0 | RS47: 0 | RV47: 0 | RW47: 0 | RZ47: 0 | SA47: 0 | SD47: 0 | SE47: 0 | SH47: 0 | SI47: 0 | SL47: 0 | SM47: 0 | SP47: 0 | SQ47: 0 | ST47: 0 | SU47: =ROUND(SR47/1000000*IF(SS47=0,0,VLOOKUP(SS47,名称和价格索引!$A$4:$C$834,3,FALSE)),1) -> 0 | SV47: {=SUM(VLOOKUP(D47,D47:SU47,ROW($1:$128)*4,0))} -> #N/A
A48: 狼 | B48: 盟重 | C48: 962 | J48: 0 | K48: 0 | N48: 0 | O48: 0 | R48: 0 | S48: 0 | V48: 0 | W48: 0 | X48: 1250 | Y48: 99900006 | Z48: 铁剑 | AA48: 0.8 | AB48: 1250 | AC48: 99900005 | AD48: 短剑 | AE48: 0.6 | AF48: 1250 | AG48: 99980213 | AH48: 轻型盔甲 | AI48: 1.9 | AJ48: 1250 | AK48: 99990213 | AL48: 轻型盔甲6 | AM48: 1.9 | AN48: 1250 | AO48: 99900008 | AP48: 青铜斧 | AQ48: 0.9 | AR48: 1250 | AS48: 99920004 | AT48: 黑檀项链 | AU48: 0.8 | AV48: 1250 | AW48: 99920003 | AX48: 黄色水晶项链 | AY48: 0.8 | AZ48: 1250 | BA48: 99920005 | BB48: 黑色水晶项链 | BC48: 0.9 | BD48: 1250 | BE48: 99990111 | BF48: 青铜头盔 | BG48: 0.6 | BH48: 2500 | BI48: 99900004 | BJ48: 青铜剑 | BK48: 1.1 | BL48: 2500 | BM48: 99940002 | BN48: 小手镯 | BO48: 1.3 | BP48: 2500 | BQ48: 99930002 | BR48: 玻璃戒指 | BS48: 1 | BT48: 2500 | BU48: 99930003 | BV48: 六角戒指 | BW48: 1 | BX48: 2500 | BY48: 99940017 | BZ48: 皮制手套 | CA48: 1.9 | CB48: 2500 | CC48: 99940003 | CD48: 银手镯 | CE48: 1.9 | CF48: 2500 | CG48: 99940005 | CH48: 钢手镯 | CI48: 2.5 | CJ48: 2500 | CK48: 99930004 | CL48: 牛角戒指 | CM48: 1.3 | CN48: 1250 | CO48: 99940004 | CP48: 大手镯 | CQ48: 3.1 | CT48: 0 | CU48: 0 | CX48: 0 | CY48: 0 | CZ48: 5000 | DA48: 99900001 | DB48: 木剑 | DC48: 0.1 | DD48: 5000 | DE48: 99900002 | DF48: 匕首 | DG48: 1.3 | DH48: 5000 | DI48: 99900003 | DJ48: 乌木剑 | DK48: 10 | DL48: 5000 | DM48: 99920001 | DN48: 金项链 | DO48: 1.3 | DP48: 5000 | DQ48: 99930001 | DR48: 古铜戒指 | DS48: 1.3 | DT48: 5000 | DU48: 99940001 | DV48: 铁手镯 | DW48: 2 | DX48: 5000 | DY48: 99920002 | DZ48: 传统项链 | EA48: 2.5 | ED48: 0 | EE48: 0 | EH48: 0 | EI48: 0 | EL48: 0 | EM48: 0 | EP48: 0 | EQ48: 0 | ET48: 0 | EU48: 0 | EX48: 0 | EY48: 0 | FB48: 0 | FC48: 0 | FF48: 0 | FG48: 0 | FJ48: 0 | FK48: 0 | FN48: 0 | FO48: 0 | FR48: 0 | FS48: 0 | FV48: 0 | FW48: 0 | FZ48: 0 | GA48: 0 | GD48: 0 | GE48: 0 | GH48: 0 | GI48: 0 | GL48: 0 | GM48: 0 | GP48: 0 | GQ48: 0 | GT48: 0 | GU48: 0 | GX48: 0 | GY48: 0 | HB48: 0 | HC48: 0 | HF48: 0 | HG48: 0 | HJ48: 0 | HK48: 0 | HN48: 0 | HO48: 0 | HR48: 0 | HS48: 0 | HV48: 0 | HW48: 0 | HZ48: 0 | IA48: 0 | ID48: 0 | IE48: 0 | IH48: 0 | II48: 0 | IL48: 0 | IM48: 0 | IP48: 0 | IQ48: 0 | IT48: 0 | IU48: 0 | IX48: 0 | IY48: 0 | JB48: 0 | JC48: 0 | JF48: 0 | JG48: 0 | JJ48: 0 | JK48: 0 | JN48: 0 | JO48: 0 | JR48: 0 | JS48: 0 | JV48: 0 | JW48: 0 | JZ48: 0 | KA48: 0 | KD48: 0 | KE48: 0 | KH48: 0 | KI48: 0 | KL48: 0 | KM48: 0 | KP48: 0 | KQ48: 0 | KT48: 0 | KU48: 0 | KX48: 0 | KY48: 0 | LB48: 0 | LC48: 0 | LF48: 0 | LG48: 0 | LJ48: 0 | LK48: 0 | LN48: 0 | LO48: 0 | LR48: 0 | LS48: 0 | LV48: 0 | LW48: 0 | LZ48: 0 | MA48: 0 | MD48: 0 | ME48: 0 | MH48: 0 | MI48: 0 | ML48: 0 | MM48: 0 | MP48: 0 | MQ48: 0 | MT48: 0 | MU48: 0 | MX48: 0 | MY48: 0 | NB48: 0 | NC48: 0 | NF48: 0 | NG48: 0 | NJ48: 0 | NK48: 0 | NN48: 0 | NO48: 0 | NR48: 0 | NS48: 0 | NV48: 0 | NW48: 0 | NZ48: 0 | OA48: 0 | OD48: 0 | OE48: 0 | OH48: 0 | OI48: 0 | OL48: 0 | OM48: 0 | OP48: 0 | OQ48: 0 | OT48: 0 | OU48: 0 | OX48: 0 | OY48: 0 | PB48: 0 | PC48: 0 | PF48: 0 | PG48: 0 | PJ48: 0 | PK48: 0 | PN48: 0 | PO48: 0 | PR48: 0 | PS48: 0 | PV48: 0 | PW48: 0 | PZ48: 0 | QA48: 0 | QD48: 0 | QE48: 0 | QH48: 0 | QI48: 0 | QL48: 0 | QM48: 0 | QP48: 0 | QQ48: 0 | QT48: 0 | QU48: 0 | QX48: 0 | QY48: 0 | RB48: 0 | RC48: 0 | RF48: 0 | RG48: 0 | RJ48: 0 | RK48: 0 | RN48: 0 | RO48: 0 | RR48: 0 | RS48: 0 | RV48: 0 | RW48: 0 | RZ48: 0 | SA48: 0 | SD48: 0 | SE48: 0 | SH48: 0 | SI48: 0 | SL48: 0 | SM48: 0 | SP48: 0 | SQ48: 0 | ST48: 0 | SU48: =ROUND(SR48/1000000*IF(SS48=0,0,VLOOKUP(SS48,名称和价格索引!$A$4:$C$834,3,FALSE)),1) -> 0 | SV48: {=SUM(VLOOKUP(D48,D48:SU48,ROW($1:$128)*4,0))} -> #N/A
A49: 羊 | B49: 盟重 | C49: 970 | J49: 0 | K49: 0 | N49: 0 | O49: 0 | R49: 0 | S49: 0 | V49: 0 | W49: 0 | Z49: 0 | AA49: 0 | AD49: 0 | AE49: 0 | AH49: 0 | AI49: 0 | AL49: 0 | AM49: 0 | AP49: 0 | AQ49: 0 | AT49: 0 | AU49: 0 | AX49: 0 | AY49: 0 | BB49: 0 | BC49: 0 | BF49: 0 | BG49: 0 | BJ49: 0 | BK49: 0 | BN49: 0 | BO49: 0 | BR49: 0 | BS49: 0 | BV49: 0 | BW49: 0 | BZ49: 0 | CA49: 0 | CD49: 0 | CE49: 0 | CH49: 0 | CI49: 0 | CL49: 0 | CM49: 0 | CP49: 0 | CQ49: 0 | CT49: 0 | CU49: 0 | CX49: 0 | CY49: 0 | DB49: 0 | DC49: 0 | DF49: 0 | DG49: 0 | DJ49: 0 | DK49: 0 | DN49: 0 | DO49: 0 | DR49: 0 | DS49: 0 | DV49: 0 | DW49: 0 | DZ49: 0 | EA49: 0 | ED49: 0 | EE49: 0 | EH49: 0 | EI49: 0 | EL49: 0 | EM49: 0 | EP49: 0 | EQ49: 0 | ET49: 0 | EU49: 0 | EX49: 0 | EY49: 0 | FB49: 0 | FC49: 0 | FF49: 0 | FG49: 0 | FJ49: 0 | FK49: 0 | FN49: 0 | FO49: 0 | FR49: 0 | FS49: 0 | FV49: 0 | FW49: 0 | FZ49: 0 | GA49: 0 | GD49: 0 | GE49: 0 | GH49: 0 | GI49: 0 | GL49: 0 | GM49: 0 | GP49: 0 | GQ49: 0 | GT49: 0 | GU49: 0 | GX49: 0 | GY49: 0 | HB49: 0 | HC49: 0 | HF49: 0 | HG49: 0 | HJ49: 0 | HK49: 0 | HN49: 0 | HO49: 0 | HR49: 0 | HS49: 0 | HV49: 0 | HW49: 0 | HZ49: 0 | IA49: 0 | ID49: 0 | IE49: 0 | IH49: 0 | II49: 0 | IL49: 0 | IM49: 0 | IP49: 0 | IQ49: 0 | IT49: 0 | IU49: 0 | IX49: 0 | IY49: 0 | JB49: 0 | JC49: 0 | JF49: 0 | JG49: 0 | JJ49: 0 | JK49: 0 | JN49: 0 | JO49: 0 | JR49: 0 | JS49: 0 | JV49: 0 | JW49: 0 | JZ49: 0 | KA49: 0 | KD49: 0 | KE49: 0 | KH49: 0 | KI49: 0 | KL49: 0 | KM49: 0 | KP49: 0 | KQ49: 0 | KT49: 0 | KU49: 0 | KX49: 0 | KY49: 0 | LB49: 0 | LC49: 0 | LF49: 0 | LG49: 0 | LJ49: 0 | LK49: 0 | LN49: 0 | LO49: 0 | LR49: 0 | LS49: 0 | LV49: 0 | LW49: 0 | LZ49: 0 | MA49: 0 | MD49: 0 | ME49: 0 | MH49: 0 | MI49: 0 | ML49: 0 | MM49: 0 | MP49: 0 | MQ49: 0 | MT49: 0 | MU49: 0 | MX49: 0 | MY49: 0 | NB49: 0 | NC49: 0 | NF49: 0 | NG49: 0 | NJ49: 0 | NK49: 0 | NN49: 0 | NO49: 0 | NR49: 0 | NS49: 0 | NV49: 0 | NW49: 0 | NZ49: 0 | OA49: 0 | OD49: 0 | OE49: 0 | OH49: 0 | OI49: 0 | OL49: 0 | OM49: 0 | OP49: 0 | OQ49: 0 | OT49: 0 | OU49: 0 | OX49: 0 | OY49: 0 | PB49: 0 | PC49: 0 | PF49: 0 | PG49: 0 | PJ49: 0 | PK49: 0 | PN49: 0 | PO49: 0 | PR49: 0 | PS49: 0 | PV49: 0 | PW49: 0 | PZ49: 0 | QA49: 0 | QD49: 0 | QE49: 0 | QH49: 0 | QI49: 0 | QL49: 0 | QM49: 0 | QP49: 0 | QQ49: 0 | QT49: 0 | QU49: 0 | QX49: 0 | QY49: 0 | RB49: 0 | RC49: 0 | RF49: 0 | RG49: 0 | RJ49: 0 | RK49: 0 | RN49: 0 | RO49: 0 | RR49: 0 | RS49: 0 | RV49: 0 | RW49: 0 | RZ49: 0 | SA49: 0 | SD49: 0 | SE49: 0 | SH49: 0 | SI49: 0 | SL49: 0 | SM49: 0 | SP49: 0 | SQ49: 0 | ST49: 0 | SU49: =ROUND(SR49/1000000*IF(SS49=0,0,VLOOKUP(SS49,名称和价格索引!$A$4:$C$834,3,FALSE)),1) -> 0 | SV49: {=SUM(VLOOKUP(D49,D49:SU49,ROW($1:$128)*4,0))} -> #N/A
A50: 多角虫 | B50: 盟重 | C50: 963 | J50: 0 | K50: 0 | N50: 0 | O50: 0 | R50: 0 | S50: 0 | V50: 0 | W50: 0 | X50: 5000 | Y50: 99920001 | Z50: 金项链 | AA50: 1.3 | AB50: 5000 | AC50: 99930001 | AD50: 古铜戒指 | AE50: 1.3 | AF50: 5000 | AG50: 99940001 | AH50: 铁手镯 | AI50: 2 | AJ50: 5000 | AK50: 99920002 | AL50: 传统项链 | AM50: 2.5 | AP50: 0 | AQ50: 0 | AT50: 0 | AU50: 0 | AV50: 7500 | AW50: 99900001 | AX50: 木剑 | AY50: 0.2 | AZ50: 7500 | BA50: 99900002 | BB50: 匕首 | BC50: 1.9 | BD50: 7500 | BE50: 99900003 | BF50: 乌木剑 | BG50: 15 | BH50: 3500 | BI50: 99900004 | BJ50: 青铜剑 | BK50: 1.6 | BL50: 3500 | BM50: 99940002 | BN50: 小手镯 | BO50: 1.8 | BP50: 3500 | BQ50: 99930002 | BR50: 玻璃戒指 | BS50: 1.4 | BT50: 3500 | BU50: 99930003 | BV50: 六角戒指 | BW50: 1.4 | BX50: 3500 | BY50: 99940017 | BZ50: 皮制手套 | CA50: 2.6 | CB50: 3500 | CC50: 99940003 | CD50: 银手镯 | CE50: 2.6 | CF50: 3500 | CG50: 99940005 | CH50: 钢手镯 | CI50: 3.5 | CJ50: 3500 | CK50: 99930004 | CL50: 牛角戒指 | CM50: 1.8 | CN50: 1750 | CO50: 99940004 | CP50: 大手镯 | CQ50: 4.4 | CR50: 1250 | CS50: 99900006 | CT50: 铁剑 | CU50: 0.8 | CV50: 1250 | CW50: 99900005 | CX50: 短剑 | CY50: 0.6 | CZ50: 1250 | DA50: 99980213 | DB50: 轻型盔甲 | DC50: 1.9 | DD50: 1250 | DE50: 99990213 | DF50: 轻型盔甲6 | DG50: 1.9 | DH50: 1250 | DI50: 99900008 | DJ50: 青铜斧 | DK50: 0.9 | DL50: 1250 | DM50: 99920004 | DN50: 黑檀项链 | DO50: 0.8 | DP50: 1250 | DQ50: 99920003 | DR50: 黄色水晶项链 | DS50: 0.8 | DT50: 1250 | DU50: 99920005 | DV50: 黑色水晶项链 | DW50: 0.9 | DX50: 1250 | DY50: 99990111 | DZ50: 青铜头盔 | EA50: 0.6 | ED50: 0 | EE50: 0 | EH50: 0 | EI50: 0 | EL50: 0 | EM50: 0 | EP50: 0 | EQ50: 0 | ET50: 0 | EU50: 0 | EX50: 0 | EY50: 0 | FB50: 0 | FC50: 0 | FF50: 0 | FG50: 0 | FJ50: 0 | FK50: 0 | FN50: 0 | FO50: 0 | FR50: 0 | FS50: 0 | FV50: 0 | FW50: 0 | FZ50: 0 | GA50: 0 | GD50: 0 | GE50: 0 | GH50: 0 | GI50: 0 | GL50: 0 | GM50: 0 | GP50: 0 | GQ50: 0 | GT50: 0 | GU50: 0 | GX50: 0 | GY50: 0 | HB50: 0 | HC50: 0 | HF50: 0 | HG50: 0 | HJ50: 0 | HK50: 0 | HN50: 0 | HO50: 0 | HR50: 0 | HS50: 0 | HV50: 0 | HW50: 0 | HZ50: 0 | IA50: 0 | ID50: 0 | IE50: 0 | IH50: 0 | II50: 0 | IL50: 0 | IM50: 0 | IP50: 0 | IQ50: 0 | IT50: 0 | IU50: 0 | IX50: 0 | IY50: 0 | JB50: 0 | JC50: 0 | JF50: 0 | JG50: 0 | JJ50: 0 | JK50: 0 | JN50: 0 | JO50: 0 | JR50: 0 | JS50: 0 | JV50: 0 | JW50: 0 | JZ50: 0 | KA50: 0 | KD50: 0 | KE50: 0 | KH50: 0 | KI50: 0 | KL50: 0 | KM50: 0 | KP50: 0 | KQ50: 0 | KT50: 0 | KU50: 0 | KX50: 0 | KY50: 0 | LB50: 0 | LC50: 0 | LF50: 0 | LG50: 0 | LJ50: 0 | LK50: 0 | LN50: 0 | LO50: 0 | LR50: 0 | LS50: 0 | LV50: 0 | LW50: 0 | LZ50: 0 | MA50: 0 | MD50: 0 | ME50: 0 | MH50: 0 | MI50: 0 | ML50: 0 | MM50: 0 | MP50: 0 | MQ50: 0 | MT50: 0 | MU50: 0 | MX50: 0 | MY50: 0 | NB50: 0 | NC50: 0 | NF50: 0 | NG50: 0 | NJ50: 0 | NK50: 0 | NN50: 0 | NO50: 0 | NR50: 0 | NS50: 0 | NV50: 0 | NW50: 0 | NZ50: 0 | OA50: 0 | OD50: 0 | OE50: 0 | OH50: 0 | OI50: 0 | OL50: 0 | OM50: 0 | OP50: 0 | OQ50: 0 | OT50: 0 | OU50: 0 | OX50: 0 | OY50: 0 | PB50: 0 | PC50: 0 | PF50: 0 | PG50: 0 | PJ50: 0 | PK50: 0 | PN50: 0 | PO50: 0 | PR50: 0 | PS50: 0 | PV50: 0 | PW50: 0 | PZ50: 0 | QA50: 0 | QD50: 0 | QE50: 0 | QH50: 0 | QI50: 0 | QL50: 0 | QM50: 0 | QP50: 0 | QQ50: 0 | QT50: 0 | QU50: 0 | QX50: 0 | QY50: 0 | RB50: 0 | RC50: 0 | RF50: 0 | RG50: 0 | RJ50: 0 | RK50: 0 | RN50: 0 | RO50: 0 | RR50: 0 | RS50: 0 | RV50: 0 | RW50: 0 | RZ50: 0 | SA50: 0 | SD50: 0 | SE50: 0 | SH50: 0 | SI50: 0 | SL50: 0 | SM50: 0 | SP50: 0 | SQ50: 0 | ST50: 0 | SU50: =ROUND(SR50/1000000*IF(SS50=0,0,VLOOKUP(SS50,名称和价格索引!$A$4:$C$834,3,FALSE)),1) -> 0 | SV50: {=SUM(VLOOKUP(D50,D50:SU50,ROW($1:$128)*4,0))} -> #N/A
A51: 食腐凶虫 魔蝇 | B51: 盟重 | C51: 3180 | D51: 1000000 | E51: 200375 | F51: 375 | G51: 375 | H51: 1000000 | I51: 302 | J51: 金创药(中量) | K51: 130 | L51: 1000000 | M51: 322 | N51: 魔法药(中量) | O51: 130 | P51: 500000 | Q51: 302 | R51: 金创药(中量) | S51: 65 | T51: 500000 | U51: 322 | V51: 魔法药(中量) | W51: 65 | X51: 30000 | Y51: 99900010 | Z51: 八荒 | AA51: 75 | AB51: 30000 | AC51: 99900009 | AD51: 海魂 | AE51: 45 | AF51: 30000 | AG51: 99900011 | AH51: 半月 | AI51: 60 | AJ51: 30000 | AK51: 99930005 | AL51: 蓝色水晶戒指 | AM51: 22.5 | AN51: 30000 | AO51: 99920011 | AP51: 魔鬼项链 | AQ51: 37.5 | AR51: 30000 | AS51: 99920010 | AT51: 琥珀项链 | AU51: 30 | AV51: 30000 | AW51: 99920012 | AX51: 凤凰明珠 | AY51: 30 | AZ51: 30000 | BA51: 99940018 | BB51: 坚固手套 | BC51: 105 | BD51: 30000 | BE51: 99940027 | BF51: 魔力手镯 | BG51: 120 | BH51: 30000 | BI51: 99920009 | BJ51: 灯笼项链 | BK51: 45 | BL51: 30000 | BM51: 99990211 | BN51: 魔法头盔 | BO51: 30 | BP51: 30000 | BQ51: 33005 | BR51: 灵魂火符 | BS51: 15 | BT51: 30000 | BU51: 32533 | BV51: 雷电术 | BW51: 15 | BX51: 30000 | BY51: 32544 | BZ51: 地狱火 | CA51: 15 | CB51: 50000 | CC51: 99900006 | CD51: 铁剑 | CE51: 30 | CF51: 50000 | CG51: 99900005 | CH51: 短剑 | CI51: 25 | CJ51: 50000 | CK51: 99980213 | CL51: 轻型盔甲 | CM51: 75 | CN51: 50000 | CO51: 99980313 | CP51: 中型盔甲 | CQ51: 150 | CR51: 50000 | CS51: 99900008 | CT51: 青铜斧 | CU51: 37.5 | CV51: 50000 | CW51: 99920004 | CX51: 黑檀项链 | CY51: 30 | CZ51: 50000 | DA51: 99920003 | DB51: 黄色水晶项链 | DC51: 30 | DD51: 50000 | DE51: 99920005 | DF51: 黑色水晶项链 | DG51: 37.5 | DH51: 50000 | DI51: 99990111 | DJ51: 青铜头盔 | DK51: 25 | DL51: 50000 | DM51: 32541 | DN51: 诱惑之光 | DO51: 25 | DP51: 50000 | DQ51: 32532 | DR51: 抗拒火环 | DS51: 12.5 | DT51: 60000 | DU51: 99900004 | DV51: 青铜剑 | DW51: 27 | DX51: 60000 | DY51: 99940002 | DZ51: 小手镯 | EA51: 30 | EB51: 60000 | EC51: 99930002 | ED51: 玻璃戒指 | EE51: 24 | EF51: 60000 | EG51: 99930003 | EH51: 六角戒指 | EI51: 24 | EJ51: 60000 | EK51: 99940017 | EL51: 皮制手套 | EM51: 45 | EN51: 60000 | EO51: 99940003 | EP51: 银手镯 | EQ51: 45 | ER51: 60000 | ES51: 99940005 | ET51: 钢手镯 | EU51: 60 | EV51: 60000 | EW51: 99930004 | EX51: 牛角戒指 | EY51: 30 | EZ51: 60000 | FA51: 99940004 | FB51: 大手镯 | FC51: 150 | FD51: 60000 | FE51: 33001 | FF51: 精神力战法 | FG51: 15 | FH51: 60000 | FI51: 33002 | FJ51: 治愈术 | FK51: 1.5 | FL51: 60000 | FM51: 31031 | FN51: 基本剑术 | FO51: 1.5 | FR51: 0 | FS51: 0 | FV51: 0 | FW51: 0 | FZ51: 0 | GA51: 0 | GD51: 0 | GE51: 0 | GH51: 0 | GI51: 0 | GL51: 0 | GM51: 0 | GP51: 0 | GQ51: 0 | GT51: 0 | GU51: 0 | GX51: 0 | GY51: 0 | HB51: 0 | HC51: 0 | HF51: 0 | HG51: 0 | HJ51: 0 | HK51: 0 | HN51: 0 | HO51: 0 | HR51: 0 | HS51: 0 | HV51: 0 | HW51: 0 | HZ51: 0 | IA51: 0 | ID51: 0 | IE51: 0 | IH51: 0 | II51: 0 | IL51: 0 | IM51: 0 | IP51: 0 | IQ51: 0 | IT51: 0 | IU51: 0 | IX51: 0 | IY51: 0 | JB51: 0 | JC51: 0 | JF51: 0 | JG51: 0 | JJ51: 0 | JK51: 0 | JN51: 0 | JO51: 0 | JR51: 0 | JS51: 0 | JV51: 0 | JW51: 0 | JZ51: 0 | KA51: 0 | KD51: 0 | KE51: 0 | KH51: 0 | KI51: 0 | KL51: 0 | KM51: 0 | KP51: 0 | KQ51: 0 | KT51: 0 | KU51: 0 | KX51: 0 | KY51: 0 | LB51: 0 | LC51: 0 | LF51: 0 | LG51: 0 | LJ51: 0 | LK51: 0 | LN51: 0 | LO51: 0 | LR51: 0 | LS51: 0 | LV51: 0 | LW51: 0 | LZ51: 0 | MA51: 0 | MD51: 0 | ME51: 0 | MH51: 0 | MI51: 0 | ML51: 0 | MM51: 0 | MP51: 0 | MQ51: 0 | MT51: 0 | MU51: 0 | MX51: 0 | MY51: 0 | NB51: 0 | NC51: 0 | NF51: 0 | NG51: 0 | NJ51: 0 | NK51: 0 | NN51: 0 | NO51: 0 | NR51: 0 | NS51: 0 | NV51: 0 | NW51: 0 | NZ51: 0 | OA51: 0 | OD51: 0 | OE51: 0 | OH51: 0 | OI51: 0 | OL51: 0 | OM51: 0 | OP51: 0 | OQ51: 0 | OT51: 0 | OU51: 0 | OX51: 0 | OY51: 0 | PB51: 0 | PC51: 0 | PF51: 0 | PG51: 0 | PJ51: 0 | PK51: 0 | PN51: 0 | PO51: 0 | PR51: 0 | PS51: 0 | PV51: 0 | PW51: 0 | PZ51: 0 | QA51: 0 | QD51: 0 | QE51: 0 | QH51: 0 | QI51: 0 | QL51: 0 | QM51: 0 | QP51: 0 | QQ51: 0 | QT51: 0 | QU51: 0 | QX51: 0 | QY51: 0 | RB51: 0 | RC51: 0 | RF51: 0 | RG51: 0 | RJ51: 0 | RK51: 0 | RN51: 0 | RO51: 0 | RR51: 0 | RS51: 0 | RV51: 0 | RW51: 0 | RZ51: 0 | SA51: 0 | SD51: 0 | SE51: 0 | SH51: 0 | SI51: 0 | SL51: 0 | SM51: 0 | SP51: 0 | SQ51: 0 | ST51: 0 | SU51: =ROUND(SR51/1000000*IF(SS51=0,0,VLOOKUP(SS51,名称和价格索引!$A$4:$C$834,3,FALSE)),1) -> 0 | SV51: {=SUM(VLOOKUP(D51,D51:SU51,ROW($1:$128)*4,0))} -> 2340.5
A52: 魔甲虫怪 龙须 | B52: 盟重 | C52: 3181 | D52: 1000000 | E52: 200375 | F52: 375 | G52: 375 | H52: 1000000 | I52: 302 | J52: 金创药(中量) | K52: 130 | L52: 1000000 | M52: 322 | N52: 魔法药(中量) | O52: 130 | P52: 500000 | Q52: 302 | R52: 金创药(中量) | S52: 65 | T52: 500000 | U52: 322 | V52: 魔法药(中量) | W52: 65 | X52: 30000 | Y52: 99900010 | Z52: 八荒 | AA52: 75 | AB52: 30000 | AC52: 99900009 | AD52: 海魂 | AE52: 45 | AF52: 30000 | AG52: 99900011 | AH52: 半月 | AI52: 60 | AJ52: 30000 | AK52: 99930005 | AL52: 蓝色水晶戒指 | AM52: 22.5 | AN52: 30000 | AO52: 99920011 | AP52: 魔鬼项链 | AQ52: 37.5 | AR52: 30000 | AS52: 99920010 | AT52: 琥珀项链 | AU52: 30 | AV52: 30000 | AW52: 99920012 | AX52: 凤凰明珠 | AY52: 30 | AZ52: 30000 | BA52: 99940018 | BB52: 坚固手套 | BC52: 105 | BD52: 30000 | BE52: 99940027 | BF52: 魔力手镯 | BG52: 120 | BH52: 30000 | BI52: 99920009 | BJ52: 灯笼项链 | BK52: 45 | BL52: 30000 | BM52: 99990211 | BN52: 魔法头盔 | BO52: 30 | BP52: 30000 | BQ52: 33005 | BR52: 灵魂火符 | BS52: 15 | BT52: 30000 | BU52: 32533 | BV52: 雷电术 | BW52: 15 | BX52: 30000 | BY52: 32544 | BZ52: 地狱火 | CA52: 15 | CB52: 50000 | CC52: 99900006 | CD52: 铁剑 | CE52: 30 | CF52: 50000 | CG52: 99900005 | CH52: 短剑 | CI52: 25 | CJ52: 50000 | CK52: 99980213 | CL52: 轻型盔甲 | CM52: 75 | CN52: 50000 | CO52: 99980313 | CP52: 中型盔甲 | CQ52: 150 | CR52: 50000 | CS52: 99900008 | CT52: 青铜斧 | CU52: 37.5 | CV52: 50000 | CW52: 99920004 | CX52: 黑檀项链 | CY52: 30 | CZ52: 50000 | DA52: 99920003 | DB52: 黄色水晶项链 | DC52: 30 | DD52: 50000 | DE52: 99920005 | DF52: 黑色水晶项链 | DG52: 37.5 | DH52: 50000 | DI52: 99990111 | DJ52: 青铜头盔 | DK52: 25 | DL52: 50000 | DM52: 32541 | DN52: 诱惑之光 | DO52: 25 | DP52: 50000 | DQ52: 32532 | DR52: 抗拒火环 | DS52: 12.5 | DT52: 60000 | DU52: 99900004 | DV52: 青铜剑 | DW52: 27 | DX52: 60000 | DY52: 99940002 | DZ52: 小手镯 | EA52: 30 | EB52: 60000 | EC52: 99930002 | ED52: 玻璃戒指 | EE52: 24 | EF52: 60000 | EG52: 99930003 | EH52: 六角戒指 | EI52: 24 | EJ52: 60000 | EK52: 99940017 | EL52: 皮制手套 | EM52: 45 | EN52: 60000 | EO52: 99940003 | EP52: 银手镯 | EQ52: 45 | ER52: 60000 | ES52: 99940005 | ET52: 钢手镯 | EU52: 60 | EV52: 60000 | EW52: 99930004 | EX52: 牛角戒指 | EY52: 30 | EZ52: 60000 | FA52: 99940004 | FB52: 大手镯 | FC52: 150 | FD52: 60000 | FE52: 33001 | FF52: 精神力战法 | FG52: 15 | FH52: 60000 | FI52: 33002 | FJ52: 治愈术 | FK52: 1.5 | FL52: 60000 | FM52: 31031 | FN52: 基本剑术 | FO52: 1.5 | FR52: 0 | FS52: 0 | FV52: 0 | FW52: 0 | FZ52: 0 | GA52: 0 | GD52: 0 | GE52: 0 | GH52: 0 | GI52: 0 | GL52: 0 | GM52: 0 | GP52: 0 | GQ52: 0 | GT52: 0 | GU52: 0 | GX52: 0 | GY52: 0 | HB52: 0 | HC52: 0 | HF52: 0 | HG52: 0 | HJ52: 0 | HK52: 0 | HN52: 0 | HO52: 0 | HR52: 0 | HS52: 0 | HV52: 0 | HW52: 0 | HZ52: 0 | IA52: 0 | ID52: 0 | IE52: 0 | IH52: 0 | II52: 0 | IL52: 0 | IM52: 0 | IP52: 0 | IQ52: 0 | IT52: 0 | IU52: 0 | IX52: 0 | IY52: 0 | JB52: 0 | JC52: 0 | JF52: 0 | JG52: 0 | JJ52: 0 | JK52: 0 | JN52: 0 | JO52: 0 | JR52: 0 | JS52: 0 | JV52: 0 | JW52: 0 | JZ52: 0 | KA52: 0 | KD52: 0 | KE52: 0 | KH52: 0 | KI52: 0 | KL52: 0 | KM52: 0 | KP52: 0 | KQ52: 0 | KT52: 0 | KU52: 0 | KX52: 0 | KY52: 0 | LB52: 0 | LC52: 0 | LF52: 0 | LG52: 0 | LJ52: 0 | LK52: 0 | LN52: 0 | LO52: 0 | LR52: 0 | LS52: 0 | LV52: 0 | LW52: 0 | LZ52: 0 | MA52: 0 | MD52: 0 | ME52: 0 | MH52: 0 | MI52: 0 | ML52: 0 | MM52: 0 | MP52: 0 | MQ52: 0 | MT52: 0 | MU52: 0 | MX52: 0 | MY52: 0 | NB52: 0 | NC52: 0 | NF52: 0 | NG52: 0 | NJ52: 0 | NK52: 0 | NN52: 0 | NO52: 0 | NR52: 0 | NS52: 0 | NV52: 0 | NW52: 0 | NZ52: 0 | OA52: 0 | OD52: 0 | OE52: 0 | OH52: 0 | OI52: 0 | OL52: 0 | OM52: 0 | OP52: 0 | OQ52: 0 | OT52: 0 | OU52: 0 | OX52: 0 | OY52: 0 | PB52: 0 | PC52: 0 | PF52: 0 | PG52: 0 | PJ52: 0 | PK52: 0 | PN52: 0 | PO52: 0 | PR52: 0 | PS52: 0 | PV52: 0 | PW52: 0 | PZ52: 0 | QA52: 0 | QD52: 0 | QE52: 0 | QH52: 0 | QI52: 0 | QL52: 0 | QM52: 0 | QP52: 0 | QQ52: 0 | QT52: 0 | QU52: 0 | QX52: 0 | QY52: 0 | RB52: 0 | RC52: 0 | RF52: 0 | RG52: 0 | RJ52: 0 | RK52: 0 | RN52: 0 | RO52: 0 | RR52: 0 | RS52: 0 | RV52: 0 | RW52: 0 | RZ52: 0 | SA52: 0 | SD52: 0 | SE52: 0 | SH52: 0 | SI52: 0 | SL52: 0 | SM52: 0 | SP52: 0 | SQ52: 0 | ST52: 0 | SU52: =ROUND(SR52/1000000*IF(SS52=0,0,VLOOKUP(SS52,名称和价格索引!$A$4:$C$834,3,FALSE)),1) -> 0 | SV52: {=SUM(VLOOKUP(D52,D52:SU52,ROW($1:$128)*4,0))} -> 2340.5
A53: 凶恶鬼虫 狂斗 | B53: 盟重 | C53: 3182 | D53: 1000000 | E53: 200375 | F53: 375 | G53: 375 | H53: 1000000 | I53: 302 | J53: 金创药(中量) | K53: 130 | L53: 1000000 | M53: 322 | N53: 魔法药(中量) | O53: 130 | P53: 500000 | Q53: 302 | R53: 金创药(中量) | S53: 65 | T53: 500000 | U53: 322 | V53: 魔法药(中量) | W53: 65 | X53: 30000 | Y53: 99900010 | Z53: 八荒 | AA53: 75 | AB53: 30000 | AC53: 99900009 | AD53: 海魂 | AE53: 45 | AF53: 30000 | AG53: 99900011 | AH53: 半月 | AI53: 60 | AJ53: 30000 | AK53: 99930005 | AL53: 蓝色水晶戒指 | AM53: 22.5 | AN53: 30000 | AO53: 99920011 | AP53: 魔鬼项链 | AQ53: 37.5 | AR53: 30000 | AS53: 99920010 | AT53: 琥珀项链 | AU53: 30 | AV53: 30000 | AW53: 99920012 | AX53: 凤凰明珠 | AY53: 30 | AZ53: 30000 | BA53: 99940018 | BB53: 坚固手套 | BC53: 105 | BD53: 30000 | BE53: 99940027 | BF53: 魔力手镯 | BG53: 120 | BH53: 30000 | BI53: 99920009 | BJ53: 灯笼项链 | BK53: 45 | BL53: 30000 | BM53: 99990211 | BN53: 魔法头盔 | BO53: 30 | BP53: 30000 | BQ53: 33005 | BR53: 灵魂火符 | BS53: 15 | BT53: 30000 | BU53: 32533 | BV53: 雷电术 | BW53: 15 | BX53: 30000 | BY53: 32544 | BZ53: 地狱火 | CA53: 15 | CB53: 50000 | CC53: 99900006 | CD53: 铁剑 | CE53: 30 | CF53: 50000 | CG53: 99900005 | CH53: 短剑 | CI53: 25 | CJ53: 50000 | CK53: 99980213 | CL53: 轻型盔甲 | CM53: 75 | CN53: 50000 | CO53: 99980313 | CP53: 中型盔甲 | CQ53: 150 | CR53: 50000 | CS53: 99900008 | CT53: 青铜斧 | CU53: 37.5 | CV53: 50000 | CW53: 99920004 | CX53: 黑檀项链 | CY53: 30 | CZ53: 50000 | DA53: 99920003 | DB53: 黄色水晶项链 | DC53: 30 | DD53: 50000 | DE53: 99920005 | DF53: 黑色水晶项链 | DG53: 37.5 | DH53: 50000 | DI53: 99990111 | DJ53: 青铜头盔 | DK53: 25 | DL53: 50000 | DM53: 32541 | DN53: 诱惑之光 | DO53: 25 | DP53: 50000 | DQ53: 32532 | DR53: 抗拒火环 | DS53: 12.5 | DT53: 60000 | DU53: 99900004 | DV53: 青铜剑 | DW53: 27 | DX53: 60000 | DY53: 99940002 | DZ53: 小手镯 | EA53: 30 | EB53: 60000 | EC53: 99930002 | ED53: 玻璃戒指 | EE53: 24 | EF53: 60000 | EG53: 99930003 | EH53: 六角戒指 | EI53: 24 | EJ53: 60000 | EK53: 99940017 | EL53: 皮制手套 | EM53: 45 | EN53: 60000 | EO53: 99940003 | EP53: 银手镯 | EQ53: 45 | ER53: 60000 | ES53: 99940005 | ET53: 钢手镯 | EU53: 60 | EV53: 60000 | EW53: 99930004 | EX53: 牛角戒指 | EY53: 30 | EZ53: 60000 | FA53: 99940004 | FB53: 大手镯 | FC53: 150 | FD53: 60000 | FE53: 33001 | FF53: 精神力战法 | FG53: 15 | FH53: 60000 | FI53: 33002 | FJ53: 治愈术 | FK53: 1.5 | FL53: 60000 | FM53: 31031 | FN53: 基本剑术 | FO53: 1.5 | FR53: 0 | FS53: 0 | FV53: 0 | FW53: 0 | FZ53: 0 | GA53: 0 | GD53: 0 | GE53: 0 | GH53: 0 | GI53: 0 | GL53: 0 | GM53: 0 | GP53: 0 | GQ53: 0 | GT53: 0 | GU53: 0 | GX53: 0 | GY53: 0 | HB53: 0 | HC53: 0 | HF53: 0 | HG53: 0 | HJ53: 0 | HK53: 0 | HN53: 0 | HO53: 0 | HR53: 0 | HS53: 0 | HV53: 0 | HW53: 0 | HZ53: 0 | IA53: 0 | ID53: 0 | IE53: 0 | IH53: 0 | II53: 0 | IL53: 0 | IM53: 0 | IP53: 0 | IQ53: 0 | IT53: 0 | IU53: 0 | IX53: 0 | IY53: 0 | JB53: 0 | JC53: 0 | JF53: 0 | JG53: 0 | JJ53: 0 | JK53: 0 | JN53: 0 | JO53: 0 | JR53: 0 | JS53: 0 | JV53: 0 | JW53: 0 | JZ53: 0 | KA53: 0 | KD53: 0 | KE53: 0 | KH53: 0 | KI53: 0 | KL53: 0 | KM53: 0 | KP53: 0 | KQ53: 0 | KT53: 0 | KU53: 0 | KX53: 0 | KY53: 0 | LB53: 0 | LC53: 0 | LF53: 0 | LG53: 0 | LJ53: 0 | LK53: 0 | LN53: 0 | LO53: 0 | LR53: 0 | LS53: 0 | LV53: 0 | LW53: 0 | LZ53: 0 | MA53: 0 | MD53: 0 | ME53: 0 | MH53: 0 | MI53: 0 | ML53: 0 | MM53: 0 | MP53: 0 | MQ53: 0 | MT53: 0 | MU53: 0 | MX53: 0 | MY53: 0 | NB53: 0 | NC53: 0 | NF53: 0 | NG53: 0 | NJ53: 0 | NK53: 0 | NN53: 0 | NO53: 0 | NR53: 0 | NS53: 0 | NV53: 0 | NW53: 0 | NZ53: 0 | OA53: 0 | OD53: 0 | OE53: 0 | OH53: 0 | OI53: 0 | OL53: 0 | OM53: 0 | OP53: 0 | OQ53: 0 | OT53: 0 | OU53: 0 | OX53: 0 | OY53: 0 | PB53: 0 | PC53: 0 | PF53: 0 | PG53: 0 | PJ53: 0 | PK53: 0 | PN53: 0 | PO53: 0 | PR53: 0 | PS53: 0 | PV53: 0 | PW53: 0 | PZ53: 0 | QA53: 0 | QD53: 0 | QE53: 0 | QH53: 0 | QI53: 0 | QL53: 0 | QM53: 0 | QP53: 0 | QQ53: 0 | QT53: 0 | QU53: 0 | QX53: 0 | QY53: 0 | RB53: 0 | RC53: 0 | RF53: 0 | RG53: 0 | RJ53: 0 | RK53: 0 | RN53: 0 | RO53: 0 | RR53: 0 | RS53: 0 | RV53: 0 | RW53: 0 | RZ53: 0 | SA53: 0 | SD53: 0 | SE53: 0 | SH53: 0 | SI53: 0 | SL53: 0 | SM53: 0 | SP53: 0 | SQ53: 0 | ST53: 0 | SU53: =ROUND(SR53/1000000*IF(SS53=0,0,VLOOKUP(SS53,名称和价格索引!$A$4:$C$834,3,FALSE)),1) -> 0 | SV53: {=SUM(VLOOKUP(D53,D53:SU53,ROW($1:$128)*4,0))} -> 2340.5
A54: 废墟魔狼 丑面 | B54: 盟重 | C54: 3183 | D54: 1000000 | E54: 200375 | F54: 375 | G54: 375 | H54: 1000000 | I54: 302 | J54: 金创药(中量) | K54: 130 | L54: 1000000 | M54: 322 | N54: 魔法药(中量) | O54: 130 | P54: 500000 | Q54: 302 | R54: 金创药(中量) | S54: 65 | T54: 500000 | U54: 322 | V54: 魔法药(中量) | W54: 65 | X54: 30000 | Y54: 99900010 | Z54: 八荒 | AA54: 75 | AB54: 30000 | AC54: 99900009 | AD54: 海魂 | AE54: 45 | AF54: 30000 | AG54: 99900011 | AH54: 半月 | AI54: 60 | AJ54: 30000 | AK54: 99930005 | AL54: 蓝色水晶戒指 | AM54: 22.5 | AN54: 30000 | AO54: 99920011 | AP54: 魔鬼项链 | AQ54: 37.5 | AR54: 30000 | AS54: 99920010 | AT54: 琥珀项链 | AU54: 30 | AV54: 30000 | AW54: 99920012 | AX54: 凤凰明珠 | AY54: 30 | AZ54: 30000 | BA54: 99940018 | BB54: 坚固手套 | BC54: 105 | BD54: 30000 | BE54: 99940027 | BF54: 魔力手镯 | BG54: 120 | BH54: 30000 | BI54: 99920009 | BJ54: 灯笼项链 | BK54: 45 | BL54: 30000 | BM54: 99990211 | BN54: 魔法头盔 | BO54: 30 | BP54: 30000 | BQ54: 33005 | BR54: 灵魂火符 | BS54: 15 | BT54: 30000 | BU54: 32533 | BV54: 雷电术 | BW54: 15 | BX54: 30000 | BY54: 32544 | BZ54: 地狱火 | CA54: 15 | CB54: 50000 | CC54: 99900006 | CD54: 铁剑 | CE54: 30 | CF54: 50000 | CG54: 99900005 | CH54: 短剑 | CI54: 25 | CJ54: 50000 | CK54: 99980213 | CL54: 轻型盔甲 | CM54: 75 | CN54: 50000 | CO54: 99980313 | CP54: 中型盔甲 | CQ54: 150 | CR54: 50000 | CS54: 99900008 | CT54: 青铜斧 | CU54: 37.5 | CV54: 50000 | CW54: 99920004 | CX54: 黑檀项链 | CY54: 30 | CZ54: 50000 | DA54: 99920003 | DB54: 黄色水晶项链 | DC54: 30 | DD54: 50000 | DE54: 99920005 | DF54: 黑色水晶项链 | DG54: 37.5 | DH54: 50000 | DI54: 99990111 | DJ54: 青铜头盔 | DK54: 25 | DL54: 50000 | DM54: 32541 | DN54: 诱惑之光 | DO54: 25 | DP54: 50000 | DQ54: 32532 | DR54: 抗拒火环 | DS54: 12.5 | DT54: 60000 | DU54: 99900004 | DV54: 青铜剑 | DW54: 27 | DX54: 60000 | DY54: 99940002 | DZ54: 小手镯 | EA54: 30 | EB54: 60000 | EC54: 99930002 | ED54: 玻璃戒指 | EE54: 24 | EF54: 60000 | EG54: 99930003 | EH54: 六角戒指 | EI54: 24 | EJ54: 60000 | EK54: 99940017 | EL54: 皮制手套 | EM54: 45 | EN54: 60000 | EO54: 99940003 | EP54: 银手镯 | EQ54: 45 | ER54: 60000 | ES54: 99940005 | ET54: 钢手镯 | EU54: 60 | EV54: 60000 | EW54: 99930004 | EX54: 牛角戒指 | EY54: 30 | EZ54: 60000 | FA54: 99940004 | FB54: 大手镯 | FC54: 150 | FD54: 60000 | FE54: 33001 | FF54: 精神力战法 | FG54: 15 | FH54: 60000 | FI54: 33002 | FJ54: 治愈术 | FK54: 1.5 | FL54: 60000 | FM54: 31031 | FN54: 基本剑术 | FO54: 1.5 | FR54: 0 | FS54: 0 | FV54: 0 | FW54: 0 | FZ54: 0 | GA54: 0 | GD54: 0 | GE54: 0 | GH54: 0 | GI54: 0 | GL54: 0 | GM54: 0 | GP54: 0 | GQ54: 0 | GT54: 0 | GU54: 0 | GX54: 0 | GY54: 0 | HB54: 0 | HC54: 0 | HF54: 0 | HG54: 0 | HJ54: 0 | HK54: 0 | HN54: 0 | HO54: 0 | HR54: 0 | HS54: 0 | HV54: 0 | HW54: 0 | HZ54: 0 | IA54: 0 | ID54: 0 | IE54: 0 | IH54: 0 | II54: 0 | IL54: 0 | IM54: 0 | IP54: 0 | IQ54: 0 | IT54: 0 | IU54: 0 | IX54: 0 | IY54: 0 | JB54: 0 | JC54: 0 | JF54: 0 | JG54: 0 | JJ54: 0 | JK54: 0 | JN54: 0 | JO54: 0 | JR54: 0 | JS54: 0 | JV54: 0 | JW54: 0 | JZ54: 0 | KA54: 0 | KD54: 0 | KE54: 0 | KH54: 0 | KI54: 0 | KL54: 0 | KM54: 0 | KP54: 0 | KQ54: 0 | KT54: 0 | KU54: 0 | KX54: 0 | KY54: 0 | LB54: 0 | LC54: 0 | LF54: 0 | LG54: 0 | LJ54: 0 | LK54: 0 | LN54: 0 | LO54: 0 | LR54: 0 | LS54: 0 | LV54: 0 | LW54: 0 | LZ54: 0 | MA54: 0 | MD54: 0 | ME54: 0 | MH54: 0 | MI54: 0 | ML54: 0 | MM54: 0 | MP54: 0 | MQ54: 0 | MT54: 0 | MU54: 0 | MX54: 0 | MY54: 0 | NB54: 0 | NC54: 0 | NF54: 0 | NG54: 0 | NJ54: 0 | NK54: 0 | NN54: 0 | NO54: 0 | NR54: 0 | NS54: 0 | NV54: 0 | NW54: 0 | NZ54: 0 | OA54: 0 | OD54: 0 | OE54: 0 | OH54: 0 | OI54: 0 | OL54: 0 | OM54: 0 | OP54: 0 | OQ54: 0 | OT54: 0 | OU54: 0 | OX54: 0 | OY54: 0 | PB54: 0 | PC54: 0 | PF54: 0 | PG54: 0 | PJ54: 0 | PK54: 0 | PN54: 0 | PO54: 0 | PR54: 0 | PS54: 0 | PV54: 0 | PW54: 0 | PZ54: 0 | QA54: 0 | QD54: 0 | QE54: 0 | QH54: 0 | QI54: 0 | QL54: 0 | QM54: 0 | QP54: 0 | QQ54: 0 | QT54: 0 | QU54: 0 | QX54: 0 | QY54: 0 | RB54: 0 | RC54: 0 | RF54: 0 | RG54: 0 | RJ54: 0 | RK54: 0 | RN54: 0 | RO54: 0 | RR54: 0 | RS54: 0 | RV54: 0 | RW54: 0 | RZ54: 0 | SA54: 0 | SD54: 0 | SE54: 0 | SH54: 0 | SI54: 0 | SL54: 0 | SM54: 0 | SP54: 0 | SQ54: 0 | ST54: 0 | SU54: =ROUND(SR54/1000000*IF(SS54=0,0,VLOOKUP(SS54,名称和价格索引!$A$4:$C$834,3,FALSE)),1) -> 0 | SV54: {=SUM(VLOOKUP(D54,D54:SU54,ROW($1:$128)*4,0))} -> 2340.5
