Workbook

Sheet guild_building
A1: ID | B1: Name | C1: Level | D1: MaxLevel | E1: MaxNum | F1: Prosperity | G1: MoneyConsumption | H1: TotalMoneyConsumption | I1: HerbConsumption | J1: TotalHerbConsumption | K1: WoodConsumption | L1: TotalWoodConsumption | M1: CrystalConsumption | N1: TotalCrystalConsumption | O1: SilverConsumption | P1: TotalSilverConsumption | Q1: UpgradeTime | R1: RoutineConsumption | S1: CdtnBaseNpcID | T1: ConditionBuildingID | U1: ConditionBuildingLvl | V1: UpgradingSpellID | W1: NpcTemplateID | X1: DeadNpcTemplateID | Y1: ReviveTime | Z1: Param1 | AA1: Param2 | AB1: Param3 | AC1: Param4 | AD1: Param5 | AE1: IntruderMsgID | AF1: DefenderMsgID | AG1: FewMembersReward | AH1: SomeMembersReward | AI1: ManyMembersReward | AJ1: Effect | AK1: Description
A2: Both | B2: Client | C2: Both | D2: Both | E2: Both | F2: Server | G2: Both | H2: Server | I2: Both | J2: Server | K2: Both | L2: Server | M2: Both | N2: Server | O2: Both | P2: Server | Q2: Both | R2: Both | S2: Both | T2: Both | U2: Both | V2: Both | W2: Both | X2: Server | Y2: Server | Z2: Both | AA2: Both | AB2: Both | AC2: Both | AD2: Both | AE2: Server | AF2: Server | AG2: Server | AH2: Server | AI2: Server | AJ2: Both | AK2: Client
A3: 0 | B3: 0 | C3: 0 | D3: 0 | G3: 0 | I3: 0 | K3: 0 | L3: 0 | M3: 0 | N3: 0 | O3: 0 | P3: 0 | Q3: 0 | R3: 0 | S3: 0 | T3: 0 | U3: 0 | V3: 0 | W3: 0 | X3: 0 | Z3: 0 | AA3: 0 | AB3: 0 | AC3: 0 | AD3: 0 | AJ3: 0 | AK3: 0
A4: 1 | B4: 主殿 | C4: 0 | D4: 5 | E4: 1 | F4: 100 | G4: =VLOOKUP(A4,资源索引!$A$2:$F$29,2,FALSE)*VLOOKUP(C4+1,资源索引!$I$1:$J$6,2,FALSE) -> 400000 | H4: =SUM(G$4:G4) -> 400000 | I4: =VLOOKUP(A4,资源索引!$A$2:$F$29,3,FALSE)*VLOOKUP(C4+1,资源索引!$I$1:$J$6,2,FALSE) -> 200000 | J4: =SUM(I$4:I4) -> 200000 | K4: =VLOOKUP(A4,资源索引!$A$2:$F$29,4,FALSE)*VLOOKUP(C4+1,资源索引!$I$1:$J$6,2,FALSE) -> 200000 | L4: =SUM(K$4:K4) -> 200000 | M4: =VLOOKUP(A4,资源索引!$A$2:$F$29,5,FALSE)*VLOOKUP(C4+1,资源索引!$I$1:$J$6,2,FALSE) -> 200000 | N4: =SUM(M$4:M4) -> 200000 | O4: =VLOOKUP(A4,资源索引!$A$2:$F$29,6,FALSE)*VLOOKUP(C4+1,资源索引!$I$1:$J$6,2,FALSE) -> 200000 | P4: =SUM(O$4:O4) -> 200000 | Q4: 2 | R4: 0 | S4: 9945 | T4: 0 | U4: 0 | V4: 0 | W4: 9945 | X4: 4859 | Z4: 100000 | AA4: 50000 | AB4: 50000 | AC4: 50000 | AD4: 50000 | AE4: 1020 | AF4: 1060 | AJ4: 0 | AK4: 主殿是公会核心建筑，升级主殿能提升公会等级，使其能建造更多其他建筑。
A5: 1 | B5: 主殿 | C5: 1 | D5: 5 | E5: 1 | F5: 150 | G5: =VLOOKUP(A5,资源索引!$A$2:$F$29,2,FALSE)*VLOOKUP(C5+1,资源索引!$I$1:$J$6,2,FALSE) -> 700000 | H5: =SUM(G$4:G5) -> 1100000 | I5: =VLOOKUP(A5,资源索引!$A$2:$F$29,3,FALSE)*VLOOKUP(C5+1,资源索引!$I$1:$J$6,2,FALSE) -> 350000 | J5: =SUM(I$4:I5) -> 550000 | K5: =VLOOKUP(A5,资源索引!$A$2:$F$29,4,FALSE)*VLOOKUP(C5+1,资源索引!$I$1:$J$6,2,FALSE) -> 350000 | L5: =SUM(K$4:K5) -> 550000 | M5: =VLOOKUP(A5,资源索引!$A$2:$F$29,5,FALSE)*VLOOKUP(C5+1,资源索引!$I$1:$J$6,2,FALSE) -> 350000 | N5: =SUM(M$4:M5) -> 550000 | O5: =VLOOKUP(A5,资源索引!$A$2:$F$29,6,FALSE)*VLOOKUP(C5+1,资源索引!$I$1:$J$6,2,FALSE) -> 350000 | P5: =SUM(O$4:O5) -> 550000 | Q5: 2 | R5: 0 | S5: 9945 | T5: 0 | U5: 0 | V5: 0 | W5: 9801 | X5: 4859 | Z5: 100000 | AA5: 50000 | AB5: 50000 | AC5: 50000 | AD5: 50000 | AE5: 1020 | AF5: 1060 | AG5: 361 | AH5: 362 | AI5: 363 | AJ5: 0 | AK5: 主殿是公会核心建筑，升级主殿能提升公会等级，使其能建造更多其他建筑。
A6: 1 | B6: 主殿 | C6: 2 | D6: 5 | E6: 1 | F6: 200 | G6: =VLOOKUP(A6,资源索引!$A$2:$F$29,2,FALSE)*VLOOKUP(C6+1,资源索引!$I$1:$J$6,2,FALSE) -> 1300000 | H6: =SUM(G$4:G6) -> 2400000 | I6: =VLOOKUP(A6,资源索引!$A$2:$F$29,3,FALSE)*VLOOKUP(C6+1,资源索引!$I$1:$J$6,2,FALSE) -> 650000 | J6: =SUM(I$4:I6) -> 1200000 | K6: =VLOOKUP(A6,资源索引!$A$2:$F$29,4,FALSE)*VLOOKUP(C6+1,资源索引!$I$1:$J$6,2,FALSE) -> 650000 | L6: =SUM(K$4:K6) -> 1200000 | M6: =VLOOKUP(A6,资源索引!$A$2:$F$29,5,FALSE)*VLOOKUP(C6+1,资源索引!$I$1:$J$6,2,FALSE) -> 650000 | N6: =SUM(M$4:M6) -> 1200000 | O6: =VLOOKUP(A6,资源索引!$A$2:$F$29,6,FALSE)*VLOOKUP(C6+1,资源索引!$I$1:$J$6,2,FALSE) -> 650000 | P6: =SUM(O$4:O6) -> 1200000 | Q6: 2 | R6: 0 | S6: 9945 | T6: 0 | U6: 0 | V6: 0 | W6: 9802 | X6: 4859 | Z6: 100000 | AA6: 50000 | AB6: 50000 | AC6: 50000 | AD6: 50000 | AE6: 1020 | AF6: 1060 | AG6: 361 | AH6: 362 | AI6: 363 | AJ6: 0 | AK6: 主殿是公会核心建筑，升级主殿能提升公会等级，使其能建造更多其他建筑。
A7: 1 | B7: 主殿 | C7: 3 | D7: 5 | E7: 1 | F7: 250 | G7: =VLOOKUP(A7,资源索引!$A$2:$F$29,2,FALSE)*VLOOKUP(C7+1,资源索引!$I$1:$J$6,2,FALSE) -> 2400000 | H7: =SUM(G$4:G7) -> 4800000 | I7: =VLOOKUP(A7,资源索引!$A$2:$F$29,3,FALSE)*VLOOKUP(C7+1,资源索引!$I$1:$J$6,2,FALSE) -> 1200000 | J7: =SUM(I$4:I7) -> 2400000 | K7: =VLOOKUP(A7,资源索引!$A$2:$F$29,4,FALSE)*VLOOKUP(C7+1,资源索引!$I$1:$J$6,2,FALSE) -> 1200000 | L7: =SUM(K$4:K7) -> 2400000 | M7: =VLOOKUP(A7,资源索引!$A$2:$F$29,5,FALSE)*VLOOKUP(C7+1,资源索引!$I$1:$J$6,2,FALSE) -> 1200000 | N7: =SUM(M$4:M7) -> 2400000 | O7: =VLOOKUP(A7,资源索引!$A$2:$F$29,6,FALSE)*VLOOKUP(C7+1,资源索引!$I$1:$J$6,2,FALSE) -> 1200000 | P7: =SUM(O$4:O7) -> 2400000 | Q7: 2 | R7: 0 | S7: 9945 | T7: 0 | U7: 0 | V7: 0 | W7: 9803 | X7: 4859 | Z7: 100000 | AA7: 50000 | AB7: 50000 | AC7: 50000 | AD7: 50000 | AE7: 1020 | AF7: 1060 | AG7: 364 | AH7: 365 | AI7: 366 | AJ7: 0 | AK7: 主殿是公会核心建筑，升级主殿能提升公会等级，使其能建造更多其他建筑。
A8: 1 | B8: 主殿 | C8: 4 | D8: 5 | E8: 1 | F8: 300 | G8: =VLOOKUP(A8,资源索引!$A$2:$F$29,2,FALSE)*VLOOKUP(C8+1,资源索引!$I$1:$J$6,2,FALSE) -> 4000000 | H8: =SUM(G$4:G8) -> 8800000 | I8: =VLOOKUP(A8,资源索引!$A$2:$F$29,3,FALSE)*VLOOKUP(C8+1,资源索引!$I$1:$J$6,2,FALSE) -> 2000000 | J8: =SUM(I$4:I8) -> 4400000 | K8: =VLOOKUP(A8,资源索引!$A$2:$F$29,4,FALSE)*VLOOKUP(C8+1,资源索引!$I$1:$J$6,2,FALSE) -> 2000000 | L8: =SUM(K$4:K8) -> 4400000 | M8: =VLOOKUP(A8,资源索引!$A$2:$F$29,5,FALSE)*VLOOKUP(C8+1,资源索引!$I$1:$J$6,2,FALSE) -> 2000000 | N8: =SUM(M$4:M8) -> 4400000 | O8: =VLOOKUP(A8,资源索引!$A$2:$F$29,6,FALSE)*VLOOKUP(C8+1,资源索引!$I$1:$J$6,2,FALSE) -> 2000000 | P8: =SUM(O$4:O8) -> 4400000 | Q8: 2 | R8: 0 | S8: 9945 | T8: 0 | U8: 0 | V8: 0 | W8: 9804 | X8: 4859 | Z8: 100000 | AA8: 50000 | AB8: 50000 | AC8: 50000 | AD8: 50000 | AE8: 1020 | AF8: 1060 | AG8: 364 | AH8: 365 | AI8: 366 | AJ8: 0 | AK8: 主殿是公会核心建筑，升级主殿能提升公会等级，使其能建造更多其他建筑。
A9: 1 | B9: 主殿 | C9: 5 | D9: 5 | E9: 1 | F9: 350 | G9: =VLOOKUP(A9,资源索引!$A$2:$F$29,2,FALSE)*VLOOKUP(C9+1,资源索引!$I$1:$J$6,2,FALSE) -> 7200000 | H9: =SUM(G$4:G9) -> 16000000 | I9: =VLOOKUP(A9,资源索引!$A$2:$F$29,3,FALSE)*VLOOKUP(C9+1,资源索引!$I$1:$J$6,2,FALSE) -> 3600000 | J9: =SUM(I$4:I9) -> 8000000 | K9: =VLOOKUP(A9,资源索引!$A$2:$F$29,4,FALSE)*VLOOKUP(C9+1,资源索引!$I$1:$J$6,2,FALSE) -> 3600000 | L9: =SUM(K$4:K9) -> 8000000 | M9: =VLOOKUP(A9,资源索引!$A$2:$F$29,5,FALSE)*VLOOKUP(C9+1,资源索引!$I$1:$J$6,2,FALSE) -> 3600000 | N9: =SUM(M$4:M9) -> 8000000 | O9: =VLOOKUP(A9,资源索引!$A$2:$F$29,6,FALSE)*VLOOKUP(C9+1,资源索引!$I$1:$J$6,2,FALSE) -> 3600000 | P9: =SUM(O$4:O9) -> 8000000 | Q9: 2 | R9: 0 | S9: 9945 | T9: 0 | U9: 0 | V9: 0 | W9: 9805 | X9: 4859 | Z9: 100000 | AA9: 50000 | AB9: 50000 | AC9: 50000 | AD9: 50000 | AE9: 1020 | AF9: 1060 | AG9: 367 | AH9: 368 | AI9: 369 | AJ9: 0 | AK9: 主殿是公会核心建筑，升级主殿能提升公会等级，使其能建造更多其他建筑。
A10: 2 | B10: 商会 | C10: 0 | D10: 5 | E10: 1 | F10: 50 | G10: =VLOOKUP(A10,资源索引!$A$2:$F$29,2,FALSE)*VLOOKUP(C10+1,资源索引!$I$1:$J$6,2,FALSE) -> 120000 | H10: =SUM(G$10:G10) -> 120000 | I10: =VLOOKUP(A10,资源索引!$A$2:$F$29,3,FALSE)*VLOOKUP(C10+1,资源索引!$I$1:$J$6,2,FALSE) -> 120000 | J10: =SUM(I$10:I10) -> 120000 | K10: =VLOOKUP(A10,资源索引!$A$2:$F$29,4,FALSE)*VLOOKUP(C10+1,资源索引!$I$1:$J$6,2,FALSE) -> 100000 | L10: =SUM(K$10:K10) -> 100000 | M10: =VLOOKUP(A10,资源索引!$A$2:$F$29,5,FALSE)*VLOOKUP(C10+1,资源索引!$I$1:$J$6,2,FALSE) -> 100000 | N10: =SUM(M$10:M10) -> 100000 | O10: =VLOOKUP(A10,资源索引!$A$2:$F$29,6,FALSE)*VLOOKUP(C10+1,资源索引!$I$1:$J$6,2,FALSE) -> 40000 | P10: =SUM(O$10:O10) -> 40000 | Q10: 2 | R10: 0 | S10: 9946 | T10: 1 | U10: 1 | V10: 0 | W10: 9946 | X10: 8594 | Z10: 0 | AA10: 0 | AB10: 0 | AC10: 0 | AD10: 0 | AE10: 1021 | AF10: 1061 | AJ10: 0 | AK10: 商会是开启护送的重要建筑，商会等级越高，可以护送的货物也就越高。
A11: 2 | B11: 商会 | C11: 1 | D11: 5 | E11: 1 | F11: 80 | G11: =VLOOKUP(A11,资源索引!$A$2:$F$29,2,FALSE)*VLOOKUP(C11+1,资源索引!$I$1:$J$6,2,FALSE) -> 210000 | H11: =SUM(G$10:G11) -> 330000 | I11: =VLOOKUP(A11,资源索引!$A$2:$F$29,3,FALSE)*VLOOKUP(C11+1,资源索引!$I$1:$J$6,2,FALSE) -> 210000 | J11: =SUM(I$10:I11) -> 330000 | K11: =VLOOKUP(A11,资源索引!$A$2:$F$29,4,FALSE)*VLOOKUP(C11+1,资源索引!$I$1:$J$6,2,FALSE) -> 175000 | L11: =SUM(K$10:K11) -> 275000 | M11: =VLOOKUP(A11,资源索引!$A$2:$F$29,5,FALSE)*VLOOKUP(C11+1,资源索引!$I$1:$J$6,2,FALSE) -> 175000 | N11: =SUM(M$10:M11) -> 275000 | O11: =VLOOKUP(A11,资源索引!$A$2:$F$29,6,FALSE)*VLOOKUP(C11+1,资源索引!$I$1:$J$6,2,FALSE) -> 70000 | P11: =SUM(O$10:O11) -> 110000 | Q11: 2 | R11: 0 | S11: 9946 | T11: 1 | U11: 2 | V11: 0 | W11: 9807 | X11: 8594 | Z11: 0 | AA11: 0 | AB11: 0 | AC11: 0 | AD11: 0 | AE11: 1021 | AF11: 1061 | AG11: 379 | AH11: 380 | AI11: 381 | AJ11: 0 | AK11: 商会是开启护送的重要建筑，商会等级越高，可以护送的货物也就越高。
A12: 2 | B12: 商会 | C12: 2 | D12: 5 | E12: 1 | F12: 110 | G12: =VLOOKUP(A12,资源索引!$A$2:$F$29,2,FALSE)*VLOOKUP(C12+1,资源索引!$I$1:$J$6,2,FALSE) -> 390000 | H12: =SUM(G$10:G12) -> 720000 | I12: =VLOOKUP(A12,资源索引!$A$2:$F$29,3,FALSE)*VLOOKUP(C12+1,资源索引!$I$1:$J$6,2,FALSE) -> 390000 | J12: =SUM(I$10:I12) -> 720000 | K12: =VLOOKUP(A12,资源索引!$A$2:$F$29,4,FALSE)*VLOOKUP(C12+1,资源索引!$I$1:$J$6,2,FALSE) -> 325000 | L12: =SUM(K$10:K12) -> 600000 | M12: =VLOOKUP(A12,资源索引!$A$2:$F$29,5,FALSE)*VLOOKUP(C12+1,资源索引!$I$1:$J$6,2,FALSE) -> 325000 | N12: =SUM(M$10:M12) -> 600000 | O12: =VLOOKUP(A12,资源索引!$A$2:$F$29,6,FALSE)*VLOOKUP(C12+1,资源索引!$I$1:$J$6,2,FALSE) -> 130000 | P12: =SUM(O$10:O12) -> 240000 | Q12: 2 | R12: 0 | S12: 9946 | T12: 1 | U12: 3 | V12: 0 | W12: 9808 | X12: 8594 | Z12: 0 | AA12: 0 | AB12: 0 | AC12: 0 | AD12: 0 | AE12: 1021 | AF12: 1061 | AG12: 379 | AH12: 380 | AI12: 381 | AJ12: 0 | AK12: 商会是开启护送的重要建筑，商会等级越高，可以护送的货物也就越高。
A13: 2 | B13: 商会 | C13: 3 | D13: 5 | E13: 1 | F13: 140 | G13: =VLOOKUP(A13,资源索引!$A$2:$F$29,2,FALSE)*VLOOKUP(C13+1,资源索引!$I$1:$J$6,2,FALSE) -> 720000 | H13: =SUM(G$10:G13) -> 1440000 | I13: =VLOOKUP(A13,资源索引!$A$2:$F$29,3,FALSE)*VLOOKUP(C13+1,资源索引!$I$1:$J$6,2,FALSE) -> 720000 | J13: =SUM(I$10:I13) -> 1440000 | K13: =VLOOKUP(A13,资源索引!$A$2:$F$29,4,FALSE)*VLOOKUP(C13+1,资源索引!$I$1:$J$6,2,FALSE) -> 600000 | L13: =SUM(K$10:K13) -> 1200000 | M13: =VLOOKUP(A13,资源索引!$A$2:$F$29,5,FALSE)*VLOOKUP(C13+1,资源索引!$I$1:$J$6,2,FALSE) -> 600000 | N13: =SUM(M$10:M13) -> 1200000 | O13: =VLOOKUP(A13,资源索引!$A$2:$F$29,6,FALSE)*VLOOKUP(C13+1,资源索引!$I$1:$J$6,2,FALSE) -> 240000 | P13: =SUM(O$10:O13) -> 480000 | Q13: 2 | R13: 0 | S13: 9946 | T13: 1 | U13: 4 | V13: 0 | W13: 9809 | X13: 8594 | Z13: 0 | AA13: 0 | AB13: 0 | AC13: 0 | AD13: 0 | AE13: 1021 | AF13: 1061 | AG13: 382 | AH13: 383 | AI13: 384 | AJ13: 0 | AK13: 商会是开启护送的重要建筑，商会等级越高，可以护送的货物也就越高。
A14: 2 | B14: 商会 | C14: 4 | D14: 5 | E14: 1 | F14: 170 | G14: =VLOOKUP(A14,资源索引!$A$2:$F$29,2,FALSE)*VLOOKUP(C14+1,资源索引!$I$1:$J$6,2,FALSE) -> 1200000 | H14: =SUM(G$10:G14) -> 2640000 | I14: =VLOOKUP(A14,资源索引!$A$2:$F$29,3,FALSE)*VLOOKUP(C14+1,资源索引!$I$1:$J$6,2,FALSE) -> 1200000 | J14: =SUM(I$10:I14) -> 2640000 | K14: =VLOOKUP(A14,资源索引!$A$2:$F$29,4,FALSE)*VLOOKUP(C14+1,资源索引!$I$1:$J$6,2,FALSE) -> 1000000 | L14: =SUM(K$10:K14) -> 2200000 | M14: =VLOOKUP(A14,资源索引!$A$2:$F$29,5,FALSE)*VLOOKUP(C14+1,资源索引!$I$1:$J$6,2,FALSE) -> 1000000 | N14: =SUM(M$10:M14) -> 2200000 | O14: =VLOOKUP(A14,资源索引!$A$2:$F$29,6,FALSE)*VLOOKUP(C14+1,资源索引!$I$1:$J$6,2,FALSE) -> 400000 | P14: =SUM(O$10:O14) -> 880000 | Q14: 2 | R14: 0 | S14: 9946 | T14: 1 | U14: 5 | V14: 0 | W14: 9810 | X14: 8594 | Z14: 0 | AA14: 0 | AB14: 0 | AC14: 0 | AD14: 0 | AE14: 1021 | AF14: 1061 | AG14: 382 | AH14: 383 | AI14: 384 | AJ14: 0 | AK14: 商会是开启护送的重要建筑，商会等级越高，可以护送的货物也就越高。
A15: 2 | B15: 商会 | C15: 5 | D15: 5 | E15: 1 | F15: 200 | G15: =VLOOKUP(A15,资源索引!$A$2:$F$29,2,FALSE)*VLOOKUP(C15+1,资源索引!$I$1:$J$6,2,FALSE) -> 2160000 | H15: =SUM(G$10:G15) -> 4800000 | I15: =VLOOKUP(A15,资源索引!$A$2:$F$29,3,FALSE)*VLOOKUP(C15+1,资源索引!$I$1:$J$6,2,FALSE) -> 2160000 | J15: =SUM(I$10:I15) -> 4800000 | K15: =VLOOKUP(A15,资源索引!$A$2:$F$29,4,FALSE)*VLOOKUP(C15+1,资源索引!$I$1:$J$6,2,FALSE) -> 1800000 | L15: =SUM(K$10:K15) -> 4000000 | M15: =VLOOKUP(A15,资源索引!$A$2:$F$29,5,FALSE)*VLOOKUP(C15+1,资源索引!$I$1:$J$6,2,FALSE) -> 1800000 | N15: =SUM(M$10:M15) -> 4000000 | O15: =VLOOKUP(A15,资源索引!$A$2:$F$29,6,FALSE)*VLOOKUP(C15+1,资源索引!$I$1:$J$6,2,FALSE) -> 720000 | P15: =SUM(O$10:O15) -> 1600000 | Q15: 2 | R15: 0 | S15: 9946 | T15: 1 | U15: 6 | V15: 0 | W15: 9811 | X15: 8594 | Z15: 0 | AA15: 0 | AB15: 0 | AC15: 0 | AD15: 0 | AE15: 1021 | AF15: 1061 | AG15: 385 | AH15: 386 | AI15: 387 | AJ15: 0 | AK15: 商会是开启护送的重要建筑，商会等级越高，可以护送的货物也就越高。
A16: 3 | B16: 神坛 | C16: 0 | D16: 5 | E16: 1 | F16: 50 | G16: =VLOOKUP(A16,资源索引!$A$2:$F$29,2,FALSE)*VLOOKUP(C16+1,资源索引!$I$1:$J$6,2,FALSE) -> 240000 | H16: =SUM(G$16:G16) -> 240000 | I16: =VLOOKUP(A16,资源索引!$A$2:$F$29,3,FALSE)*VLOOKUP(C16+1,资源索引!$I$1:$J$6,2,FALSE) -> 60000 | J16: =SUM(I$16:I16) -> 60000 | K16: =VLOOKUP(A16,资源索引!$A$2:$F$29,4,FALSE)*VLOOKUP(C16+1,资源索引!$I$1:$J$6,2,FALSE) -> 140000 | L16: =SUM(K$16:K16) -> 140000 | M16: =VLOOKUP(A16,资源索引!$A$2:$F$29,5,FALSE)*VLOOKUP(C16+1,资源索引!$I$1:$J$6,2,FALSE) -> 140000 | N16: =SUM(M$16:M16) -> 140000 | O16: =VLOOKUP(A16,资源索引!$A$2:$F$29,6,FALSE)*VLOOKUP(C16+1,资源索引!$I$1:$J$6,2,FALSE) -> 140000 | P16: =SUM(O$16:O16) -> 140000 | Q16: 2 | R16: 0 | S16: 9946 | T16: 1 | U16: 1 | V16: 0 | W16: 9946 | X16: 8591 | Z16: 0 | AA16: 0 | AB16: 0 | AC16: 0 | AD16: 0 | AE16: 1022 | AF16: 1062 | AJ16: 0 | AK16: 神坛是洗炼铭文的重要建筑，神坛等级越高，可以洗炼的铭文种类就越多。
A17: 3 | B17: 神坛 | C17: 1 | D17: 5 | E17: 1 | F17: 80 | G17: =VLOOKUP(A17,资源索引!$A$2:$F$29,2,FALSE)*VLOOKUP(C17+1,资源索引!$I$1:$J$6,2,FALSE) -> 420000 | H17: =SUM(G$16:G17) -> 660000 | I17: =VLOOKUP(A17,资源索引!$A$2:$F$29,3,FALSE)*VLOOKUP(C17+1,资源索引!$I$1:$J$6,2,FALSE) -> 105000 | J17: =SUM(I$16:I17) -> 165000 | K17: =VLOOKUP(A17,资源索引!$A$2:$F$29,4,FALSE)*VLOOKUP(C17+1,资源索引!$I$1:$J$6,2,FALSE) -> 245000 | L17: =SUM(K$16:K17) -> 385000 | M17: =VLOOKUP(A17,资源索引!$A$2:$F$29,5,FALSE)*VLOOKUP(C17+1,资源索引!$I$1:$J$6,2,FALSE) -> 245000 | N17: =SUM(M$16:M17) -> 385000 | O17: =VLOOKUP(A17,资源索引!$A$2:$F$29,6,FALSE)*VLOOKUP(C17+1,资源索引!$I$1:$J$6,2,FALSE) -> 245000 | P17: =SUM(O$16:O17) -> 385000 | Q17: 2 | R17: 0 | S17: 9946 | T17: 1 | U17: 2 | V17: 0 | W17: 9813 | X17: 8591 | Z17: 0 | AA17: 0 | AB17: 0 | AC17: 0 | AD17: 0 | AE17: 1022 | AF17: 1062 | AG17: 379 | AH17: 380 | AI17: 381 | AJ17: 0 | AK17: 神坛是洗炼铭文的重要建筑，神坛等级越高，可以洗炼的铭文种类就越多。
A18: 3 | B18: 神坛 | C18: 2 | D18: 5 | E18: 1 | F18: 110 | G18: =VLOOKUP(A18,资源索引!$A$2:$F$29,2,FALSE)*VLOOKUP(C18+1,资源索引!$I$1:$J$6,2,FALSE) -> 780000 | H18: =SUM(G$16:G18) -> 1440000 | I18: =VLOOKUP(A18,资源索引!$A$2:$F$29,3,FALSE)*VLOOKUP(C18+1,资源索引!$I$1:$J$6,2,FALSE) -> 195000 | J18: =SUM(I$16:I18) -> 360000 | K18: =VLOOKUP(A18,资源索引!$A$2:$F$29,4,FALSE)*VLOOKUP(C18+1,资源索引!$I$1:$J$6,2,FALSE) -> 455000 | L18: =SUM(K$16:K18) -> 840000 | M18: =VLOOKUP(A18,资源索引!$A$2:$F$29,5,FALSE)*VLOOKUP(C18+1,资源索引!$I$1:$J$6,2,FALSE) -> 455000 | N18: =SUM(M$16:M18) -> 840000 | O18: =VLOOKUP(A18,资源索引!$A$2:$F$29,6,FALSE)*VLOOKUP(C18+1,资源索引!$I$1:$J$6,2,FALSE) -> 455000 | P18: =SUM(O$16:O18) -> 840000 | Q18: 2 | R18: 0 | S18: 9946 | T18: 1 | U18: 3 | V18: 0 | W18: 9814 | X18: 8591 | Z18: 0 | AA18: 0 | AB18: 0 | AC18: 0 | AD18: 0 | AE18: 1022 | AF18: 1062 | AG18: 379 | AH18: 380 | AI18: 381 | AJ18: 0 | AK18: 神坛是洗炼铭文的重要建筑，神坛等级越高，可以洗炼的铭文种类就越多。
A19: 3 | B19: 神坛 | C19: 3 | D19: 5 | E19: 1 | F19: 140 | G19: =VLOOKUP(A19,资源索引!$A$2:$F$29,2,FALSE)*VLOOKUP(C19+1,资源索引!$I$1:$J$6,2,FALSE) -> 1440000 | H19: =SUM(G$16:G19) -> 2880000 | I19: =VLOOKUP(A19,资源索引!$A$2:$F$29,3,FALSE)*VLOOKUP(C19+1,资源索引!$I$1:$J$6,2,FALSE) -> 360000 | J19: =SUM(I$16:I19) -> 720000 | K19: =VLOOKUP(A19,资源索引!$A$2:$F$29,4,FALSE)*VLOOKUP(C19+1,资源索引!$I$1:$J$6,2,FALSE) -> 840000 | L19: =SUM(K$16:K19) -> 1680000 | M19: =VLOOKUP(A19,资源索引!$A$2:$F$29,5,FALSE)*VLOOKUP(C19+1,资源索引!$I$1:$J$6,2,FALSE) -> 840000 | N19: =SUM(M$16:M19) -> 1680000 | O19: =VLOOKUP(A19,资源索引!$A$2:$F$29,6,FALSE)*VLOOKUP(C19+1,资源索引!$I$1:$J$6,2,FALSE) -> 840000 | P19: =SUM(O$16:O19) -> 1680000 | Q19: 2 | R19: 0 | S19: 9946 | T19: 1 | U19: 4 | V19: 0 | W19: 9815 | X19: 8591 | Z19: 0 | AA19: 0 | AB19: 0 | AC19: 0 | AD19: 0 | AE19: 1022 | AF19: 1062 | AG19: 382 | AH19: 383 | AI19: 384 | AJ19: 0 | AK19: 神坛是洗炼铭文的重要建筑，神坛等级越高，可以洗炼的铭文种类就越多。
A20: 3 | B20: 神坛 | C20: 4 | D20: 5 | E20: 1 | F20: 170 | G20: =VLOOKUP(A20,资源索引!$A$2:$F$29,2,FALSE)*VLOOKUP(C20+1,资源索引!$I$1:$J$6,2,FALSE) -> 2400000 | H20: =SUM(G$16:G20) -> 5280000 | I20: =VLOOKUP(A20,资源索引!$A$2:$F$29,3,FALSE)*VLOOKUP(C20+1,资源索引!$I$1:$J$6,2,FALSE) -> 600000 | J20: =SUM(I$16:I20) -> 1320000 | K20: =VLOOKUP(A20,资源索引!$A$2:$F$29,4,FALSE)*VLOOKUP(C20+1,资源索引!$I$1:$J$6,2,FALSE) -> 1400000 | L20: =SUM(K$16:K20) -> 3080000 | M20: =VLOOKUP(A20,资源索引!$A$2:$F$29,5,FALSE)*VLOOKUP(C20+1,资源索引!$I$1:$J$6,2,FALSE) -> 1400000 | N20: =SUM(M$16:M20) -> 3080000 | O20: =VLOOKUP(A20,资源索引!$A$2:$F$29,6,FALSE)*VLOOKUP(C20+1,资源索引!$I$1:$J$6,2,FALSE) -> 1400000 | P20: =SUM(O$16:O20) -> 3080000 | Q20: 2 | R20: 0 | S20: 9946 | T20: 1 | U20: 5 | V20: 0 | W20: 9816 | X20: 8591 | Z20: 0 | AA20: 0 | AB20: 0 | AC20: 0 | AD20: 0 | AE20: 1022 | AF20: 1062 | AG20: 382 | AH20: 383 | AI20: 384 | AJ20: 0 | AK20: 神坛是洗炼铭文的重要建筑，神坛等级越高，可以洗炼的铭文种类就越多。
A21: 3 | B21: 神坛 | C21: 5 | D21: 5 | E21: 1 | F21: 200 | G21: =VLOOKUP(A21,资源索引!$A$2:$F$29,2,FALSE)*VLOOKUP(C21+1,资源索引!$I$1:$J$6,2,FALSE) -> 4320000 | H21: =SUM(G$16:G21) -> 9600000 | I21: =VLOOKUP(A21,资源索引!$A$2:$F$29,3,FALSE)*VLOOKUP(C21+1,资源索引!$I$1:$J$6,2,FALSE) -> 1080000 | J21: =SUM(I$16:I21) -> 2400000 | K21: =VLOOKUP(A21,资源索引!$A$2:$F$29,4,FALSE)*VLOOKUP(C21+1,资源索引!$I$1:$J$6,2,FALSE) -> 2520000 | L21: =SUM(K$16:K21) -> 5600000 | M21: =VLOOKUP(A21,资源索引!$A$2:$F$29,5,FALSE)*VLOOKUP(C21+1,资源索引!$I$1:$J$6,2,FALSE) -> 2520000 | N21: =SUM(M$16:M21) -> 5600000 | O21: =VLOOKUP(A21,资源索引!$A$2:$F$29,6,FALSE)*VLOOKUP(C21+1,资源索引!$I$1:$J$6,2,FALSE) -> 2520000 | P21: =SUM(O$16:O21) -> 5600000 | Q21: 2 | R21: 0 | S21: 9946 | T21: 1 | U21: 6 | V21: 0 | W21: 9817 | X21: 8591 | Z21: 0 | AA21: 0 | AB21: 0 | AC21: 0 | AD21: 0 | AE21: 1022 | AF21: 1062 | AG21: 385 | AH21: 386 | AI21: 387 | AJ21: 0 | AK21: 神坛是洗炼铭文的重要建筑，神坛等级越高，可以洗炼的铭文种类就越多。
A22: 4 | B22: 居所 | C22: 0 | D22: 5 | E22: 1 | F22: 50 | G22: =VLOOKUP(A22,资源索引!$A$2:$F$29,2,FALSE)*VLOOKUP(C22+1,资源索引!$I$1:$J$6,2,FALSE) -> 200000 | H22: =SUM(G$22:G22) -> 200000 | I22: =VLOOKUP(A22,资源索引!$A$2:$F$29,3,FALSE)*VLOOKUP(C22+1,资源索引!$I$1:$J$6,2,FALSE) -> 280000 | J22: =SUM(I$22:I22) -> 280000 | K22: =VLOOKUP(A22,资源索引!$A$2:$F$29,4,FALSE)*VLOOKUP(C22+1,资源索引!$I$1:$J$6,2,FALSE) -> 160000 | L22: =SUM(K$22:K22) -> 160000 | M22: =VLOOKUP(A22,资源索引!$A$2:$F$29,5,FALSE)*VLOOKUP(C22+1,资源索引!$I$1:$J$6,2,FALSE) -> 200000 | N22: =SUM(M$22:M22) -> 200000 | O22: =VLOOKUP(A22,资源索引!$A$2:$F$29,6,FALSE)*VLOOKUP(C22+1,资源索引!$I$1:$J$6,2,FALSE) -> 120000 | P22: =SUM(O$22:O22) -> 120000 | Q22: 2 | R22: 0 | S22: 9946 | T22: 1 | U22: 1 | V22: 0 | W22: 9946 | X22: 8597 | Z22: 100 | AA22: 0 | AB22: 0 | AC22: 0 | AD22: 0 | AE22: 1023 | AF22: 1063 | AJ22: 0 | AK22: 居所是决定公会人数的建筑，居所等级越高，公会能招收的成员也越多。
A23: 4 | B23: 居所 | C23: 1 | D23: 5 | E23: 1 | F23: 80 | G23: =VLOOKUP(A23,资源索引!$A$2:$F$29,2,FALSE)*VLOOKUP(C23+1,资源索引!$I$1:$J$6,2,FALSE) -> 350000 | H23: =SUM(G$22:G23) -> 550000 | I23: =VLOOKUP(A23,资源索引!$A$2:$F$29,3,FALSE)*VLOOKUP(C23+1,资源索引!$I$1:$J$6,2,FALSE) -> 490000 | J23: =SUM(I$22:I23) -> 770000 | K23: =VLOOKUP(A23,资源索引!$A$2:$F$29,4,FALSE)*VLOOKUP(C23+1,资源索引!$I$1:$J$6,2,FALSE) -> 280000 | L23: =SUM(K$22:K23) -> 440000 | M23: =VLOOKUP(A23,资源索引!$A$2:$F$29,5,FALSE)*VLOOKUP(C23+1,资源索引!$I$1:$J$6,2,FALSE) -> 350000 | N23: =SUM(M$22:M23) -> 550000 | O23: =VLOOKUP(A23,资源索引!$A$2:$F$29,6,FALSE)*VLOOKUP(C23+1,资源索引!$I$1:$J$6,2,FALSE) -> 210000 | P23: =SUM(O$22:O23) -> 330000 | Q23: 2 | R23: 0 | S23: 9946 | T23: 1 | U23: 2 | V23: 0 | W23: 9819 | X23: 8597 | Z23: 130 | AA23: 0 | AB23: 0 | AC23: 0 | AD23: 0 | AE23: 1023 | AF23: 1063 | AG23: 379 | AH23: 380 | AI23: 381 | AJ23: 0 | AK23: 居所是决定公会人数的建筑，居所等级越高，公会能招收的成员也越多。
A24: 4 | B24: 居所 | C24: 2 | D24: 5 | E24: 1 | F24: 110 | G24: =VLOOKUP(A24,资源索引!$A$2:$F$29,2,FALSE)*VLOOKUP(C24+1,资源索引!$I$1:$J$6,2,FALSE) -> 650000 | H24: =SUM(G$22:G24) -> 1200000 | I24: =VLOOKUP(A24,资源索引!$A$2:$F$29,3,FALSE)*VLOOKUP(C24+1,资源索引!$I$1:$J$6,2,FALSE) -> 910000 | J24: =SUM(I$22:I24) -> 1680000 | K24: =VLOOKUP(A24,资源索引!$A$2:$F$29,4,FALSE)*VLOOKUP(C24+1,资源索引!$I$1:$J$6,2,FALSE) -> 520000 | L24: =SUM(K$22:K24) -> 960000 | M24: =VLOOKUP(A24,资源索引!$A$2:$F$29,5,FALSE)*VLOOKUP(C24+1,资源索引!$I$1:$J$6,2,FALSE) -> 650000 | N24: =SUM(M$22:M24) -> 1200000 | O24: =VLOOKUP(A24,资源索引!$A$2:$F$29,6,FALSE)*VLOOKUP(C24+1,资源索引!$I$1:$J$6,2,FALSE) -> 390000 | P24: =SUM(O$22:O24) -> 720000 | Q24: 2 | R24: 0 | S24: 9946 | T24: 1 | U24: 3 | V24: 0 | W24: 9820 | X24: 8597 | Z24: 160 | AA24: 0 | AB24: 0 | AC24: 0 | AD24: 0 | AE24: 1023 | AF24: 1063 | AG24: 379 | AH24: 380 | AI24: 381 | AJ24: 0 | AK24: 居所是决定公会人数的建筑，居所等级越高，公会能招收的成员也越多。
A25: 4 | B25: 居所 | C25: 3 | D25: 5 | E25: 1 | F25: 140 | G25: =VLOOKUP(A25,资源索引!$A$2:$F$29,2,FALSE)*VLOOKUP(C25+1,资源索引!$I$1:$J$6,2,FALSE) -> 1200000 | H25: =SUM(G$22:G25) -> 2400000 | I25: =VLOOKUP(A25,资源索引!$A$2:$F$29,3,FALSE)*VLOOKUP(C25+1,资源索引!$I$1:$J$6,2,FALSE) -> 1680000 | J25: =SUM(I$22:I25) -> 3360000 | K25: =VLOOKUP(A25,资源索引!$A$2:$F$29,4,FALSE)*VLOOKUP(C25+1,资源索引!$I$1:$J$6,2,FALSE) -> 960000 | L25: =SUM(K$22:K25) -> 1920000 | M25: =VLOOKUP(A25,资源索引!$A$2:$F$29,5,FALSE)*VLOOKUP(C25+1,资源索引!$I$1:$J$6,2,FALSE) -> 1200000 | N25: =SUM(M$22:M25) -> 2400000 | O25: =VLOOKUP(A25,资源索引!$A$2:$F$29,6,FALSE)*VLOOKUP(C25+1,资源索引!$I$1:$J$6,2,FALSE) -> 720000 | P25: =SUM(O$22:O25) -> 1440000 | Q25: 2 | R25: 0 | S25: 9946 | T25: 1 | U25: 4 | V25: 0 | W25: 9821 | X25: 8597 | Z25: 190 | AA25: 0 | AB25: 0 | AC25: 0 | AD25: 0 | AE25: 1023 | AF25: 1063 | AG25: 382 | AH25: 383 | AI25: 384 | AJ25: 0 | AK25: 居所是决定公会人数的建筑，居所等级越高，公会能招收的成员也越多。
A26: 4 | B26: 居所 | C26: 4 | D26: 5 | E26: 1 | F26: 170 | G26: =VLOOKUP(A26,资源索引!$A$2:$F$29,2,FALSE)*VLOOKUP(C26+1,资源索引!$I$1:$J$6,2,FALSE) -> 2000000 | H26: =SUM(G$22:G26) -> 4400000 | I26: =VLOOKUP(A26,资源索引!$A$2:$F$29,3,FALSE)*VLOOKUP(C26+1,资源索引!$I$1:$J$6,2,FALSE) -> 2800000 | J26: =SUM(I$22:I26) -> 6160000 | K26: =VLOOKUP(A26,资源索引!$A$2:$F$29,4,FALSE)*VLOOKUP(C26+1,资源索引!$I$1:$J$6,2,FALSE) -> 1600000 | L26: =SUM(K$22:K26) -> 3520000 | M26: =VLOOKUP(A26,资源索引!$A$2:$F$29,5,FALSE)*VLOOKUP(C26+1,资源索引!$I$1:$J$6,2,FALSE) -> 2000000 | N26: =SUM(M$22:M26) -> 4400000 | O26: =VLOOKUP(A26,资源索引!$A$2:$F$29,6,FALSE)*VLOOKUP(C26+1,资源索引!$I$1:$J$6,2,FALSE) -> 1200000 | P26: =SUM(O$22:O26) -> 2640000 | Q26: 2 | R26: 0 | S26: 9946 | T26: 1 | U26: 5 | V26: 0 | W26: 9822 | X26: 8597 | Z26: 220 | AA26: 0 | AB26: 0 | AC26: 0 | AD26: 0 | AE26: 1023 | AF26: 1063 | AG26: 382 | AH26: 383 | AI26: 384 | AJ26: 0 | AK26: 居所是决定公会人数的建筑，居所等级越高，公会能招收的成员也越多。
A27: 4 | B27: 居所 | C27: 5 | D27: 5 | E27: 1 | F27: 200 | G27: =VLOOKUP(A27,资源索引!$A$2:$F$29,2,FALSE)*VLOOKUP(C27+1,资源索引!$I$1:$J$6,2,FALSE) -> 3600000 | H27: =SUM(G$22:G27) -> 8000000 | I27: =VLOOKUP(A27,资源索引!$A$2:$F$29,3,FALSE)*VLOOKUP(C27+1,资源索引!$I$1:$J$6,2,FALSE) -> 5040000 | J27: =SUM(I$22:I27) -> 11200000 | K27: =VLOOKUP(A27,资源索引!$A$2:$F$29,4,FALSE)*VLOOKUP(C27+1,资源索引!$I$1:$J$6,2,FALSE) -> 2880000 | L27: =SUM(K$22:K27) -> 6400000 | M27: =VLOOKUP(A27,资源索引!$A$2:$F$29,5,FALSE)*VLOOKUP(C27+1,资源索引!$I$1:$J$6,2,FALSE) -> 3600000 | N27: =SUM(M$22:M27) -> 8000000 | O27: =VLOOKUP(A27,资源索引!$A$2:$F$29,6,FALSE)*VLOOKUP(C27+1,资源索引!$I$1:$J$6,2,FALSE) -> 2160000 | P27: =SUM(O$22:O27) -> 4800000 | Q27: 2 | R27: 0 | S27: 9946 | T27: 1 | U27: 6 | V27: 0 | W27: 9823 | X27: 8597 | Z27: 250 | AA27: 0 | AB27: 0 | AC27: 0 | AD27: 0 | AE27: 1023 | AF27: 1063 | AG27: 385 | AH27: 386 | AI27: 387 | AJ27: 0 | AK27: 居所是决定公会人数的建筑，居所等级越高，公会能招收的成员也越多。
A28: 5 | B28: 金库 | C28: 0 | D28: 5 | E28: 1 | F28: 50 | G28: =VLOOKUP(A28,资源索引!$A$2:$F$29,2,FALSE)*VLOOKUP(C28+1,资源索引!$I$1:$J$6,2,FALSE) -> 200000 | H28: =SUM(G$28:G28) -> 200000 | I28: =VLOOKUP(A28,资源索引!$A$2:$F$29,3,FALSE)*VLOOKUP(C28+1,资源索引!$I$1:$J$6,2,FALSE) -> 80000 | J28: =SUM(I$28:I28) -> 80000 | K28: =VLOOKUP(A28,资源索引!$A$2:$F$29,4,FALSE)*VLOOKUP(C28+1,资源索引!$I$1:$J$6,2,FALSE) -> 40000 | L28: =SUM(K$28:K28) -> 40000 | M28: =VLOOKUP(A28,资源索引!$A$2:$F$29,5,FALSE)*VLOOKUP(C28+1,资源索引!$I$1:$J$6,2,FALSE) -> 80000 | N28: =SUM(M$28:M28) -> 80000 | O28: =VLOOKUP(A28,资源索引!$A$2:$F$29,6,FALSE)*VLOOKUP(C28+1,资源索引!$I$1:$J$6,2,FALSE) -> 80000 | P28: =SUM(O$28:O28) -> 80000 | Q28: 2 | R28: 0 | S28: 9946 | T28: 4 | U28: 1 | V28: 0 | W28: 9946 | X28: 8593 | Z28: 1000000 | AA28: 0 | AB28: 0 | AC28: 0 | AD28: 0 | AE28: 1024 | AF28: 1064 | AJ28: 0 | AK28: 金库是存放公会资金的建筑，金库等级越高，公会资金上限也越大。
A29: 5 | B29: 金库 | C29: 1 | D29: 5 | E29: 1 | F29: 80 | G29: =VLOOKUP(A29,资源索引!$A$2:$F$29,2,FALSE)*VLOOKUP(C29+1,资源索引!$I$1:$J$6,2,FALSE) -> 350000 | H29: =SUM(G$28:G29) -> 550000 | I29: =VLOOKUP(A29,资源索引!$A$2:$F$29,3,FALSE)*VLOOKUP(C29+1,资源索引!$I$1:$J$6,2,FALSE) -> 140000 | J29: =SUM(I$28:I29) -> 220000 | K29: =VLOOKUP(A29,资源索引!$A$2:$F$29,4,FALSE)*VLOOKUP(C29+1,资源索引!$I$1:$J$6,2,FALSE) -> 70000 | L29: =SUM(K$28:K29) -> 110000 | M29: =VLOOKUP(A29,资源索引!$A$2:$F$29,5,FALSE)*VLOOKUP(C29+1,资源索引!$I$1:$J$6,2,FALSE) -> 140000 | N29: =SUM(M$28:M29) -> 220000 | O29: =VLOOKUP(A29,资源索引!$A$2:$F$29,6,FALSE)*VLOOKUP(C29+1,资源索引!$I$1:$J$6,2,FALSE) -> 140000 | P29: =SUM(O$28:O29) -> 220000 | Q29: 2 | R29: 0 | S29: 9946 | T29: 4 | U29: 2 | V29: 0 | W29: 9825 | X29: 8593 | Z29: 2000000 | AA29: 0 | AB29: 0 | AC29: 0 | AD29: 0 | AE29: 1024 | AF29: 1064 | AG29: 379 | AH29: 380 | AI29: 381 | AJ29: 0 | AK29: 金库是存放公会资金的建筑，金库等级越高，公会资金上限也越大。
A30: 5 | B30: 金库 | C30: 2 | D30: 5 | E30: 1 | F30: 110 | G30: =VLOOKUP(A30,资源索引!$A$2:$F$29,2,FALSE)*VLOOKUP(C30+1,资源索引!$I$1:$J$6,2,FALSE) -> 650000 | H30: =SUM(G$28:G30) -> 1200000 | I30: =VLOOKUP(A30,资源索引!$A$2:$F$29,3,FALSE)*VLOOKUP(C30+1,资源索引!$I$1:$J$6,2,FALSE) -> 260000 | J30: =SUM(I$28:I30) -> 480000 | K30: =VLOOKUP(A30,资源索引!$A$2:$F$29,4,FALSE)*VLOOKUP(C30+1,资源索引!$I$1:$J$6,2,FALSE) -> 130000 | L30: =SUM(K$28:K30) -> 240000 | M30: =VLOOKUP(A30,资源索引!$A$2:$F$29,5,FALSE)*VLOOKUP(C30+1,资源索引!$I$1:$J$6,2,FALSE) -> 260000 | N30: =SUM(M$28:M30) -> 480000 | O30: =VLOOKUP(A30,资源索引!$A$2:$F$29,6,FALSE)*VLOOKUP(C30+1,资源索引!$I$1:$J$6,2,FALSE) -> 260000 | P30: =SUM(O$28:O30) -> 480000 | Q30: 2 | R30: 0 | S30: 9946 | T30: 4 | U30: 3 | V30: 0 | W30: 9826 | X30: 8593 | Z30: 4000000 | AA30: 0 | AB30: 0 | AC30: 0 | AD30: 0 | AE30: 1024 | AF30: 1064 | AG30: 379 | AH30: 380 | AI30: 381 | AJ30: 0 | AK30: 金库是存放公会资金的建筑，金库等级越高，公会资金上限也越大。
A31: 5 | B31: 金库 | C31: 3 | D31: 5 | E31: 1 | F31: 140 | G31: =VLOOKUP(A31,资源索引!$A$2:$F$29,2,FALSE)*VLOOKUP(C31+1,资源索引!$I$1:$J$6,2,FALSE) -> 1200000 | H31: =SUM(G$28:G31) -> 2400000 | I31: =VLOOKUP(A31,资源索引!$A$2:$F$29,3,FALSE)*VLOOKUP(C31+1,资源索引!$I$1:$J$6,2,FALSE) -> 480000 | J31: =SUM(I$28:I31) -> 960000 | K31: =VLOOKUP(A31,资源索引!$A$2:$F$29,4,FALSE)*VLOOKUP(C31+1,资源索引!$I$1:$J$6,2,FALSE) -> 240000 | L31: =SUM(K$28:K31) -> 480000 | M31: =VLOOKUP(A31,资源索引!$A$2:$F$29,5,FALSE)*VLOOKUP(C31+1,资源索引!$I$1:$J$6,2,FALSE) -> 480000 | N31: =SUM(M$28:M31) -> 960000 | O31: =VLOOKUP(A31,资源索引!$A$2:$F$29,6,FALSE)*VLOOKUP(C31+1,资源索引!$I$1:$J$6,2,FALSE) -> 480000 | P31: =SUM(O$28:O31) -> 960000 | Q31: 2 | R31: 0 | S31: 9946 | T31: 4 | U31: 4 | V31: 0 | W31: 9827 | X31: 8593 | Z31: 7000000 | AA31: 0 | AB31: 0 | AC31: 0 | AD31: 0 | AE31: 1024 | AF31: 1064 | AG31: 382 | AH31: 383 | AI31: 384 | AJ31: 0 | AK31: 金库是存放公会资金的建筑，金库等级越高，公会资金上限也越大。
A32: 5 | B32: 金库 | C32: 4 | D32: 5 | E32: 1 | F32: 170 | G32: =VLOOKUP(A32,资源索引!$A$2:$F$29,2,FALSE)*VLOOKUP(C32+1,资源索引!$I$1:$J$6,2,FALSE) -> 2000000 | H32: =SUM(G$28:G32) -> 4400000 | I32: =VLOOKUP(A32,资源索引!$A$2:$F$29,3,FALSE)*VLOOKUP(C32+1,资源索引!$I$1:$J$6,2,FALSE) -> 800000 | J32: =SUM(I$28:I32) -> 1760000 | K32: =VLOOKUP(A32,资源索引!$A$2:$F$29,4,FALSE)*VLOOKUP(C32+1,资源索引!$I$1:$J$6,2,FALSE) -> 400000 | L32: =SUM(K$28:K32) -> 880000 | M32: =VLOOKUP(A32,资源索引!$A$2:$F$29,5,FALSE)*VLOOKUP(C32+1,资源索引!$I$1:$J$6,2,FALSE) -> 800000 | N32: =SUM(M$28:M32) -> 1760000 | O32: =VLOOKUP(A32,资源索引!$A$2:$F$29,6,FALSE)*VLOOKUP(C32+1,资源索引!$I$1:$J$6,2,FALSE) -> 800000 | P32: =SUM(O$28:O32) -> 1760000 | Q32: 2 | R32: 0 | S32: 9946 | T32: 4 | U32: 5 | V32: 0 | W32: 9828 | X32: 8593 | Z32: 30000000 | AA32: 0 | AB32: 0 | AC32: 0 | AD32: 0 | AE32: 1024 | AF32: 1064 | AG32: 382 | AH32: 383 | AI32: 384 | AJ32: 0 | AK32: 金库是存放公会资金的建筑，金库等级越高，公会资金上限也越大。
A33: 5 | B33: 金库 | C33: 5 | D33: 5 | E33: 1 | F33: 200 | G33: =VLOOKUP(A33,资源索引!$A$2:$F$29,2,FALSE)*VLOOKUP(C33+1,资源索引!$I$1:$J$6,2,FALSE) -> 3600000 | H33: =SUM(G$28:G33) -> 8000000 | I33: =VLOOKUP(A33,资源索引!$A$2:$F$29,3,FALSE)*VLOOKUP(C33+1,资源索引!$I$1:$J$6,2,FALSE) -> 1440000 | J33: =SUM(I$28:I33) -> 3200000 | K33: =VLOOKUP(A33,资源索引!$A$2:$F$29,4,FALSE)*VLOOKUP(C33+1,资源索引!$I$1:$J$6,2,FALSE) -> 720000 | L33: =SUM(K$28:K33) -> 1600000 | M33: =VLOOKUP(A33,资源索引!$A$2:$F$29,5,FALSE)*VLOOKUP(C33+1,资源索引!$I$1:$J$6,2,FALSE) -> 1440000 | N33: =SUM(M$28:M33) -> 3200000 | O33: =VLOOKUP(A33,资源索引!$A$2:$F$29,6,FALSE)*VLOOKUP(C33+1,资源索引!$I$1:$J$6,2,FALSE) -> 1440000 | P33: =SUM(O$28:O33) -> 3200000 | Q33: 2 | R33: 0 | S33: 9946 | T33: 4 | U33: 6 | V33: 0 | W33: 9829 | X33: 8593 | Z33: 100000000 | AA33: 0 | AB33: 0 | AC33: 0 | AD33: 0 | AE33: 1024 | AF33: 1064 | AG33: 385 | AH33: 386 | AI33: 387 | AJ33: 0 | AK33: 金库是存放公会资金的建筑，金库等级越高，公会资金上限也越大。
A34: 6 | B34: 战事厅 | C34: 0 | D34: 5 | E34: 1 | F34: 50 | G34: =VLOOKUP(A34,资源索引!$A$2:$F$29,2,FALSE)*VLOOKUP(C34+1,资源索引!$I$1:$J$6,2,FALSE) -> 160000 | H34: =SUM(G$34:G34) -> 160000 | I34: =VLOOKUP(A34,资源索引!$A$2:$F$29,3,FALSE)*VLOOKUP(C34+1,资源索引!$I$1:$J$6,2,FALSE) -> 140000 | J34: =SUM(I$34:I34) -> 140000 | K34: =VLOOKUP(A34,资源索引!$A$2:$F$29,4,FALSE)*VLOOKUP(C34+1,资源索引!$I$1:$J$6,2,FALSE) -> 100000 | L34: =SUM(K$34:K34) -> 100000 | M34: =VLOOKUP(A34,资源索引!$A$2:$F$29,5,FALSE)*VLOOKUP(C34+1,资源索引!$I$1:$J$6,2,FALSE) -> 80000 | N34: =SUM(M$34:M34) -> 80000 | O34: =VLOOKUP(A34,资源索引!$A$2:$F$29,6,FALSE)*VLOOKUP(C34+1,资源索引!$I$1:$J$6,2,FALSE) -> 120000 | P34: =SUM(O$34:O34) -> 120000 | Q34: 2 | R34: 0 | S34: 0 | T34: 0 | U34: 1 | V34: 0 | W34: 9946 | X34: 8593 | Z34: 0 | AA34: 0 | AB34: 0 | AC34: 0 | AD34: 0 | AE34: 1025 | AF34: 1065 | AJ34: 0 | AK34: 战事厅功能暂未开放。
A35: 6 | B35: 战事厅 | C35: 1 | D35: 5 | E35: 1 | F35: 80 | G35: =VLOOKUP(A35,资源索引!$A$2:$F$29,2,FALSE)*VLOOKUP(C35+1,资源索引!$I$1:$J$6,2,FALSE) -> 280000 | H35: =SUM(G$34:G35) -> 440000 | I35: =VLOOKUP(A35,资源索引!$A$2:$F$29,3,FALSE)*VLOOKUP(C35+1,资源索引!$I$1:$J$6,2,FALSE) -> 245000 | J35: =SUM(I$34:I35) -> 385000 | K35: =VLOOKUP(A35,资源索引!$A$2:$F$29,4,FALSE)*VLOOKUP(C35+1,资源索引!$I$1:$J$6,2,FALSE) -> 175000 | L35: =SUM(K$34:K35) -> 275000 | M35: =VLOOKUP(A35,资源索引!$A$2:$F$29,5,FALSE)*VLOOKUP(C35+1,资源索引!$I$1:$J$6,2,FALSE) -> 140000 | N35: =SUM(M$34:M35) -> 220000 | O35: =VLOOKUP(A35,资源索引!$A$2:$F$29,6,FALSE)*VLOOKUP(C35+1,资源索引!$I$1:$J$6,2,FALSE) -> 210000 | P35: =SUM(O$34:O35) -> 330000 | Q35: 2 | R35: 0 | S35: 0 | T35: 0 | U35: 2 | V35: 0 | W35: 9831 | Z35: 0 | AA35: 0 | AB35: 0 | AC35: 0 | AD35: 0 | AE35: 1025 | AF35: 1065 | AG35: 379 | AH35: 380 | AI35: 381 | AJ35: 0 | AK35: 战事厅功能暂未开放。
A36: 6 | B36: 战事厅 | C36: 2 | D36: 5 | E36: 1 | F36: 110 | G36: =VLOOKUP(A36,资源索引!$A$2:$F$29,2,FALSE)*VLOOKUP(C36+1,资源索引!$I$1:$J$6,2,FALSE) -> 520000 | H36: =SUM(G$34:G36) -> 960000 | I36: =VLOOKUP(A36,资源索引!$A$2:$F$29,3,FALSE)*VLOOKUP(C36+1,资源索引!$I$1:$J$6,2,FALSE) -> 455000 | J36: =SUM(I$34:I36) -> 840000 | K36: =VLOOKUP(A36,资源索引!$A$2:$F$29,4,FALSE)*VLOOKUP(C36+1,资源索引!$I$1:$J$6,2,FALSE) -> 325000 | L36: =SUM(K$34:K36) -> 600000 | M36: =VLOOKUP(A36,资源索引!$A$2:$F$29,5,FALSE)*VLOOKUP(C36+1,资源索引!$I$1:$J$6,2,FALSE) -> 260000 | N36: =SUM(M$34:M36) -> 480000 | O36: =VLOOKUP(A36,资源索引!$A$2:$F$29,6,FALSE)*VLOOKUP(C36+1,资源索引!$I$1:$J$6,2,FALSE) -> 390000 | P36: =SUM(O$34:O36) -> 720000 | Q36: 2 | R36: 0 | S36: 0 | T36: 0 | U36: 3 | V36: 0 | W36: 9832 | Z36: 0 | AA36: 0 | AB36: 0 | AC36: 0 | AD36: 0 | AE36: 1025 | AF36: 1065 | AG36: 379 | AH36: 380 | AI36: 381 | AJ36: 0 | AK36: 战事厅功能暂未开放。
A37: 6 | B37: 战事厅 | C37: 3 | D37: 5 | E37: 1 | F37: 140 | G37: =VLOOKUP(A37,资源索引!$A$2:$F$29,2,FALSE)*VLOOKUP(C37+1,资源索引!$I$1:$J$6,2,FALSE) -> 960000 | H37: =SUM(G$34:G37) -> 1920000 | I37: =VLOOKUP(A37,资源索引!$A$2:$F$29,3,FALSE)*VLOOKUP(C37+1,资源索引!$I$1:$J$6,2,FALSE) -> 840000 | J37: =SUM(I$34:I37) -> 1680000 | K37: =VLOOKUP(A37,资源索引!$A$2:$F$29,4,FALSE)*VLOOKUP(C37+1,资源索引!$I$1:$J$6,2,FALSE) -> 600000 | L37: =SUM(K$34:K37) -> 1200000 | M37: =VLOOKUP(A37,资源索引!$A$2:$F$29,5,FALSE)*VLOOKUP(C37+1,资源索引!$I$1:$J$6,2,FALSE) -> 480000 | N37: =SUM(M$34:M37) -> 960000 | O37: =VLOOKUP(A37,资源索引!$A$2:$F$29,6,FALSE)*VLOOKUP(C37+1,资源索引!$I$1:$J$6,2,FALSE) -> 720000 | P37: =SUM(O$34:O37) -> 1440000 | Q37: 2 | R37: 0 | S37: 0 | T37: 0 | U37: 4 | V37: 0 | W37: 9833 | Z37: 0 | AA37: 0 | AB37: 0 | AC37: 0 | AD37: 0 | AE37: 1025 | AF37: 1065 | AG37: 382 | AH37: 383 | AI37: 384 | AJ37: 0 | AK37: 战事厅功能暂未开放。
A38: 6 | B38: 战事厅 | C38: 4 | D38: 5 | E38: 1 | F38: 170 | G38: =VLOOKUP(A38,资源索引!$A$2:$F$29,2,FALSE)*VLOOKUP(C38+1,资源索引!$I$1:$J$6,2,FALSE) -> 1600000 | H38: =SUM(G$34:G38) -> 3520000 | I38: =VLOOKUP(A38,资源索引!$A$2:$F$29,3,FALSE)*VLOOKUP(C38+1,资源索引!$I$1:$J$6,2,FALSE) -> 1400000 | J38: =SUM(I$34:I38) -> 3080000 | K38: =VLOOKUP(A38,资源索引!$A$2:$F$29,4,FALSE)*VLOOKUP(C38+1,资源索引!$I$1:$J$6,2,FALSE) -> 1000000 | L38: =SUM(K$34:K38) -> 2200000 | M38: =VLOOKUP(A38,资源索引!$A$2:$F$29,5,FALSE)*VLOOKUP(C38+1,资源索引!$I$1:$J$6,2,FALSE) -> 800000 | N38: =SUM(M$34:M38) -> 1760000 | O38: =VLOOKUP(A38,资源索引!$A$2:$F$29,6,FALSE)*VLOOKUP(C38+1,资源索引!$I$1:$J$6,2,FALSE) -> 1200000 | P38: =SUM(O$34:O38) -> 2640000 | Q38: 2 | R38: 0 | S38: 0 | T38: 0 | U38: 5 | V38: 0 | W38: 9834 | Z38: 0 | AA38: 0 | AB38: 0 | AC38: 0 | AD38: 0 | AE38: 1025 | AF38: 1065 | AG38: 382 | AH38: 383 | AI38: 384 | AJ38: 0 | AK38: 战事厅功能暂未开放。
A39: 6 | B39: 战事厅 | C39: 5 | D39: 5 | E39: 1 | F39: 200 | G39: =VLOOKUP(A39,资源索引!$A$2:$F$29,2,FALSE)*VLOOKUP(C39+1,资源索引!$I$1:$J$6,2,FALSE) -> 2880000 | H39: =SUM(G$34:G39) -> 6400000 | I39: =VLOOKUP(A39,资源索引!$A$2:$F$29,3,FALSE)*VLOOKUP(C39+1,资源索引!$I$1:$J$6,2,FALSE) -> 2520000 | J39: =SUM(I$34:I39) -> 5600000 | K39: =VLOOKUP(A39,资源索引!$A$2:$F$29,4,FALSE)*VLOOKUP(C39+1,资源索引!$I$1:$J$6,2,FALSE) -> 1800000 | L39: =SUM(K$34:K39) -> 4000000 | M39: =VLOOKUP(A39,资源索引!$A$2:$F$29,5,FALSE)*VLOOKUP(C39+1,资源索引!$I$1:$J$6,2,FALSE) -> 1440000 | N39: =SUM(M$34:M39) -> 3200000 | O39: =VLOOKUP(A39,资源索引!$A$2:$F$29,6,FALSE)*VLOOKUP(C39+1,资源索引!$I$1:$J$6,2,FALSE) -> 2160000 | P39: =SUM(O$34:O39) -> 4800000 | Q39: 2 | R39: 0 | S39: 0 | T39: 0 | U39: 6 | V39: 0 | W39: 9835 | Z39: 0 | AA39: 0 | AB39: 0 | AC39: 0 | AD39: 0 | AE39: 1025 | AF39: 1065 | AG39: 385 | AH39: 386 | AI39: 387 | AJ39: 0 | AK39: 战事厅功能暂未开放。
A40: 7 | B40: 神鼎 | C40: 0 | D40: 5 | E40: 1 | F40: 50 | G40: =VLOOKUP(A40,资源索引!$A$2:$F$29,2,FALSE)*VLOOKUP(C40+1,资源索引!$I$1:$J$6,2,FALSE) -> 160000 | H40: =SUM(G$40:G40) -> 160000 | I40: =VLOOKUP(A40,资源索引!$A$2:$F$29,3,FALSE)*VLOOKUP(C40+1,资源索引!$I$1:$J$6,2,FALSE) -> 40000 | J40: =SUM(I$40:I40) -> 40000 | K40: =VLOOKUP(A40,资源索引!$A$2:$F$29,4,FALSE)*VLOOKUP(C40+1,资源索引!$I$1:$J$6,2,FALSE) -> 200000 | L40: =SUM(K$40:K40) -> 200000 | M40: =VLOOKUP(A40,资源索引!$A$2:$F$29,5,FALSE)*VLOOKUP(C40+1,资源索引!$I$1:$J$6,2,FALSE) -> 100000 | N40: =SUM(M$40:M40) -> 100000 | O40: =VLOOKUP(A40,资源索引!$A$2:$F$29,6,FALSE)*VLOOKUP(C40+1,资源索引!$I$1:$J$6,2,FALSE) -> 100000 | P40: =SUM(O$40:O40) -> 100000 | Q40: 2 | R40: 0 | S40: 9947 | T40: 1 | U40: 1 | V40: 0 | W40: 9947 | X40: 4860 | Z40: 0 | AA40: 0 | AB40: 0 | AC40: 0 | AD40: 0 | AE40: 1026 | AF40: 1066 | AJ40: 0 | AK40: 神鼎是公会的标志建筑，公会战期间，神鼎被摧毁即公会战失败。
A41: 7 | B41: 神鼎 | C41: 1 | D41: 5 | E41: 1 | F41: 80 | G41: =VLOOKUP(A41,资源索引!$A$2:$F$29,2,FALSE)*VLOOKUP(C41+1,资源索引!$I$1:$J$6,2,FALSE) -> 280000 | H41: =SUM(G$40:G41) -> 440000 | I41: =VLOOKUP(A41,资源索引!$A$2:$F$29,3,FALSE)*VLOOKUP(C41+1,资源索引!$I$1:$J$6,2,FALSE) -> 70000 | J41: =SUM(I$40:I41) -> 110000 | K41: =VLOOKUP(A41,资源索引!$A$2:$F$29,4,FALSE)*VLOOKUP(C41+1,资源索引!$I$1:$J$6,2,FALSE) -> 350000 | L41: =SUM(K$40:K41) -> 550000 | M41: =VLOOKUP(A41,资源索引!$A$2:$F$29,5,FALSE)*VLOOKUP(C41+1,资源索引!$I$1:$J$6,2,FALSE) -> 175000 | N41: =SUM(M$40:M41) -> 275000 | O41: =VLOOKUP(A41,资源索引!$A$2:$F$29,6,FALSE)*VLOOKUP(C41+1,资源索引!$I$1:$J$6,2,FALSE) -> 175000 | P41: =SUM(O$40:O41) -> 275000 | Q41: 2 | R41: 0 | S41: 9947 | T41: 1 | U41: 2 | V41: 0 | W41: 9837 | X41: 4860 | Z41: 0 | AA41: 0 | AB41: 0 | AC41: 0 | AD41: 0 | AE41: 1026 | AF41: 1066 | AG41: 388 | AH41: 389 | AI41: 390 | AJ41: 0 | AK41: 神鼎是公会的标志建筑，公会战期间，神鼎被摧毁即公会战失败。
A42: 7 | B42: 神鼎 | C42: 2 | D42: 5 | E42: 1 | F42: 110 | G42: =VLOOKUP(A42,资源索引!$A$2:$F$29,2,FALSE)*VLOOKUP(C42+1,资源索引!$I$1:$J$6,2,FALSE) -> 520000 | H42: =SUM(G$40:G42) -> 960000 | I42: =VLOOKUP(A42,资源索引!$A$2:$F$29,3,FALSE)*VLOOKUP(C42+1,资源索引!$I$1:$J$6,2,FALSE) -> 130000 | J42: =SUM(I$40:I42) -> 240000 | K42: =VLOOKUP(A42,资源索引!$A$2:$F$29,4,FALSE)*VLOOKUP(C42+1,资源索引!$I$1:$J$6,2,FALSE) -> 650000 | L42: =SUM(K$40:K42) -> 1200000 | M42: =VLOOKUP(A42,资源索引!$A$2:$F$29,5,FALSE)*VLOOKUP(C42+1,资源索引!$I$1:$J$6,2,FALSE) -> 325000 | N42: =SUM(M$40:M42) -> 600000 | O42: =VLOOKUP(A42,资源索引!$A$2:$F$29,6,FALSE)*VLOOKUP(C42+1,资源索引!$I$1:$J$6,2,FALSE) -> 325000 | P42: =SUM(O$40:O42) -> 600000 | Q42: 2 | R42: 0 | S42: 9947 | T42: 1 | U42: 3 | V42: 0 | W42: 9838 | X42: 4860 | Z42: 0 | AA42: 0 | AB42: 0 | AC42: 0 | AD42: 0 | AE42: 1026 | AF42: 1066 | AG42: 388 | AH42: 389 | AI42: 390 | AJ42: 0 | AK42: 神鼎是公会的标志建筑，公会战期间，神鼎被摧毁即公会战失败。
A43: 7 | B43: 神鼎 | C43: 3 | D43: 5 | E43: 1 | F43: 140 | G43: =VLOOKUP(A43,资源索引!$A$2:$F$29,2,FALSE)*VLOOKUP(C43+1,资源索引!$I$1:$J$6,2,FALSE) -> 960000 | H43: =SUM(G$40:G43) -> 1920000 | I43: =VLOOKUP(A43,资源索引!$A$2:$F$29,3,FALSE)*VLOOKUP(C43+1,资源索引!$I$1:$J$6,2,FALSE) -> 240000 | J43: =SUM(I$40:I43) -> 480000 | K43: =VLOOKUP(A43,资源索引!$A$2:$F$29,4,FALSE)*VLOOKUP(C43+1,资源索引!$I$1:$J$6,2,FALSE) -> 1200000 | L43: =SUM(K$40:K43) -> 2400000 | M43: =VLOOKUP(A43,资源索引!$A$2:$F$29,5,FALSE)*VLOOKUP(C43+1,资源索引!$I$1:$J$6,2,FALSE) -> 600000 | N43: =SUM(M$40:M43) -> 1200000 | O43: =VLOOKUP(A43,资源索引!$A$2:$F$29,6,FALSE)*VLOOKUP(C43+1,资源索引!$I$1:$J$6,2,FALSE) -> 600000 | P43: =SUM(O$40:O43) -> 1200000 | Q43: 2 | R43: 0 | S43: 9947 | T43: 1 | U43: 4 | V43: 0 | W43: 9839 | X43: 4860 | Z43: 0 | AA43: 0 | AB43: 0 | AC43: 0 | AD43: 0 | AE43: 1026 | AF43: 1066 | AG43: 391 | AH43: 392 | AI43: 393 | AJ43: 0 | AK43: 神鼎是公会的标志建筑，公会战期间，神鼎被摧毁即公会战失败。
A44: 7 | B44: 神鼎 | C44: 4 | D44: 5 | E44: 1 | F44: 170 | G44: =VLOOKUP(A44,资源索引!$A$2:$F$29,2,FALSE)*VLOOKUP(C44+1,资源索引!$I$1:$J$6,2,FALSE) -> 1600000 | H44: =SUM(G$40:G44) -> 3520000 | I44: =VLOOKUP(A44,资源索引!$A$2:$F$29,3,FALSE)*VLOOKUP(C44+1,资源索引!$I$1:$J$6,2,FALSE) -> 400000 | J44: =SUM(I$40:I44) -> 880000 | K44: =VLOOKUP(A44,资源索引!$A$2:$F$29,4,FALSE)*VLOOKUP(C44+1,资源索引!$I$1:$J$6,2,FALSE) -> 2000000 | L44: =SUM(K$40:K44) -> 4400000 | M44: =VLOOKUP(A44,资源索引!$A$2:$F$29,5,FALSE)*VLOOKUP(C44+1,资源索引!$I$1:$J$6,2,FALSE) -> 1000000 | N44: =SUM(M$40:M44) -> 2200000 | O44: =VLOOKUP(A44,资源索引!$A$2:$F$29,6,FALSE)*VLOOKUP(C44+1,资源索引!$I$1:$J$6,2,FALSE) -> 1000000 | P44: =SUM(O$40:O44) -> 2200000 | Q44: 2 | R44: 0 | S44: 9947 | T44: 1 | U44: 5 | V44: 0 | W44: 9840 | X44: 4860 | Z44: 0 | AA44: 0 | AB44: 0 | AC44: 0 | AD44: 0 | AE44: 1026 | AF44: 1066 | AG44: 391 | AH44: 392 | AI44: 393 | AJ44: 0 | AK44: 神鼎是公会的标志建筑，公会战期间，神鼎被摧毁即公会战失败。
A45: 7 | B45: 神鼎 | C45: 5 | D45: 5 | E45: 1 | F45: 200 | G45: =VLOOKUP(A45,资源索引!$A$2:$F$29,2,FALSE)*VLOOKUP(C45+1,资源索引!$I$1:$J$6,2,FALSE) -> 2880000 | H45: =SUM(G$40:G45) -> 6400000 | I45: =VLOOKUP(A45,资源索引!$A$2:$F$29,3,FALSE)*VLOOKUP(C45+1,资源索引!$I$1:$J$6,2,FALSE) -> 720000 | J45: =SUM(I$40:I45) -> 1600000 | K45: =VLOOKUP(A45,资源索引!$A$2:$F$29,4,FALSE)*VLOOKUP(C45+1,资源索引!$I$1:$J$6,2,FALSE) -> 3600000 | L45: =SUM(K$40:K45) -> 8000000 | M45: =VLOOKUP(A45,资源索引!$A$2:$F$29,5,FALSE)*VLOOKUP(C45+1,资源索引!$I$1:$J$6,2,FALSE) -> 1800000 | N45: =SUM(M$40:M45) -> 4000000 | O45: =VLOOKUP(A45,资源索引!$A$2:$F$29,6,FALSE)*VLOOKUP(C45+1,资源索引!$I$1:$J$6,2,FALSE) -> 1800000 | P45: =SUM(O$40:O45) -> 4000000 | Q45: 2 | R45: 0 | S45: 9947 | T45: 1 | U45: 6 | V45: 0 | W45: 9841 | X45: 4860 | Z45: 0 | AA45: 0 | AB45: 0 | AC45: 0 | AD45: 0 | AE45: 1026 | AF45: 1066 | AG45: 394 | AH45: 395 | AI45: 396 | AJ45: 0 | AK45: 神鼎是公会的标志建筑，公会战期间，神鼎被摧毁即公会战失败。
A46: 8 | B46: 农场 | C46: 0 | D46: 5 | E46: 1 | F46: 50 | G46: =VLOOKUP(A46,资源索引!$A$2:$F$29,2,FALSE)*VLOOKUP(C46+1,资源索引!$I$1:$J$6,2,FALSE) -> 40000 | H46: =SUM(G$46:G46) -> 40000 | I46: =VLOOKUP(A46,资源索引!$A$2:$F$29,3,FALSE)*VLOOKUP(C46+1,资源索引!$I$1:$J$6,2,FALSE) -> 40000 | J46: =SUM(I$46:I46) -> 40000 | K46: =VLOOKUP(A46,资源索引!$A$2:$F$29,4,FALSE)*VLOOKUP(C46+1,资源索引!$I$1:$J$6,2,FALSE) -> 40000 | L46: =SUM(K$46:K46) -> 40000 | M46: =VLOOKUP(A46,资源索引!$A$2:$F$29,5,FALSE)*VLOOKUP(C46+1,资源索引!$I$1:$J$6,2,FALSE) -> 40000 | N46: =SUM(M$46:M46) -> 40000 | O46: =VLOOKUP(A46,资源索引!$A$2:$F$29,6,FALSE)*VLOOKUP(C46+1,资源索引!$I$1:$J$6,2,FALSE) -> 40000 | P46: =SUM(O$46:O46) -> 40000 | Q46: 2 | R46: 0 | S46: 0 | T46: 0 | U46: 1 | V46: 0 | W46: 9945 | Z46: 180 | AA46: 0 | AB46: 0 | AC46: 0 | AD46: 0 | AE46: 1027 | AF46: 1067 | AJ46: 0 | AK46: 农场可以产出公会粮食，农场等级越高，每小时产出的粮食越多。
A47: 8 | B47: 农场 | C47: 1 | D47: 5 | E47: 1 | F47: 90 | G47: =VLOOKUP(A47,资源索引!$A$2:$F$29,2,FALSE)*VLOOKUP(C47+1,资源索引!$I$1:$J$6,2,FALSE) -> 70000 | H47: =SUM(G$46:G47) -> 110000 | I47: =VLOOKUP(A47,资源索引!$A$2:$F$29,3,FALSE)*VLOOKUP(C47+1,资源索引!$I$1:$J$6,2,FALSE) -> 70000 | J47: =SUM(I$46:I47) -> 110000 | K47: =VLOOKUP(A47,资源索引!$A$2:$F$29,4,FALSE)*VLOOKUP(C47+1,资源索引!$I$1:$J$6,2,FALSE) -> 70000 | L47: =SUM(K$46:K47) -> 110000 | M47: =VLOOKUP(A47,资源索引!$A$2:$F$29,5,FALSE)*VLOOKUP(C47+1,资源索引!$I$1:$J$6,2,FALSE) -> 70000 | N47: =SUM(M$46:M47) -> 110000 | O47: =VLOOKUP(A47,资源索引!$A$2:$F$29,6,FALSE)*VLOOKUP(C47+1,资源索引!$I$1:$J$6,2,FALSE) -> 70000 | P47: =SUM(O$46:O47) -> 110000 | Q47: 2 | R47: 0 | S47: 0 | T47: 0 | U47: 2 | V47: 0 | W47: 9843 | Z47: 240 | AA47: 0 | AB47: 0 | AC47: 0 | AD47: 0 | AE47: 1027 | AF47: 1067 | AG47: 361 | AH47: 362 | AI47: 363 | AJ47: 0 | AK47: 农场可以产出公会粮食，农场等级越高，每小时产出的粮食越多。
A48: 8 | B48: 农场 | C48: 2 | D48: 5 | E48: 1 | F48: 130 | G48: =VLOOKUP(A48,资源索引!$A$2:$F$29,2,FALSE)*VLOOKUP(C48+1,资源索引!$I$1:$J$6,2,FALSE) -> 130000 | H48: =SUM(G$46:G48) -> 240000 | I48: =VLOOKUP(A48,资源索引!$A$2:$F$29,3,FALSE)*VLOOKUP(C48+1,资源索引!$I$1:$J$6,2,FALSE) -> 130000 | J48: =SUM(I$46:I48) -> 240000 | K48: =VLOOKUP(A48,资源索引!$A$2:$F$29,4,FALSE)*VLOOKUP(C48+1,资源索引!$I$1:$J$6,2,FALSE) -> 130000 | L48: =SUM(K$46:K48) -> 240000 | M48: =VLOOKUP(A48,资源索引!$A$2:$F$29,5,FALSE)*VLOOKUP(C48+1,资源索引!$I$1:$J$6,2,FALSE) -> 130000 | N48: =SUM(M$46:M48) -> 240000 | O48: =VLOOKUP(A48,资源索引!$A$2:$F$29,6,FALSE)*VLOOKUP(C48+1,资源索引!$I$1:$J$6,2,FALSE) -> 130000 | P48: =SUM(O$46:O48) -> 240000 | Q48: 2 | R48: 0 | S48: 0 | T48: 0 | U48: 3 | V48: 0 | W48: 9844 | Z48: 300 | AA48: 0 | AB48: 0 | AC48: 0 | AD48: 0 | AE48: 1027 | AF48: 1067 | AG48: 361 | AH48: 362 | AI48: 363 | AJ48: 0 | AK48: 农场可以产出公会粮食，农场等级越高，每小时产出的粮食越多。
A49: 8 | B49: 农场 | C49: 3 | D49: 5 | E49: 1 | F49: 170 | G49: =VLOOKUP(A49,资源索引!$A$2:$F$29,2,FALSE)*VLOOKUP(C49+1,资源索引!$I$1:$J$6,2,FALSE) -> 240000 | H49: =SUM(G$46:G49) -> 480000 | I49: =VLOOKUP(A49,资源索引!$A$2:$F$29,3,FALSE)*VLOOKUP(C49+1,资源索引!$I$1:$J$6,2,FALSE) -> 240000 | J49: =SUM(I$46:I49) -> 480000 | K49: =VLOOKUP(A49,资源索引!$A$2:$F$29,4,FALSE)*VLOOKUP(C49+1,资源索引!$I$1:$J$6,2,FALSE) -> 240000 | L49: =SUM(K$46:K49) -> 480000 | M49: =VLOOKUP(A49,资源索引!$A$2:$F$29,5,FALSE)*VLOOKUP(C49+1,资源索引!$I$1:$J$6,2,FALSE) -> 240000 | N49: =SUM(M$46:M49) -> 480000 | O49: =VLOOKUP(A49,资源索引!$A$2:$F$29,6,FALSE)*VLOOKUP(C49+1,资源索引!$I$1:$J$6,2,FALSE) -> 240000 | P49: =SUM(O$46:O49) -> 480000 | Q49: 2 | R49: 0 | S49: 0 | T49: 0 | U49: 4 | V49: 0 | W49: 9845 | Z49: 360 | AA49: 0 | AB49: 0 | AC49: 0 | AD49: 0 | AE49: 1027 | AF49: 1067 | AG49: 364 | AH49: 365 | AI49: 366 | AJ49: 0 | AK49: 农场可以产出公会粮食，农场等级越高，每小时产出的粮食越多。
A50: 8 | B50: 农场 | C50: 4 | D50: 5 | E50: 1 | F50: 210 | G50: =VLOOKUP(A50,资源索引!$A$2:$F$29,2,FALSE)*VLOOKUP(C50+1,资源索引!$I$1:$J$6,2,FALSE) -> 400000 | H50: =SUM(G$46:G50) -> 880000 | I50: =VLOOKUP(A50,资源索引!$A$2:$F$29,3,FALSE)*VLOOKUP(C50+1,资源索引!$I$1:$J$6,2,FALSE) -> 400000 | J50: =SUM(I$46:I50) -> 880000 | K50: =VLOOKUP(A50,资源索引!$A$2:$F$29,4,FALSE)*VLOOKUP(C50+1,资源索引!$I$1:$J$6,2,FALSE) -> 400000 | L50: =SUM(K$46:K50) -> 880000 | M50: =VLOOKUP(A50,资源索引!$A$2:$F$29,5,FALSE)*VLOOKUP(C50+1,资源索引!$I$1:$J$6,2,FALSE) -> 400000 | N50: =SUM(M$46:M50) -> 880000 | O50: =VLOOKUP(A50,资源索引!$A$2:$F$29,6,FALSE)*VLOOKUP(C50+1,资源索引!$I$1:$J$6,2,FALSE) -> 400000 | P50: =SUM(O$46:O50) -> 880000 | Q50: 2 | R50: 0 | S50: 0 | T50: 0 | U50: 5 | V50: 0 | W50: 9846 | Z50: 420 | AA50: 0 | AB50: 0 | AC50: 0 | AD50: 0 | AE50: 1027 | AF50: 1067 | AG50: 364 | AH50: 365 | AI50: 366 | AJ50: 0 | AK50: 农场可以产出公会粮食，农场等级越高，每小时产出的粮食越多。
A51: 8 | B51: 农场 | C51: 5 | D51: 5 | E51: 1 | F51: 250 | G51: =VLOOKUP(A51,资源索引!$A$2:$F$29,2,FALSE)*VLOOKUP(C51+1,资源索引!$I$1:$J$6,2,FALSE) -> 720000 | H51: =SUM(G$46:G51) -> 1600000 | I51: =VLOOKUP(A51,资源索引!$A$2:$F$29,3,FALSE)*VLOOKUP(C51+1,资源索引!$I$1:$J$6,2,FALSE) -> 720000 | J51: =SUM(I$46:I51) -> 1600000 | K51: =VLOOKUP(A51,资源索引!$A$2:$F$29,4,FALSE)*VLOOKUP(C51+1,资源索引!$I$1:$J$6,2,FALSE) -> 720000 | L51: =SUM(K$46:K51) -> 1600000 | M51: =VLOOKUP(A51,资源索引!$A$2:$F$29,5,FALSE)*VLOOKUP(C51+1,资源索引!$I$1:$J$6,2,FALSE) -> 720000 | N51: =SUM(M$46:M51) -> 1600000 | O51: =VLOOKUP(A51,资源索引!$A$2:$F$29,6,FALSE)*VLOOKUP(C51+1,资源索引!$I$1:$J$6,2,FALSE) -> 720000 | P51: =SUM(O$46:O51) -> 1600000 | Q51: 2 | R51: 0 | S51: 0 | T51: 0 | U51: 6 | V51: 0 | W51: 9847 | Z51: 480 | AA51: 0 | AB51: 0 | AC51: 0 | AD51: 0 | AE51: 1027 | AF51: 1067 | AG51: 367 | AH51: 368 | AI51: 369 | AJ51: 0 | AK51: 农场可以产出公会粮食，农场等级越高，每小时产出的粮食越多。
A52: 9 | B52: 林场 | C52: 0 | D52: 5 | E52: 1 | F52: 50 | G52: =VLOOKUP(A52,资源索引!$A$2:$F$29,2,FALSE)*VLOOKUP(C52+1,资源索引!$I$1:$J$6,2,FALSE) -> 40000 | H52: =SUM(G$52:G52) -> 40000 | I52: =VLOOKUP(A52,资源索引!$A$2:$F$29,3,FALSE)*VLOOKUP(C52+1,资源索引!$I$1:$J$6,2,FALSE) -> 40000 | J52: =SUM(I$52:I52) -> 40000 | K52: =VLOOKUP(A52,资源索引!$A$2:$F$29,4,FALSE)*VLOOKUP(C52+1,资源索引!$I$1:$J$6,2,FALSE) -> 40000 | L52: =SUM(K$52:K52) -> 40000 | M52: =VLOOKUP(A52,资源索引!$A$2:$F$29,5,FALSE)*VLOOKUP(C52+1,资源索引!$I$1:$J$6,2,FALSE) -> 40000 | N52: =SUM(M$52:M52) -> 40000 | O52: =VLOOKUP(A52,资源索引!$A$2:$F$29,6,FALSE)*VLOOKUP(C52+1,资源索引!$I$1:$J$6,2,FALSE) -> 40000 | P52: =SUM(O$52:O52) -> 40000 | Q52: 2 | R52: 0 | S52: 0 | T52: 0 | U52: 1 | V52: 0 | W52: 9945 | Z52: 180 | AA52: 0 | AB52: 0 | AC52: 0 | AD52: 0 | AE52: 1028 | AF52: 1068 | AJ52: 0 | AK52: 林场可以产出公会木材，林场等级越高，每小时产出的木材越多。
A53: 9 | B53: 林场 | C53: 1 | D53: 5 | E53: 1 | F53: 90 | G53: =VLOOKUP(A53,资源索引!$A$2:$F$29,2,FALSE)*VLOOKUP(C53+1,资源索引!$I$1:$J$6,2,FALSE) -> 70000 | H53: =SUM(G$52:G53) -> 110000 | I53: =VLOOKUP(A53,资源索引!$A$2:$F$29,3,FALSE)*VLOOKUP(C53+1,资源索引!$I$1:$J$6,2,FALSE) -> 70000 | J53: =SUM(I$52:I53) -> 110000 | K53: =VLOOKUP(A53,资源索引!$A$2:$F$29,4,FALSE)*VLOOKUP(C53+1,资源索引!$I$1:$J$6,2,FALSE) -> 70000 | L53: =SUM(K$52:K53) -> 110000 | M53: =VLOOKUP(A53,资源索引!$A$2:$F$29,5,FALSE)*VLOOKUP(C53+1,资源索引!$I$1:$J$6,2,FALSE) -> 70000 | N53: =SUM(M$52:M53) -> 110000 | O53: =VLOOKUP(A53,资源索引!$A$2:$F$29,6,FALSE)*VLOOKUP(C53+1,资源索引!$I$1:$J$6,2,FALSE) -> 70000 | P53: =SUM(O$52:O53) -> 110000 | Q53: 2 | R53: 0 | S53: 0 | T53: 0 | U53: 2 | V53: 0 | W53: 9849 | Z53: 240 | AA53: 0 | AB53: 0 | AC53: 0 | AD53: 0 | AE53: 1028 | AF53: 1068 | AG53: 361 | AH53: 362 | AI53: 363 | AJ53: 0 | AK53: 林场可以产出公会木材，林场等级越高，每小时产出的木材越多。
A54: 9 | B54: 林场 | C54: 2 | D54: 5 | E54: 1 | F54: 130 | G54: =VLOOKUP(A54,资源索引!$A$2:$F$29,2,FALSE)*VLOOKUP(C54+1,资源索引!$I$1:$J$6,2,FALSE) -> 130000 | H54: =SUM(G$52:G54) -> 240000 | I54: =VLOOKUP(A54,资源索引!$A$2:$F$29,3,FALSE)*VLOOKUP(C54+1,资源索引!$I$1:$J$6,2,FALSE) -> 130000 | J54: =SUM(I$52:I54) -> 240000 | K54: =VLOOKUP(A54,资源索引!$A$2:$F$29,4,FALSE)*VLOOKUP(C54+1,资源索引!$I$1:$J$6,2,FALSE) -> 130000 | L54: =SUM(K$52:K54) -> 240000 | M54: =VLOOKUP(A54,资源索引!$A$2:$F$29,5,FALSE)*VLOOKUP(C54+1,资源索引!$I$1:$J$6,2,FALSE) -> 130000 | N54: =SUM(M$52:M54) -> 240000 | O54: =VLOOKUP(A54,资源索引!$A$2:$F$29,6,FALSE)*VLOOKUP(C54+1,资源索引!$I$1:$J$6,2,FALSE) -> 130000 | P54: =SUM(O$52:O54) -> 240000 | Q54: 2 | R54: 0 | S54: 0 | T54: 0 | U54: 3 | V54: 0 | W54: 9850 | Z54: 300 | AA54: 0 | AB54: 0 | AC54: 0 | AD54: 0 | AE54: 1028 | AF54: 1068 | AG54: 361 | AH54: 362 | AI54: 363 | AJ54: 0 | AK54: 林场可以产出公会木材，林场等级越高，每小时产出的木材越多。
A55: 9 | B55: 林场 | C55: 3 | D55: 5 | E55: 1 | F55: 170 | G55: =VLOOKUP(A55,资源索引!$A$2:$F$29,2,FALSE)*VLOOKUP(C55+1,资源索引!$I$1:$J$6,2,FALSE) -> 240000 | H55: =SUM(G$52:G55) -> 480000 | I55: =VLOOKUP(A55,资源索引!$A$2:$F$29,3,FALSE)*VLOOKUP(C55+1,资源索引!$I$1:$J$6,2,FALSE) -> 240000 | J55: =SUM(I$52:I55) -> 480000 | K55: =VLOOKUP(A55,资源索引!$A$2:$F$29,4,FALSE)*VLOOKUP(C55+1,资源索引!$I$1:$J$6,2,FALSE) -> 240000 | L55: =SUM(K$52:K55) -> 480000 | M55: =VLOOKUP(A55,资源索引!$A$2:$F$29,5,FALSE)*VLOOKUP(C55+1,资源索引!$I$1:$J$6,2,FALSE) -> 240000 | N55: =SUM(M$52:M55) -> 480000 | O55: =VLOOKUP(A55,资源索引!$A$2:$F$29,6,FALSE)*VLOOKUP(C55+1,资源索引!$I$1:$J$6,2,FALSE) -> 240000 | P55: =SUM(O$52:O55) -> 480000 | Q55: 2 | R55: 0 | S55: 0 | T55: 0 | U55: 4 | V55: 0 | W55: 9851 | Z55: 360 | AA55: 0 | AB55: 0 | AC55: 0 | AD55: 0 | AE55: 1028 | AF55: 1068 | AG55: 364 | AH55: 365 | AI55: 366 | AJ55: 0 | AK55: 林场可以产出公会木材，林场等级越高，每小时产出的木材越多。
A56: 9 | B56: 林场 | C56: 4 | D56: 5 | E56: 1 | F56: 210 | G56: =VLOOKUP(A56,资源索引!$A$2:$F$29,2,FALSE)*VLOOKUP(C56+1,资源索引!$I$1:$J$6,2,FALSE) -> 400000 | H56: =SUM(G$52:G56) -> 880000 | I56: =VLOOKUP(A56,资源索引!$A$2:$F$29,3,FALSE)*VLOOKUP(C56+1,资源索引!$I$1:$J$6,2,FALSE) -> 400000 | J56: =SUM(I$52:I56) -> 880000 | K56: =VLOOKUP(A56,资源索引!$A$2:$F$29,4,FALSE)*VLOOKUP(C56+1,资源索引!$I$1:$J$6,2,FALSE) -> 400000 | L56: =SUM(K$52:K56) -> 880000 | M56: =VLOOKUP(A56,资源索引!$A$2:$F$29,5,FALSE)*VLOOKUP(C56+1,资源索引!$I$1:$J$6,2,FALSE) -> 400000 | N56: =SUM(M$52:M56) -> 880000 | O56: =VLOOKUP(A56,资源索引!$A$2:$F$29,6,FALSE)*VLOOKUP(C56+1,资源索引!$I$1:$J$6,2,FALSE) -> 400000 | P56: =SUM(O$52:O56) -> 880000 | Q56: 2 | R56: 0 | S56: 0 | T56: 0 | U56: 5 | V56: 0 | W56: 9852 | Z56: 420 | AA56: 0 | AB56: 0 | AC56: 0 | AD56: 0 | AE56: 1028 | AF56: 1068 | AG56: 364 | AH56: 365 | AI56: 366 | AJ56: 0 | AK56: 林场可以产出公会木材，林场等级越高，每小时产出的木材越多。
A57: 9 | B57: 林场 | C57: 5 | D57: 5 | E57: 1 | F57: 250 | G57: =VLOOKUP(A57,资源索引!$A$2:$F$29,2,FALSE)*VLOOKUP(C57+1,资源索引!$I$1:$J$6,2,FALSE) -> 720000 | H57: =SUM(G$52:G57) -> 1600000 | I57: =VLOOKUP(A57,资源索引!$A$2:$F$29,3,FALSE)*VLOOKUP(C57+1,资源索引!$I$1:$J$6,2,FALSE) -> 720000 | J57: =SUM(I$52:I57) -> 1600000 | K57: =VLOOKUP(A57,资源索引!$A$2:$F$29,4,FALSE)*VLOOKUP(C57+1,资源索引!$I$1:$J$6,2,FALSE) -> 720000 | L57: =SUM(K$52:K57) -> 1600000 | M57: =VLOOKUP(A57,资源索引!$A$2:$F$29,5,FALSE)*VLOOKUP(C57+1,资源索引!$I$1:$J$6,2,FALSE) -> 720000 | N57: =SUM(M$52:M57) -> 1600000 | O57: =VLOOKUP(A57,资源索引!$A$2:$F$29,6,FALSE)*VLOOKUP(C57+1,资源索引!$I$1:$J$6,2,FALSE) -> 720000 | P57: =SUM(O$52:O57) -> 1600000 | Q57: 2 | R57: 0 | S57: 0 | T57: 0 | U57: 6 | V57: 0 | W57: 9853 | Z57: 480 | AA57: 0 | AB57: 0 | AC57: 0 | AD57: 0 | AE57: 1028 | AF57: 1068 | AG57: 367 | AH57: 368 | AI57: 369 | AJ57: 0 | AK57: 林场可以产出公会木材，林场等级越高，每小时产出的木材越多。
A58: 10 | B58: 石场 | C58: 0 | D58: 5 | E58: 1 | F58: 50 | G58: =VLOOKUP(A58,资源索引!$A$2:$F$29,2,FALSE)*VLOOKUP(C58+1,资源索引!$I$1:$J$6,2,FALSE) -> 40000 | H58: =SUM(G$58:G58) -> 40000 | I58: =VLOOKUP(A58,资源索引!$A$2:$F$29,3,FALSE)*VLOOKUP(C58+1,资源索引!$I$1:$J$6,2,FALSE) -> 40000 | J58: =SUM(I$58:I58) -> 40000 | K58: =VLOOKUP(A58,资源索引!$A$2:$F$29,4,FALSE)*VLOOKUP(C58+1,资源索引!$I$1:$J$6,2,FALSE) -> 40000 | L58: =SUM(K$58:K58) -> 40000 | M58: =VLOOKUP(A58,资源索引!$A$2:$F$29,5,FALSE)*VLOOKUP(C58+1,资源索引!$I$1:$J$6,2,FALSE) -> 40000 | N58: =SUM(M$58:M58) -> 40000 | O58: =VLOOKUP(A58,资源索引!$A$2:$F$29,6,FALSE)*VLOOKUP(C58+1,资源索引!$I$1:$J$6,2,FALSE) -> 40000 | P58: =SUM(O$58:O58) -> 40000 | Q58: 2 | R58: 0 | S58: 0 | T58: 0 | U58: 1 | V58: 0 | W58: 9945 | Z58: 180 | AA58: 0 | AB58: 0 | AC58: 0 | AD58: 0 | AE58: 1029 | AF58: 1069 | AJ58: 0 | AK58: 石场可以产出公会石料，石场等级越高，每小时产出的石料越多。
A59: 10 | B59: 石场 | C59: 1 | D59: 5 | E59: 1 | F59: 90 | G59: =VLOOKUP(A59,资源索引!$A$2:$F$29,2,FALSE)*VLOOKUP(C59+1,资源索引!$I$1:$J$6,2,FALSE) -> 70000 | H59: =SUM(G$58:G59) -> 110000 | I59: =VLOOKUP(A59,资源索引!$A$2:$F$29,3,FALSE)*VLOOKUP(C59+1,资源索引!$I$1:$J$6,2,FALSE) -> 70000 | J59: =SUM(I$58:I59) -> 110000 | K59: =VLOOKUP(A59,资源索引!$A$2:$F$29,4,FALSE)*VLOOKUP(C59+1,资源索引!$I$1:$J$6,2,FALSE) -> 70000 | L59: =SUM(K$58:K59) -> 110000 | M59: =VLOOKUP(A59,资源索引!$A$2:$F$29,5,FALSE)*VLOOKUP(C59+1,资源索引!$I$1:$J$6,2,FALSE) -> 70000 | N59: =SUM(M$58:M59) -> 110000 | O59: =VLOOKUP(A59,资源索引!$A$2:$F$29,6,FALSE)*VLOOKUP(C59+1,资源索引!$I$1:$J$6,2,FALSE) -> 70000 | P59: =SUM(O$58:O59) -> 110000 | Q59: 2 | R59: 0 | S59: 0 | T59: 0 | U59: 2 | V59: 0 | W59: 9855 | Z59: 240 | AA59: 0 | AB59: 0 | AC59: 0 | AD59: 0 | AE59: 1029 | AF59: 1069 | AG59: 361 | AH59: 362 | AI59: 363 | AJ59: 0 | AK59: 石场可以产出公会石料，石场等级越高，每小时产出的石料越多。
A60: 10 | B60: 石场 | C60: 2 | D60: 5 | E60: 1 | F60: 130 | G60: =VLOOKUP(A60,资源索引!$A$2:$F$29,2,FALSE)*VLOOKUP(C60+1,资源索引!$I$1:$J$6,2,FALSE) -> 130000 | H60: =SUM(G$58:G60) -> 240000 | I60: =VLOOKUP(A60,资源索引!$A$2:$F$29,3,FALSE)*VLOOKUP(C60+1,资源索引!$I$1:$J$6,2,FALSE) -> 130000 | J60: =SUM(I$58:I60) -> 240000 | K60: =VLOOKUP(A60,资源索引!$A$2:$F$29,4,FALSE)*VLOOKUP(C60+1,资源索引!$I$1:$J$6,2,FALSE) -> 130000 | L60: =SUM(K$58:K60) -> 240000 | M60: =VLOOKUP(A60,资源索引!$A$2:$F$29,5,FALSE)*VLOOKUP(C60+1,资源索引!$I$1:$J$6,2,FALSE) -> 130000 | N60: =SUM(M$58:M60) -> 240000 | O60: =VLOOKUP(A60,资源索引!$A$2:$F$29,6,FALSE)*VLOOKUP(C60+1,资源索引!$I$1:$J$6,2,FALSE) -> 130000 | P60: =SUM(O$58:O60) -> 240000 | Q60: 2 | R60: 0 | S60: 0 | T60: 0 | U60: 3 | V60: 0 | W60: 9856 | Z60: 300 | AA60: 0 | AB60: 0 | AC60: 0 | AD60: 0 | AE60: 1029 | AF60: 1069 | AG60: 361 | AH60: 362 | AI60: 363 | AJ60: 0 | AK60: 石场可以产出公会石料，石场等级越高，每小时产出的石料越多。
A61: 10 | B61: 石场 | C61: 3 | D61: 5 | E61: 1 | F61: 170 | G61: =VLOOKUP(A61,资源索引!$A$2:$F$29,2,FALSE)*VLOOKUP(C61+1,资源索引!$I$1:$J$6,2,FALSE) -> 240000 | H61: =SUM(G$58:G61) -> 480000 | I61: =VLOOKUP(A61,资源索引!$A$2:$F$29,3,FALSE)*VLOOKUP(C61+1,资源索引!$I$1:$J$6,2,FALSE) -> 240000 | J61: =SUM(I$58:I61) -> 480000 | K61: =VLOOKUP(A61,资源索引!$A$2:$F$29,4,FALSE)*VLOOKUP(C61+1,资源索引!$I$1:$J$6,2,FALSE) -> 240000 | L61: =SUM(K$58:K61) -> 480000 | M61: =VLOOKUP(A61,资源索引!$A$2:$F$29,5,FALSE)*VLOOKUP(C61+1,资源索引!$I$1:$J$6,2,FALSE) -> 240000 | N61: =SUM(M$58:M61) -> 480000 | O61: =VLOOKUP(A61,资源索引!$A$2:$F$29,6,FALSE)*VLOOKUP(C61+1,资源索引!$I$1:$J$6,2,FALSE) -> 240000 | P61: =SUM(O$58:O61) -> 480000 | Q61: 2 | R61: 0 | S61: 0 | T61: 0 | U61: 4 | V61: 0 | W61: 9857 | Z61: 360 | AA61: 0 | AB61: 0 | AC61: 0 | AD61: 0 | AE61: 1029 | AF61: 1069 | AG61: 364 | AH61: 365 | AI61: 366 | AJ61: 0 | AK61: 石场可以产出公会石料，石场等级越高，每小时产出的石料越多。
A62: 10 | B62: 石场 | C62: 4 | D62: 5 | E62: 1 | F62: 210 | G62: =VLOOKUP(A62,资源索引!$A$2:$F$29,2,FALSE)*VLOOKUP(C62+1,资源索引!$I$1:$J$6,2,FALSE) -> 400000 | H62: =SUM(G$58:G62) -> 880000 | I62: =VLOOKUP(A62,资源索引!$A$2:$F$29,3,FALSE)*VLOOKUP(C62+1,资源索引!$I$1:$J$6,2,FALSE) -> 400000 | J62: =SUM(I$58:I62) -> 880000 | K62: =VLOOKUP(A62,资源索引!$A$2:$F$29,4,FALSE)*VLOOKUP(C62+1,资源索引!$I$1:$J$6,2,FALSE) -> 400000 | L62: =SUM(K$58:K62) -> 880000 | M62: =VLOOKUP(A62,资源索引!$A$2:$F$29,5,FALSE)*VLOOKUP(C62+1,资源索引!$I$1:$J$6,2,FALSE) -> 400000 | N62: =SUM(M$58:M62) -> 880000 | O62: =VLOOKUP(A62,资源索引!$A$2:$F$29,6,FALSE)*VLOOKUP(C62+1,资源索引!$I$1:$J$6,2,FALSE) -> 400000 | P62: =SUM(O$58:O62) -> 880000 | Q62: 2 | R62: 0 | S62: 0 | T62: 0 | U62: 5 | V62: 0 | W62: 9858 | Z62: 420 | AA62: 0 | AB62: 0 | AC62: 0 | AD62: 0 | AE62: 1029 | AF62: 1069 | AG62: 364 | AH62: 365 | AI62: 366 | AJ62: 0 | AK62: 石场可以产出公会石料，石场等级越高，每小时产出的石料越多。
A63: 10 | B63: 石场 | C63: 5 | D63: 5 | E63: 1 | F63: 250 | G63: =VLOOKUP(A63,资源索引!$A$2:$F$29,2,FALSE)*VLOOKUP(C63+1,资源索引!$I$1:$J$6,2,FALSE) -> 720000 | H63: =SUM(G$58:G63) -> 1600000 | I63: =VLOOKUP(A63,资源索引!$A$2:$F$29,3,FALSE)*VLOOKUP(C63+1,资源索引!$I$1:$J$6,2,FALSE) -> 720000 | J63: =SUM(I$58:I63) -> 1600000 | K63: =VLOOKUP(A63,资源索引!$A$2:$F$29,4,FALSE)*VLOOKUP(C63+1,资源索引!$I$1:$J$6,2,FALSE) -> 720000 | L63: =SUM(K$58:K63) -> 1600000 | M63: =VLOOKUP(A63,资源索引!$A$2:$F$29,5,FALSE)*VLOOKUP(C63+1,资源索引!$I$1:$J$6,2,FALSE) -> 720000 | N63: =SUM(M$58:M63) -> 1600000 | O63: =VLOOKUP(A63,资源索引!$A$2:$F$29,6,FALSE)*VLOOKUP(C63+1,资源索引!$I$1:$J$6,2,FALSE) -> 720000 | P63: =SUM(O$58:O63) -> 1600000 | Q63: 2 | R63: 0 | S63: 0 | T63: 0 | U63: 6 | V63: 0 | W63: 9859 | Z63: 480 | AA63: 0 | AB63: 0 | AC63: 0 | AD63: 0 | AE63: 1029 | AF63: 1069 | AG63: 367 | AH63: 368 | AI63: 369 | AJ63: 0 | AK63: 石场可以产出公会石料，石场等级越高，每小时产出的石料越多。
A64: 11 | B64: 矿场 | C64: 0 | D64: 5 | E64: 1 | F64: 50 | G64: =VLOOKUP(A64,资源索引!$A$2:$F$29,2,FALSE)*VLOOKUP(C64+1,资源索引!$I$1:$J$6,2,FALSE) -> 40000 | H64: =SUM(G$64:G64) -> 40000 | I64: =VLOOKUP(A64,资源索引!$A$2:$F$29,3,FALSE)*VLOOKUP(C64+1,资源索引!$I$1:$J$6,2,FALSE) -> 40000 | J64: =SUM(I$64:I64) -> 40000 | K64: =VLOOKUP(A64,资源索引!$A$2:$F$29,4,FALSE)*VLOOKUP(C64+1,资源索引!$I$1:$J$6,2,FALSE) -> 40000 | L64: =SUM(K$64:K64) -> 40000 | M64: =VLOOKUP(A64,资源索引!$A$2:$F$29,5,FALSE)*VLOOKUP(C64+1,资源索引!$I$1:$J$6,2,FALSE) -> 40000 | N64: =SUM(M$64:M64) -> 40000 | O64: =VLOOKUP(A64,资源索引!$A$2:$F$29,6,FALSE)*VLOOKUP(C64+1,资源索引!$I$1:$J$6,2,FALSE) -> 40000 | P64: =SUM(O$64:O64) -> 40000 | Q64: 2 | R64: 0 | S64: 0 | T64: 0 | U64: 1 | V64: 0 | W64: 9945 | Z64: 180 | AA64: 0 | AB64: 0 | AC64: 0 | AD64: 0 | AE64: 1030 | AF64: 1070 | AJ64: 0 | AK64: 矿场可以产出公会矿石，矿场等级越高，每小时产出的矿石越多。
A65: 11 | B65: 矿场 | C65: 1 | D65: 5 | E65: 1 | F65: 90 | G65: =VLOOKUP(A65,资源索引!$A$2:$F$29,2,FALSE)*VLOOKUP(C65+1,资源索引!$I$1:$J$6,2,FALSE) -> 70000 | H65: =SUM(G$64:G65) -> 110000 | I65: =VLOOKUP(A65,资源索引!$A$2:$F$29,3,FALSE)*VLOOKUP(C65+1,资源索引!$I$1:$J$6,2,FALSE) -> 70000 | J65: =SUM(I$64:I65) -> 110000 | K65: =VLOOKUP(A65,资源索引!$A$2:$F$29,4,FALSE)*VLOOKUP(C65+1,资源索引!$I$1:$J$6,2,FALSE) -> 70000 | L65: =SUM(K$64:K65) -> 110000 | M65: =VLOOKUP(A65,资源索引!$A$2:$F$29,5,FALSE)*VLOOKUP(C65+1,资源索引!$I$1:$J$6,2,FALSE) -> 70000 | N65: =SUM(M$64:M65) -> 110000 | O65: =VLOOKUP(A65,资源索引!$A$2:$F$29,6,FALSE)*VLOOKUP(C65+1,资源索引!$I$1:$J$6,2,FALSE) -> 70000 | P65: =SUM(O$64:O65) -> 110000 | Q65: 2 | R65: 0 | S65: 0 | T65: 0 | U65: 2 | V65: 0 | W65: 9861 | Z65: 240 | AA65: 0 | AB65: 0 | AC65: 0 | AD65: 0 | AE65: 1030 | AF65: 1070 | AG65: 361 | AH65: 362 | AI65: 363 | AJ65: 0 | AK65: 矿场可以产出公会矿石，矿场等级越高，每小时产出的矿石越多。
A66: 11 | B66: 矿场 | C66: 2 | D66: 5 | E66: 1 | F66: 130 | G66: =VLOOKUP(A66,资源索引!$A$2:$F$29,2,FALSE)*VLOOKUP(C66+1,资源索引!$I$1:$J$6,2,FALSE) -> 130000 | H66: =SUM(G$64:G66) -> 240000 | I66: =VLOOKUP(A66,资源索引!$A$2:$F$29,3,FALSE)*VLOOKUP(C66+1,资源索引!$I$1:$J$6,2,FALSE) -> 130000 | J66: =SUM(I$64:I66) -> 240000 | K66: =VLOOKUP(A66,资源索引!$A$2:$F$29,4,FALSE)*VLOOKUP(C66+1,资源索引!$I$1:$J$6,2,FALSE) -> 130000 | L66: =SUM(K$64:K66) -> 240000 | M66: =VLOOKUP(A66,资源索引!$A$2:$F$29,5,FALSE)*VLOOKUP(C66+1,资源索引!$I$1:$J$6,2,FALSE) -> 130000 | N66: =SUM(M$64:M66) -> 240000 | O66: =VLOOKUP(A66,资源索引!$A$2:$F$29,6,FALSE)*VLOOKUP(C66+1,资源索引!$I$1:$J$6,2,FALSE) -> 130000 | P66: =SUM(O$64:O66) -> 240000 | Q66: 2 | R66: 0 | S66: 0 | T66: 0 | U66: 3 | V66: 0 | W66: 9862 | Z66: 300 | AA66: 0 | AB66: 0 | AC66: 0 | AD66: 0 | AE66: 1030 | AF66: 1070 | AG66: 361 | AH66: 362 | AI66: 363 | AJ66: 0 | AK66: 矿场可以产出公会矿石，矿场等级越高，每小时产出的矿石越多。
A67: 11 | B67: 矿场 | C67: 3 | D67: 5 | E67: 1 | F67: 170 | G67: =VLOOKUP(A67,资源索引!$A$2:$F$29,2,FALSE)*VLOOKUP(C67+1,资源索引!$I$1:$J$6,2,FALSE) -> 240000 | H67: =SUM(G$64:G67) -> 480000 | I67: =VLOOKUP(A67,资源索引!$A$2:$F$29,3,FALSE)*VLOOKUP(C67+1,资源索引!$I$1:$J$6,2,FALSE) -> 240000 | J67: =SUM(I$64:I67) -> 480000 | K67: =VLOOKUP(A67,资源索引!$A$2:$F$29,4,FALSE)*VLOOKUP(C67+1,资源索引!$I$1:$J$6,2,FALSE) -> 240000 | L67: =SUM(K$64:K67) -> 480000 | M67: =VLOOKUP(A67,资源索引!$A$2:$F$29,5,FALSE)*VLOOKUP(C67+1,资源索引!$I$1:$J$6,2,FALSE) -> 240000 | N67: =SUM(M$64:M67) -> 480000 | O67: =VLOOKUP(A67,资源索引!$A$2:$F$29,6,FALSE)*VLOOKUP(C67+1,资源索引!$I$1:$J$6,2,FALSE) -> 240000 | P67: =SUM(O$64:O67) -> 480000 | Q67: 2 | R67: 0 | S67: 0 | T67: 0 | U67: 4 | V67: 0 | W67: 9863 | Z67: 360 | AA67: 0 | AB67: 0 | AC67: 0 | AD67: 0 | AE67: 1030 | AF67: 1070 | AG67: 364 | AH67: 365 | AI67: 366 | AJ67: 0 | AK67: 矿场可以产出公会矿石，矿场等级越高，每小时产出的矿石越多。
A68: 11 | B68: 矿场 | C68: 4 | D68: 5 | E68: 1 | F68: 210 | G68: =VLOOKUP(A68,资源索引!$A$2:$F$29,2,FALSE)*VLOOKUP(C68+1,资源索引!$I$1:$J$6,2,FALSE) -> 400000 | H68: =SUM(G$64:G68) -> 880000 | I68: =VLOOKUP(A68,资源索引!$A$2:$F$29,3,FALSE)*VLOOKUP(C68+1,资源索引!$I$1:$J$6,2,FALSE) -> 400000 | J68: =SUM(I$64:I68) -> 880000 | K68: =VLOOKUP(A68,资源索引!$A$2:$F$29,4,FALSE)*VLOOKUP(C68+1,资源索引!$I$1:$J$6,2,FALSE) -> 400000 | L68: =SUM(K$64:K68) -> 880000 | M68: =VLOOKUP(A68,资源索引!$A$2:$F$29,5,FALSE)*VLOOKUP(C68+1,资源索引!$I$1:$J$6,2,FALSE) -> 400000 | N68: =SUM(M$64:M68) -> 880000 | O68: =VLOOKUP(A68,资源索引!$A$2:$F$29,6,FALSE)*VLOOKUP(C68+1,资源索引!$I$1:$J$6,2,FALSE) -> 400000 | P68: =SUM(O$64:O68) -> 880000 | Q68: 2 | R68: 0 | S68: 0 | T68: 0 | U68: 5 | V68: 0 | W68: 9864 | Z68: 420 | AA68: 0 | AB68: 0 | AC68: 0 | AD68: 0 | AE68: 1030 | AF68: 1070 | AG68: 364 | AH68: 365 | AI68: 366 | AJ68: 0 | AK68: 矿场可以产出公会矿石，矿场等级越高，每小时产出的矿石越多。
A69: 11 | B69: 矿场 | C69: 5 | D69: 5 | E69: 1 | F69: 250 | G69: =VLOOKUP(A69,资源索引!$A$2:$F$29,2,FALSE)*VLOOKUP(C69+1,资源索引!$I$1:$J$6,2,FALSE) -> 720000 | H69: =SUM(G$64:G69) -> 1600000 | I69: =VLOOKUP(A69,资源索引!$A$2:$F$29,3,FALSE)*VLOOKUP(C69+1,资源索引!$I$1:$J$6,2,FALSE) -> 720000 | J69: =SUM(I$64:I69) -> 1600000 | K69: =VLOOKUP(A69,资源索引!$A$2:$F$29,4,FALSE)*VLOOKUP(C69+1,资源索引!$I$1:$J$6,2,FALSE) -> 720000 | L69: =SUM(K$64:K69) -> 1600000 | M69: =VLOOKUP(A69,资源索引!$A$2:$F$29,5,FALSE)*VLOOKUP(C69+1,资源索引!$I$1:$J$6,2,FALSE) -> 720000 | N69: =SUM(M$64:M69) -> 1600000 | O69: =VLOOKUP(A69,资源索引!$A$2:$F$29,6,FALSE)*VLOOKUP(C69+1,资源索引!$I$1:$J$6,2,FALSE) -> 720000 | P69: =SUM(O$64:O69) -> 1600000 | Q69: 2 | R69: 0 | S69: 0 | T69: 0 | U69: 6 | V69: 0 | W69: 9865 | Z69: 480 | AA69: 0 | AB69: 0 | AC69: 0 | AD69: 0 | AE69: 1030 | AF69: 1070 | AG69: 367 | AH69: 368 | AI69: 369 | AJ69: 0 | AK69: 矿场可以产出公会矿石，矿场等级越高，每小时产出的矿石越多。
A70: 12 | B70: 粮仓 | C70: 0 | D70: 5 | E70: 1 | F70: 50 | G70: =VLOOKUP(A70,资源索引!$A$2:$F$29,2,FALSE)*VLOOKUP(C70+1,资源索引!$I$1:$J$6,2,FALSE) -> 80000 | H70: =SUM(G$70:G70) -> 80000 | I70: =VLOOKUP(A70,资源索引!$A$2:$F$29,3,FALSE)*VLOOKUP(C70+1,资源索引!$I$1:$J$6,2,FALSE) -> 40000 | J70: =SUM(I$70:I70) -> 40000 | K70: =VLOOKUP(A70,资源索引!$A$2:$F$29,4,FALSE)*VLOOKUP(C70+1,资源索引!$I$1:$J$6,2,FALSE) -> 40000 | L70: =SUM(K$70:K70) -> 40000 | M70: =VLOOKUP(A70,资源索引!$A$2:$F$29,5,FALSE)*VLOOKUP(C70+1,资源索引!$I$1:$J$6,2,FALSE) -> 40000 | N70: =SUM(M$70:M70) -> 40000 | O70: =VLOOKUP(A70,资源索引!$A$2:$F$29,6,FALSE)*VLOOKUP(C70+1,资源索引!$I$1:$J$6,2,FALSE) -> 40000 | P70: =SUM(O$70:O70) -> 40000 | Q70: 2 | R70: 0 | S70: 9946 | T70: 4 | U70: 1 | V70: 0 | W70: 9946 | X70: 8595 | Z70: 600000 | AA70: 0 | AB70: 0 | AC70: 0 | AD70: 0 | AE70: 1031 | AF70: 1071 | AJ70: 0 | AK70: 粮仓是公会用来存放粮食的建筑，粮仓等级越高，公会粮食上限也越高。
A71: 12 | B71: 粮仓 | C71: 1 | D71: 5 | E71: 1 | F71: 80 | G71: =VLOOKUP(A71,资源索引!$A$2:$F$29,2,FALSE)*VLOOKUP(C71+1,资源索引!$I$1:$J$6,2,FALSE) -> 140000 | H71: =SUM(G$70:G71) -> 220000 | I71: =VLOOKUP(A71,资源索引!$A$2:$F$29,3,FALSE)*VLOOKUP(C71+1,资源索引!$I$1:$J$6,2,FALSE) -> 70000 | J71: =SUM(I$70:I71) -> 110000 | K71: =VLOOKUP(A71,资源索引!$A$2:$F$29,4,FALSE)*VLOOKUP(C71+1,资源索引!$I$1:$J$6,2,FALSE) -> 70000 | L71: =SUM(K$70:K71) -> 110000 | M71: =VLOOKUP(A71,资源索引!$A$2:$F$29,5,FALSE)*VLOOKUP(C71+1,资源索引!$I$1:$J$6,2,FALSE) -> 70000 | N71: =SUM(M$70:M71) -> 110000 | O71: =VLOOKUP(A71,资源索引!$A$2:$F$29,6,FALSE)*VLOOKUP(C71+1,资源索引!$I$1:$J$6,2,FALSE) -> 70000 | P71: =SUM(O$70:O71) -> 110000 | Q71: 2 | R71: 0 | S71: 9946 | T71: 4 | U71: 2 | V71: 0 | W71: 9867 | X71: 8595 | Z71: 1200000 | AA71: 0 | AB71: 0 | AC71: 0 | AD71: 0 | AE71: 1031 | AF71: 1071 | AG71: 370 | AH71: 371 | AI71: 372 | AJ71: 0 | AK71: 粮仓是公会用来存放粮食的建筑，粮仓等级越高，公会粮食上限也越高。
A72: 12 | B72: 粮仓 | C72: 2 | D72: 5 | E72: 1 | F72: 110 | G72: =VLOOKUP(A72,资源索引!$A$2:$F$29,2,FALSE)*VLOOKUP(C72+1,资源索引!$I$1:$J$6,2,FALSE) -> 260000 | H72: =SUM(G$70:G72) -> 480000 | I72: =VLOOKUP(A72,资源索引!$A$2:$F$29,3,FALSE)*VLOOKUP(C72+1,资源索引!$I$1:$J$6,2,FALSE) -> 130000 | J72: =SUM(I$70:I72) -> 240000 | K72: =VLOOKUP(A72,资源索引!$A$2:$F$29,4,FALSE)*VLOOKUP(C72+1,资源索引!$I$1:$J$6,2,FALSE) -> 130000 | L72: =SUM(K$70:K72) -> 240000 | M72: =VLOOKUP(A72,资源索引!$A$2:$F$29,5,FALSE)*VLOOKUP(C72+1,资源索引!$I$1:$J$6,2,FALSE) -> 130000 | N72: =SUM(M$70:M72) -> 240000 | O72: =VLOOKUP(A72,资源索引!$A$2:$F$29,6,FALSE)*VLOOKUP(C72+1,资源索引!$I$1:$J$6,2,FALSE) -> 130000 | P72: =SUM(O$70:O72) -> 240000 | Q72: 2 | R72: 0 | S72: 9946 | T72: 4 | U72: 3 | V72: 0 | W72: 9868 | X72: 8595 | Z72: 2400000 | AA72: 0 | AB72: 0 | AC72: 0 | AD72: 0 | AE72: 1031 | AF72: 1071 | AG72: 370 | AH72: 371 | AI72: 372 | AJ72: 0 | AK72: 粮仓是公会用来存放粮食的建筑，粮仓等级越高，公会粮食上限也越高。
A73: 12 | B73: 粮仓 | C73: 3 | D73: 5 | E73: 1 | F73: 140 | G73: =VLOOKUP(A73,资源索引!$A$2:$F$29,2,FALSE)*VLOOKUP(C73+1,资源索引!$I$1:$J$6,2,FALSE) -> 480000 | H73: =SUM(G$70:G73) -> 960000 | I73: =VLOOKUP(A73,资源索引!$A$2:$F$29,3,FALSE)*VLOOKUP(C73+1,资源索引!$I$1:$J$6,2,FALSE) -> 240000 | J73: =SUM(I$70:I73) -> 480000 | K73: =VLOOKUP(A73,资源索引!$A$2:$F$29,4,FALSE)*VLOOKUP(C73+1,资源索引!$I$1:$J$6,2,FALSE) -> 240000 | L73: =SUM(K$70:K73) -> 480000 | M73: =VLOOKUP(A73,资源索引!$A$2:$F$29,5,FALSE)*VLOOKUP(C73+1,资源索引!$I$1:$J$6,2,FALSE) -> 240000 | N73: =SUM(M$70:M73) -> 480000 | O73: =VLOOKUP(A73,资源索引!$A$2:$F$29,6,FALSE)*VLOOKUP(C73+1,资源索引!$I$1:$J$6,2,FALSE) -> 240000 | P73: =SUM(O$70:O73) -> 480000 | Q73: 2 | R73: 0 | S73: 9946 | T73: 4 | U73: 4 | V73: 0 | W73: 9869 | X73: 8595 | Z73: 4000000 | AA73: 0 | AB73: 0 | AC73: 0 | AD73: 0 | AE73: 1031 | AF73: 1071 | AG73: 373 | AH73: 374 | AI73: 375 | AJ73: 0 | AK73: 粮仓是公会用来存放粮食的建筑，粮仓等级越高，公会粮食上限也越高。
A74: 12 | B74: 粮仓 | C74: 4 | D74: 5 | E74: 1 | F74: 170 | G74: =VLOOKUP(A74,资源索引!$A$2:$F$29,2,FALSE)*VLOOKUP(C74+1,资源索引!$I$1:$J$6,2,FALSE) -> 800000 | H74: =SUM(G$70:G74) -> 1760000 | I74: =VLOOKUP(A74,资源索引!$A$2:$F$29,3,FALSE)*VLOOKUP(C74+1,资源索引!$I$1:$J$6,2,FALSE) -> 400000 | J74: =SUM(I$70:I74) -> 880000 | K74: =VLOOKUP(A74,资源索引!$A$2:$F$29,4,FALSE)*VLOOKUP(C74+1,资源索引!$I$1:$J$6,2,FALSE) -> 400000 | L74: =SUM(K$70:K74) -> 880000 | M74: =VLOOKUP(A74,资源索引!$A$2:$F$29,5,FALSE)*VLOOKUP(C74+1,资源索引!$I$1:$J$6,2,FALSE) -> 400000 | N74: =SUM(M$70:M74) -> 880000 | O74: =VLOOKUP(A74,资源索引!$A$2:$F$29,6,FALSE)*VLOOKUP(C74+1,资源索引!$I$1:$J$6,2,FALSE) -> 400000 | P74: =SUM(O$70:O74) -> 880000 | Q74: 2 | R74: 0 | S74: 9946 | T74: 4 | U74: 5 | V74: 0 | W74: 9870 | X74: 8595 | Z74: 6000000 | AA74: 0 | AB74: 0 | AC74: 0 | AD74: 0 | AE74: 1031 | AF74: 1071 | AG74: 373 | AH74: 374 | AI74: 375 | AJ74: 0 | AK74: 粮仓是公会用来存放粮食的建筑，粮仓等级越高，公会粮食上限也越高。
A75: 12 | B75: 粮仓 | C75: 5 | D75: 5 | E75: 1 | F75: 200 | G75: =VLOOKUP(A75,资源索引!$A$2:$F$29,2,FALSE)*VLOOKUP(C75+1,资源索引!$I$1:$J$6,2,FALSE) -> 1440000 | H75: =SUM(G$70:G75) -> 3200000 | I75: =VLOOKUP(A75,资源索引!$A$2:$F$29,3,FALSE)*VLOOKUP(C75+1,资源索引!$I$1:$J$6,2,FALSE) -> 720000 | J75: =SUM(I$70:I75) -> 1600000 | K75: =VLOOKUP(A75,资源索引!$A$2:$F$29,4,FALSE)*VLOOKUP(C75+1,资源索引!$I$1:$J$6,2,FALSE) -> 720000 | L75: =SUM(K$70:K75) -> 1600000 | M75: =VLOOKUP(A75,资源索引!$A$2:$F$29,5,FALSE)*VLOOKUP(C75+1,资源索引!$I$1:$J$6,2,FALSE) -> 720000 | N75: =SUM(M$70:M75) -> 1600000 | O75: =VLOOKUP(A75,资源索引!$A$2:$F$29,6,FALSE)*VLOOKUP(C75+1,资源索引!$I$1:$J$6,2,FALSE) -> 720000 | P75: =SUM(O$70:O75) -> 1600000 | Q75: 2 | R75: 0 | S75: 9946 | T75: 4 | U75: 6 | V75: 0 | W75: 9871 | X75: 8595 | Z75: 8000000 | AA75: 0 | AB75: 0 | AC75: 0 | AD75: 0 | AE75: 1031 | AF75: 1071 | AG75: 376 | AH75: 377 | AI75: 378 | AJ75: 0 | AK75: 粮仓是公会用来存放粮食的建筑，粮仓等级越高，公会粮食上限也越高。
A76: 13 | B76: 木仓 | C76: 0 | D76: 5 | E76: 1 | F76: 50 | G76: =VLOOKUP(A76,资源索引!$A$2:$F$29,2,FALSE)*VLOOKUP(C76+1,资源索引!$I$1:$J$6,2,FALSE) -> 80000 | H76: =SUM(G$76:G76) -> 80000 | I76: =VLOOKUP(A76,资源索引!$A$2:$F$29,3,FALSE)*VLOOKUP(C76+1,资源索引!$I$1:$J$6,2,FALSE) -> 40000 | J76: =SUM(I$76:I76) -> 40000 | K76: =VLOOKUP(A76,资源索引!$A$2:$F$29,4,FALSE)*VLOOKUP(C76+1,资源索引!$I$1:$J$6,2,FALSE) -> 40000 | L76: =SUM(K$76:K76) -> 40000 | M76: =VLOOKUP(A76,资源索引!$A$2:$F$29,5,FALSE)*VLOOKUP(C76+1,资源索引!$I$1:$J$6,2,FALSE) -> 40000 | N76: =SUM(M$76:M76) -> 40000 | O76: =VLOOKUP(A76,资源索引!$A$2:$F$29,6,FALSE)*VLOOKUP(C76+1,资源索引!$I$1:$J$6,2,FALSE) -> 40000 | P76: =SUM(O$76:O76) -> 40000 | Q76: 2 | R76: 0 | S76: 9946 | T76: 4 | U76: 1 | V76: 0 | W76: 9946 | X76: 8598 | Z76: 600000 | AA76: 0 | AB76: 0 | AC76: 0 | AD76: 0 | AE76: 1032 | AF76: 1072 | AJ76: 0 | AK76: 木仓是公会用来存放木材的建筑，木仓等级越高，公会木材上限也越高。
A77: 13 | B77: 木仓 | C77: 1 | D77: 5 | E77: 1 | F77: 80 | G77: =VLOOKUP(A77,资源索引!$A$2:$F$29,2,FALSE)*VLOOKUP(C77+1,资源索引!$I$1:$J$6,2,FALSE) -> 140000 | H77: =SUM(G$76:G77) -> 220000 | I77: =VLOOKUP(A77,资源索引!$A$2:$F$29,3,FALSE)*VLOOKUP(C77+1,资源索引!$I$1:$J$6,2,FALSE) -> 70000 | J77: =SUM(I$76:I77) -> 110000 | K77: =VLOOKUP(A77,资源索引!$A$2:$F$29,4,FALSE)*VLOOKUP(C77+1,资源索引!$I$1:$J$6,2,FALSE) -> 70000 | L77: =SUM(K$76:K77) -> 110000 | M77: =VLOOKUP(A77,资源索引!$A$2:$F$29,5,FALSE)*VLOOKUP(C77+1,资源索引!$I$1:$J$6,2,FALSE) -> 70000 | N77: =SUM(M$76:M77) -> 110000 | O77: =VLOOKUP(A77,资源索引!$A$2:$F$29,6,FALSE)*VLOOKUP(C77+1,资源索引!$I$1:$J$6,2,FALSE) -> 70000 | P77: =SUM(O$76:O77) -> 110000 | Q77: 2 | R77: 0 | S77: 9946 | T77: 4 | U77: 2 | V77: 0 | W77: 9873 | X77: 8598 | Z77: 1200000 | AA77: 0 | AB77: 0 | AC77: 0 | AD77: 0 | AE77: 1032 | AF77: 1072 | AG77: 370 | AH77: 371 | AI77: 372 | AJ77: 0 | AK77: 木仓是公会用来存放木材的建筑，木仓等级越高，公会木材上限也越高。
A78: 13 | B78: 木仓 | C78: 2 | D78: 5 | E78: 1 | F78: 110 | G78: =VLOOKUP(A78,资源索引!$A$2:$F$29,2,FALSE)*VLOOKUP(C78+1,资源索引!$I$1:$J$6,2,FALSE) -> 260000 | H78: =SUM(G$76:G78) -> 480000 | I78: =VLOOKUP(A78,资源索引!$A$2:$F$29,3,FALSE)*VLOOKUP(C78+1,资源索引!$I$1:$J$6,2,FALSE) -> 130000 | J78: =SUM(I$76:I78) -> 240000 | K78: =VLOOKUP(A78,资源索引!$A$2:$F$29,4,FALSE)*VLOOKUP(C78+1,资源索引!$I$1:$J$6,2,FALSE) -> 130000 | L78: =SUM(K$76:K78) -> 240000 | M78: =VLOOKUP(A78,资源索引!$A$2:$F$29,5,FALSE)*VLOOKUP(C78+1,资源索引!$I$1:$J$6,2,FALSE) -> 130000 | N78: =SUM(M$76:M78) -> 240000 | O78: =VLOOKUP(A78,资源索引!$A$2:$F$29,6,FALSE)*VLOOKUP(C78+1,资源索引!$I$1:$J$6,2,FALSE) -> 130000 | P78: =SUM(O$76:O78) -> 240000 | Q78: 2 | R78: 0 | S78: 9946 | T78: 4 | U78: 3 | V78: 0 | W78: 9874 | X78: 8598 | Z78: 2400000 | AA78: 0 | AB78: 0 | AC78: 0 | AD78: 0 | AE78: 1032 | AF78: 1072 | AG78: 370 | AH78: 371 | AI78: 372 | AJ78: 0 | AK78: 木仓是公会用来存放木材的建筑，木仓等级越高，公会木材上限也越高。
A79: 13 | B79: 木仓 | C79: 3 | D79: 5 | E79: 1 | F79: 140 | G79: =VLOOKUP(A79,资源索引!$A$2:$F$29,2,FALSE)*VLOOKUP(C79+1,资源索引!$I$1:$J$6,2,FALSE) -> 480000 | H79: =SUM(G$76:G79) -> 960000 | I79: =VLOOKUP(A79,资源索引!$A$2:$F$29,3,FALSE)*VLOOKUP(C79+1,资源索引!$I$1:$J$6,2,FALSE) -> 240000 | J79: =SUM(I$76:I79) -> 480000 | K79: =VLOOKUP(A79,资源索引!$A$2:$F$29,4,FALSE)*VLOOKUP(C79+1,资源索引!$I$1:$J$6,2,FALSE) -> 240000 | L79: =SUM(K$76:K79) -> 480000 | M79: =VLOOKUP(A79,资源索引!$A$2:$F$29,5,FALSE)*VLOOKUP(C79+1,资源索引!$I$1:$J$6,2,FALSE) -> 240000 | N79: =SUM(M$76:M79) -> 480000 | O79: =VLOOKUP(A79,资源索引!$A$2:$F$29,6,FALSE)*VLOOKUP(C79+1,资源索引!$I$1:$J$6,2,FALSE) -> 240000 | P79: =SUM(O$76:O79) -> 480000 | Q79: 2 | R79: 0 | S79: 9946 | T79: 4 | U79: 4 | V79: 0 | W79: 9875 | X79: 8598 | Z79: 4000000 | AA79: 0 | AB79: 0 | AC79: 0 | AD79: 0 | AE79: 1032 | AF79: 1072 | AG79: 373 | AH79: 374 | AI79: 375 | AJ79: 0 | AK79: 木仓是公会用来存放木材的建筑，木仓等级越高，公会木材上限也越高。
A80: 13 | B80: 木仓 | C80: 4 | D80: 5 | E80: 1 | F80: 170 | G80: =VLOOKUP(A80,资源索引!$A$2:$F$29,2,FALSE)*VLOOKUP(C80+1,资源索引!$I$1:$J$6,2,FALSE) -> 800000 | H80: =SUM(G$76:G80) -> 1760000 | I80: =VLOOKUP(A80,资源索引!$A$2:$F$29,3,FALSE)*VLOOKUP(C80+1,资源索引!$I$1:$J$6,2,FALSE) -> 400000 | J80: =SUM(I$76:I80) -> 880000 | K80: =VLOOKUP(A80,资源索引!$A$2:$F$29,4,FALSE)*VLOOKUP(C80+1,资源索引!$I$1:$J$6,2,FALSE) -> 400000 | L80: =SUM(K$76:K80) -> 880000 | M80: =VLOOKUP(A80,资源索引!$A$2:$F$29,5,FALSE)*VLOOKUP(C80+1,资源索引!$I$1:$J$6,2,FALSE) -> 400000 | N80: =SUM(M$76:M80) -> 880000 | O80: =VLOOKUP(A80,资源索引!$A$2:$F$29,6,FALSE)*VLOOKUP(C80+1,资源索引!$I$1:$J$6,2,FALSE) -> 400000 | P80: =SUM(O$76:O80) -> 880000 | Q80: 2 | R80: 0 | S80: 9946 | T80: 4 | U80: 5 | V80: 0 | W80: 9876 | X80: 8598 | Z80: 6000000 | AA80: 0 | AB80: 0 | AC80: 0 | AD80: 0 | AE80: 1032 | AF80: 1072 | AG80: 373 | AH80: 374 | AI80: 375 | AJ80: 0 | AK80: 木仓是公会用来存放木材的建筑，木仓等级越高，公会木材上限也越高。
A81: 13 | B81: 木仓 | C81: 5 | D81: 5 | E81: 1 | F81: 200 | G81: =VLOOKUP(A81,资源索引!$A$2:$F$29,2,FALSE)*VLOOKUP(C81+1,资源索引!$I$1:$J$6,2,FALSE) -> 1440000 | H81: =SUM(G$76:G81) -> 3200000 | I81: =VLOOKUP(A81,资源索引!$A$2:$F$29,3,FALSE)*VLOOKUP(C81+1,资源索引!$I$1:$J$6,2,FALSE) -> 720000 | J81: =SUM(I$76:I81) -> 1600000 | K81: =VLOOKUP(A81,资源索引!$A$2:$F$29,4,FALSE)*VLOOKUP(C81+1,资源索引!$I$1:$J$6,2,FALSE) -> 720000 | L81: =SUM(K$76:K81) -> 1600000 | M81: =VLOOKUP(A81,资源索引!$A$2:$F$29,5,FALSE)*VLOOKUP(C81+1,资源索引!$I$1:$J$6,2,FALSE) -> 720000 | N81: =SUM(M$76:M81) -> 1600000 | O81: =VLOOKUP(A81,资源索引!$A$2:$F$29,6,FALSE)*VLOOKUP(C81+1,资源索引!$I$1:$J$6,2,FALSE) -> 720000 | P81: =SUM(O$76:O81) -> 1600000 | Q81: 2 | R81: 0 | S81: 9946 | T81: 4 | U81: 6 | V81: 0 | W81: 9877 | X81: 8598 | Z81: 8000000 | AA81: 0 | AB81: 0 | AC81: 0 | AD81: 0 | AE81: 1032 | AF81: 1072 | AG81: 376 | AH81: 377 | AI81: 378 | AJ81: 0 | AK81: 木仓是公会用来存放木材的建筑，木仓等级越高，公会木材上限也越高。
A82: 14 | B82: 石仓 | C82: 0 | D82: 5 | E82: 1 | F82: 50 | G82: =VLOOKUP(A82,资源索引!$A$2:$F$29,2,FALSE)*VLOOKUP(C82+1,资源索引!$I$1:$J$6,2,FALSE) -> 80000 | H82: =SUM(G$82:G82) -> 80000 | I82: =VLOOKUP(A82,资源索引!$A$2:$F$29,3,FALSE)*VLOOKUP(C82+1,资源索引!$I$1:$J$6,2,FALSE) -> 40000 | J82: =SUM(I$82:I82) -> 40000 | K82: =VLOOKUP(A82,资源索引!$A$2:$F$29,4,FALSE)*VLOOKUP(C82+1,资源索引!$I$1:$J$6,2,FALSE) -> 40000 | L82: =SUM(K$82:K82) -> 40000 | M82: =VLOOKUP(A82,资源索引!$A$2:$F$29,5,FALSE)*VLOOKUP(C82+1,资源索引!$I$1:$J$6,2,FALSE) -> 40000 | N82: =SUM(M$82:M82) -> 40000 | O82: =VLOOKUP(A82,资源索引!$A$2:$F$29,6,FALSE)*VLOOKUP(C82+1,资源索引!$I$1:$J$6,2,FALSE) -> 40000 | P82: =SUM(O$82:O82) -> 40000 | Q82: 2 | R82: 0 | S82: 9946 | T82: 4 | U82: 1 | V82: 0 | W82: 9946 | X82: 4857 | Z82: 600000 | AA82: 0 | AB82: 0 | AC82: 0 | AD82: 0 | AE82: 1033 | AF82: 1073 | AJ82: 0 | AK82: 石仓是公会用来存放石头的建筑，石仓等级越高，公会石料上限也越高。
A83: 14 | B83: 石仓 | C83: 1 | D83: 5 | E83: 1 | F83: 80 | G83: =VLOOKUP(A83,资源索引!$A$2:$F$29,2,FALSE)*VLOOKUP(C83+1,资源索引!$I$1:$J$6,2,FALSE) -> 140000 | H83: =SUM(G$82:G83) -> 220000 | I83: =VLOOKUP(A83,资源索引!$A$2:$F$29,3,FALSE)*VLOOKUP(C83+1,资源索引!$I$1:$J$6,2,FALSE) -> 70000 | J83: =SUM(I$82:I83) -> 110000 | K83: =VLOOKUP(A83,资源索引!$A$2:$F$29,4,FALSE)*VLOOKUP(C83+1,资源索引!$I$1:$J$6,2,FALSE) -> 70000 | L83: =SUM(K$82:K83) -> 110000 | M83: =VLOOKUP(A83,资源索引!$A$2:$F$29,5,FALSE)*VLOOKUP(C83+1,资源索引!$I$1:$J$6,2,FALSE) -> 70000 | N83: =SUM(M$82:M83) -> 110000 | O83: =VLOOKUP(A83,资源索引!$A$2:$F$29,6,FALSE)*VLOOKUP(C83+1,资源索引!$I$1:$J$6,2,FALSE) -> 70000 | P83: =SUM(O$82:O83) -> 110000 | Q83: 2 | R83: 0 | S83: 9946 | T83: 4 | U83: 2 | V83: 0 | W83: 9879 | X83: 4857 | Z83: 1200000 | AA83: 0 | AB83: 0 | AC83: 0 | AD83: 0 | AE83: 1033 | AF83: 1073 | AG83: 370 | AH83: 371 | AI83: 372 | AJ83: 0 | AK83: 石仓是公会用来存放石头的建筑，石仓等级越高，公会石料上限也越高。
A84: 14 | B84: 石仓 | C84: 2 | D84: 5 | E84: 1 | F84: 110 | G84: =VLOOKUP(A84,资源索引!$A$2:$F$29,2,FALSE)*VLOOKUP(C84+1,资源索引!$I$1:$J$6,2,FALSE) -> 260000 | H84: =SUM(G$82:G84) -> 480000 | I84: =VLOOKUP(A84,资源索引!$A$2:$F$29,3,FALSE)*VLOOKUP(C84+1,资源索引!$I$1:$J$6,2,FALSE) -> 130000 | J84: =SUM(I$82:I84) -> 240000 | K84: =VLOOKUP(A84,资源索引!$A$2:$F$29,4,FALSE)*VLOOKUP(C84+1,资源索引!$I$1:$J$6,2,FALSE) -> 130000 | L84: =SUM(K$82:K84) -> 240000 | M84: =VLOOKUP(A84,资源索引!$A$2:$F$29,5,FALSE)*VLOOKUP(C84+1,资源索引!$I$1:$J$6,2,FALSE) -> 130000 | N84: =SUM(M$82:M84) -> 240000 | O84: =VLOOKUP(A84,资源索引!$A$2:$F$29,6,FALSE)*VLOOKUP(C84+1,资源索引!$I$1:$J$6,2,FALSE) -> 130000 | P84: =SUM(O$82:O84) -> 240000 | Q84: 2 | R84: 0 | S84: 9946 | T84: 4 | U84: 3 | V84: 0 | W84: 9880 | X84: 4857 | Z84: 2400000 | AA84: 0 | AB84: 0 | AC84: 0 | AD84: 0 | AE84: 1033 | AF84: 1073 | AG84: 370 | AH84: 371 | AI84: 372 | AJ84: 0 | AK84: 石仓是公会用来存放石头的建筑，石仓等级越高，公会石料上限也越高。
A85: 14 | B85: 石仓 | C85: 3 | D85: 5 | E85: 1 | F85: 140 | G85: =VLOOKUP(A85,资源索引!$A$2:$F$29,2,FALSE)*VLOOKUP(C85+1,资源索引!$I$1:$J$6,2,FALSE) -> 480000 | H85: =SUM(G$82:G85) -> 960000 | I85: =VLOOKUP(A85,资源索引!$A$2:$F$29,3,FALSE)*VLOOKUP(C85+1,资源索引!$I$1:$J$6,2,FALSE) -> 240000 | J85: =SUM(I$82:I85) -> 480000 | K85: =VLOOKUP(A85,资源索引!$A$2:$F$29,4,FALSE)*VLOOKUP(C85+1,资源索引!$I$1:$J$6,2,FALSE) -> 240000 | L85: =SUM(K$82:K85) -> 480000 | M85: =VLOOKUP(A85,资源索引!$A$2:$F$29,5,FALSE)*VLOOKUP(C85+1,资源索引!$I$1:$J$6,2,FALSE) -> 240000 | N85: =SUM(M$82:M85) -> 480000 | O85: =VLOOKUP(A85,资源索引!$A$2:$F$29,6,FALSE)*VLOOKUP(C85+1,资源索引!$I$1:$J$6,2,FALSE) -> 240000 | P85: =SUM(O$82:O85) -> 480000 | Q85: 2 | R85: 0 | S85: 9946 | T85: 4 | U85: 4 | V85: 0 | W85: 9881 | X85: 4857 | Z85: 4000000 | AA85: 0 | AB85: 0 | AC85: 0 | AD85: 0 | AE85: 1033 | AF85: 1073 | AG85: 373 | AH85: 374 | AI85: 375 | AJ85: 0 | AK85: 石仓是公会用来存放石头的建筑，石仓等级越高，公会石料上限也越高。
A86: 14 | B86: 石仓 | C86: 4 | D86: 5 | E86: 1 | F86: 170 | G86: =VLOOKUP(A86,资源索引!$A$2:$F$29,2,FALSE)*VLOOKUP(C86+1,资源索引!$I$1:$J$6,2,FALSE) -> 800000 | H86: =SUM(G$82:G86) -> 1760000 | I86: =VLOOKUP(A86,资源索引!$A$2:$F$29,3,FALSE)*VLOOKUP(C86+1,资源索引!$I$1:$J$6,2,FALSE) -> 400000 | J86: =SUM(I$82:I86) -> 880000 | K86: =VLOOKUP(A86,资源索引!$A$2:$F$29,4,FALSE)*VLOOKUP(C86+1,资源索引!$I$1:$J$6,2,FALSE) -> 400000 | L86: =SUM(K$82:K86) -> 880000 | M86: =VLOOKUP(A86,资源索引!$A$2:$F$29,5,FALSE)*VLOOKUP(C86+1,资源索引!$I$1:$J$6,2,FALSE) -> 400000 | N86: =SUM(M$82:M86) -> 880000 | O86: =VLOOKUP(A86,资源索引!$A$2:$F$29,6,FALSE)*VLOOKUP(C86+1,资源索引!$I$1:$J$6,2,FALSE) -> 400000 | P86: =SUM(O$82:O86) -> 880000 | Q86: 2 | R86: 0 | S86: 9946 | T86: 4 | U86: 5 | V86: 0 | W86: 9882 | X86: 4857 | Z86: 6000000 | AA86: 0 | AB86: 0 | AC86: 0 | AD86: 0 | AE86: 1033 | AF86: 1073 | AG86: 373 | AH86: 374 | AI86: 375 | AJ86: 0 | AK86: 石仓是公会用来存放石头的建筑，石仓等级越高，公会石料上限也越高。
A87: 14 | B87: 石仓 | C87: 5 | D87: 5 | E87: 1 | F87: 200 | G87: =VLOOKUP(A87,资源索引!$A$2:$F$29,2,FALSE)*VLOOKUP(C87+1,资源索引!$I$1:$J$6,2,FALSE) -> 1440000 | H87: =SUM(G$82:G87) -> 3200000 | I87: =VLOOKUP(A87,资源索引!$A$2:$F$29,3,FALSE)*VLOOKUP(C87+1,资源索引!$I$1:$J$6,2,FALSE) -> 720000 | J87: =SUM(I$82:I87) -> 1600000 | K87: =VLOOKUP(A87,资源索引!$A$2:$F$29,4,FALSE)*VLOOKUP(C87+1,资源索引!$I$1:$J$6,2,FALSE) -> 720000 | L87: =SUM(K$82:K87) -> 1600000 | M87: =VLOOKUP(A87,资源索引!$A$2:$F$29,5,FALSE)*VLOOKUP(C87+1,资源索引!$I$1:$J$6,2,FALSE) -> 720000 | N87: =SUM(M$82:M87) -> 1600000 | O87: =VLOOKUP(A87,资源索引!$A$2:$F$29,6,FALSE)*VLOOKUP(C87+1,资源索引!$I$1:$J$6,2,FALSE) -> 720000 | P87: =SUM(O$82:O87) -> 1600000 | Q87: 2 | R87: 0 | S87: 9946 | T87: 4 | U87: 6 | V87: 0 | W87: 9883 | X87: 4857 | Z87: 8000000 | AA87: 0 | AB87: 0 | AC87: 0 | AD87: 0 | AE87: 1033 | AF87: 1073 | AG87: 376 | AH87: 377 | AI87: 378 | AJ87: 0 | AK87: 石仓是公会用来存放石头的建筑，石仓等级越高，公会石料上限也越高。
A88: 15 | B88: 矿仓 | C88: 0 | D88: 5 | E88: 1 | F88: 50 | G88: =VLOOKUP(A88,资源索引!$A$2:$F$29,2,FALSE)*VLOOKUP(C88+1,资源索引!$I$1:$J$6,2,FALSE) -> 80000 | H88: =SUM(G$88:G88) -> 80000 | I88: =VLOOKUP(A88,资源索引!$A$2:$F$29,3,FALSE)*VLOOKUP(C88+1,资源索引!$I$1:$J$6,2,FALSE) -> 40000 | J88: =SUM(I$88:I88) -> 40000 | K88: =VLOOKUP(A88,资源索引!$A$2:$F$29,4,FALSE)*VLOOKUP(C88+1,资源索引!$I$1:$J$6,2,FALSE) -> 40000 | L88: =SUM(K$88:K88) -> 40000 | M88: =VLOOKUP(A88,资源索引!$A$2:$F$29,5,FALSE)*VLOOKUP(C88+1,资源索引!$I$1:$J$6,2,FALSE) -> 40000 | N88: =SUM(M$88:M88) -> 40000 | O88: =VLOOKUP(A88,资源索引!$A$2:$F$29,6,FALSE)*VLOOKUP(C88+1,资源索引!$I$1:$J$6,2,FALSE) -> 40000 | P88: =SUM(O$88:O88) -> 40000 | Q88: 2 | R88: 0 | S88: 9946 | T88: 4 | U88: 1 | V88: 0 | W88: 9946 | X88: 8600 | Z88: 600000 | AA88: 0 | AB88: 0 | AC88: 0 | AD88: 0 | AE88: 1034 | AF88: 1074 | AJ88: 0 | AK88: 矿仓是公会用来存放铁矿的建筑，矿仓等级越高，公会铁矿上限也越高。
A89: 15 | B89: 矿仓 | C89: 1 | D89: 5 | E89: 1 | F89: 80 | G89: =VLOOKUP(A89,资源索引!$A$2:$F$29,2,FALSE)*VLOOKUP(C89+1,资源索引!$I$1:$J$6,2,FALSE) -> 140000 | H89: =SUM(G$88:G89) -> 220000 | I89: =VLOOKUP(A89,资源索引!$A$2:$F$29,3,FALSE)*VLOOKUP(C89+1,资源索引!$I$1:$J$6,2,FALSE) -> 70000 | J89: =SUM(I$88:I89) -> 110000 | K89: =VLOOKUP(A89,资源索引!$A$2:$F$29,4,FALSE)*VLOOKUP(C89+1,资源索引!$I$1:$J$6,2,FALSE) -> 70000 | L89: =SUM(K$88:K89) -> 110000 | M89: =VLOOKUP(A89,资源索引!$A$2:$F$29,5,FALSE)*VLOOKUP(C89+1,资源索引!$I$1:$J$6,2,FALSE) -> 70000 | N89: =SUM(M$88:M89) -> 110000 | O89: =VLOOKUP(A89,资源索引!$A$2:$F$29,6,FALSE)*VLOOKUP(C89+1,资源索引!$I$1:$J$6,2,FALSE) -> 70000 | P89: =SUM(O$88:O89) -> 110000 | Q89: 2 | R89: 0 | S89: 9946 | T89: 4 | U89: 2 | V89: 0 | W89: 9885 | X89: 8600 | Z89: 1200000 | AA89: 0 | AB89: 0 | AC89: 0 | AD89: 0 | AE89: 1034 | AF89: 1074 | AG89: 370 | AH89: 371 | AI89: 372 | AJ89: 0 | AK89: 矿仓是公会用来存放铁矿的建筑，矿仓等级越高，公会铁矿上限也越高。
A90: 15 | B90: 矿仓 | C90: 2 | D90: 5 | E90: 1 | F90: 110 | G90: =VLOOKUP(A90,资源索引!$A$2:$F$29,2,FALSE)*VLOOKUP(C90+1,资源索引!$I$1:$J$6,2,FALSE) -> 260000 | H90: =SUM(G$88:G90) -> 480000 | I90: =VLOOKUP(A90,资源索引!$A$2:$F$29,3,FALSE)*VLOOKUP(C90+1,资源索引!$I$1:$J$6,2,FALSE) -> 130000 | J90: =SUM(I$88:I90) -> 240000 | K90: =VLOOKUP(A90,资源索引!$A$2:$F$29,4,FALSE)*VLOOKUP(C90+1,资源索引!$I$1:$J$6,2,FALSE) -> 130000 | L90: =SUM(K$88:K90) -> 240000 | M90: =VLOOKUP(A90,资源索引!$A$2:$F$29,5,FALSE)*VLOOKUP(C90+1,资源索引!$I$1:$J$6,2,FALSE) -> 130000 | N90: =SUM(M$88:M90) -> 240000 | O90: =VLOOKUP(A90,资源索引!$A$2:$F$29,6,FALSE)*VLOOKUP(C90+1,资源索引!$I$1:$J$6,2,FALSE) -> 130000 | P90: =SUM(O$88:O90) -> 240000 | Q90: 2 | R90: 0 | S90: 9946 | T90: 4 | U90: 3 | V90: 0 | W90: 9886 | X90: 8600 | Z90: 2400000 | AA90: 0 | AB90: 0 | AC90: 0 | AD90: 0 | AE90: 1034 | AF90: 1074 | AG90: 370 | AH90: 371 | AI90: 372 | AJ90: 0 | AK90: 矿仓是公会用来存放铁矿的建筑，矿仓等级越高，公会铁矿上限也越高。
A91: 15 | B91: 矿仓 | C91: 3 | D91: 5 | E91: 1 | F91: 140 | G91: =VLOOKUP(A91,资源索引!$A$2:$F$29,2,FALSE)*VLOOKUP(C91+1,资源索引!$I$1:$J$6,2,FALSE) -> 480000 | H91: =SUM(G$88:G91) -> 960000 | I91: =VLOOKUP(A91,资源索引!$A$2:$F$29,3,FALSE)*VLOOKUP(C91+1,资源索引!$I$1:$J$6,2,FALSE) -> 240000 | J91: =SUM(I$88:I91) -> 480000 | K91: =VLOOKUP(A91,资源索引!$A$2:$F$29,4,FALSE)*VLOOKUP(C91+1,资源索引!$I$1:$J$6,2,FALSE) -> 240000 | L91: =SUM(K$88:K91) -> 480000 | M91: =VLOOKUP(A91,资源索引!$A$2:$F$29,5,FALSE)*VLOOKUP(C91+1,资源索引!$I$1:$J$6,2,FALSE) -> 240000 | N91: =SUM(M$88:M91) -> 480000 | O91: =VLOOKUP(A91,资源索引!$A$2:$F$29,6,FALSE)*VLOOKUP(C91+1,资源索引!$I$1:$J$6,2,FALSE) -> 240000 | P91: =SUM(O$88:O91) -> 480000 | Q91: 2 | R91: 0 | S91: 9946 | T91: 4 | U91: 4 | V91: 0 | W91: 9887 | X91: 8600 | Z91: 4000000 | AA91: 0 | AB91: 0 | AC91: 0 | AD91: 0 | AE91: 1034 | AF91: 1074 | AG91: 373 | AH91: 374 | AI91: 375 | AJ91: 0 | AK91: 矿仓是公会用来存放铁矿的建筑，矿仓等级越高，公会铁矿上限也越高。
A92: 15 | B92: 矿仓 | C92: 4 | D92: 5 | E92: 1 | F92: 170 | G92: =VLOOKUP(A92,资源索引!$A$2:$F$29,2,FALSE)*VLOOKUP(C92+1,资源索引!$I$1:$J$6,2,FALSE) -> 800000 | H92: =SUM(G$88:G92) -> 1760000 | I92: =VLOOKUP(A92,资源索引!$A$2:$F$29,3,FALSE)*VLOOKUP(C92+1,资源索引!$I$1:$J$6,2,FALSE) -> 400000 | J92: =SUM(I$88:I92) -> 880000 | K92: =VLOOKUP(A92,资源索引!$A$2:$F$29,4,FALSE)*VLOOKUP(C92+1,资源索引!$I$1:$J$6,2,FALSE) -> 400000 | L92: =SUM(K$88:K92) -> 880000 | M92: =VLOOKUP(A92,资源索引!$A$2:$F$29,5,FALSE)*VLOOKUP(C92+1,资源索引!$I$1:$J$6,2,FALSE) -> 400000 | N92: =SUM(M$88:M92) -> 880000 | O92: =VLOOKUP(A92,资源索引!$A$2:$F$29,6,FALSE)*VLOOKUP(C92+1,资源索引!$I$1:$J$6,2,FALSE) -> 400000 | P92: =SUM(O$88:O92) -> 880000 | Q92: 2 | R92: 0 | S92: 9946 | T92: 4 | U92: 5 | V92: 0 | W92: 9888 | X92: 8600 | Z92: 6000000 | AA92: 0 | AB92: 0 | AC92: 0 | AD92: 0 | AE92: 1034 | AF92: 1074 | AG92: 373 | AH92: 374 | AI92: 375 | AJ92: 0 | AK92: 矿仓是公会用来存放铁矿的建筑，矿仓等级越高，公会铁矿上限也越高。
A93: 15 | B93: 矿仓 | C93: 5 | D93: 5 | E93: 1 | F93: 200 | G93: =VLOOKUP(A93,资源索引!$A$2:$F$29,2,FALSE)*VLOOKUP(C93+1,资源索引!$I$1:$J$6,2,FALSE) -> 1440000 | H93: =SUM(G$88:G93) -> 3200000 | I93: =VLOOKUP(A93,资源索引!$A$2:$F$29,3,FALSE)*VLOOKUP(C93+1,资源索引!$I$1:$J$6,2,FALSE) -> 720000 | J93: =SUM(I$88:I93) -> 1600000 | K93: =VLOOKUP(A93,资源索引!$A$2:$F$29,4,FALSE)*VLOOKUP(C93+1,资源索引!$I$1:$J$6,2,FALSE) -> 720000 | L93: =SUM(K$88:K93) -> 1600000 | M93: =VLOOKUP(A93,资源索引!$A$2:$F$29,5,FALSE)*VLOOKUP(C93+1,资源索引!$I$1:$J$6,2,FALSE) -> 720000 | N93: =SUM(M$88:M93) -> 1600000 | O93: =VLOOKUP(A93,资源索引!$A$2:$F$29,6,FALSE)*VLOOKUP(C93+1,资源索引!$I$1:$J$6,2,FALSE) -> 720000 | P93: =SUM(O$88:O93) -> 1600000 | Q93: 2 | R93: 0 | S93: 9946 | T93: 4 | U93: 6 | V93: 0 | W93: 9889 | X93: 8600 | Z93: 8000000 | AA93: 0 | AB93: 0 | AC93: 0 | AD93: 0 | AE93: 1034 | AF93: 1074 | AG93: 376 | AH93: 377 | AI93: 378 | AJ93: 0 | AK93: 矿仓是公会用来存放铁矿的建筑，矿仓等级越高，公会铁矿上限也越高。
A94: 16 | B94: 城门 | C94: 0 | D94: 5 | E94: 1 | F94: 50 | G94: =VLOOKUP(A94,资源索引!$A$2:$F$29,2,FALSE)*VLOOKUP(C94+1,资源索引!$I$1:$J$6,2,FALSE) -> 40000 | H94: =SUM(G$94:G94) -> 40000 | I94: =VLOOKUP(A94,资源索引!$A$2:$F$29,3,FALSE)*VLOOKUP(C94+1,资源索引!$I$1:$J$6,2,FALSE) -> 40000 | J94: =SUM(I$94:I94) -> 40000 | K94: =VLOOKUP(A94,资源索引!$A$2:$F$29,4,FALSE)*VLOOKUP(C94+1,资源索引!$I$1:$J$6,2,FALSE) -> 40000 | L94: =SUM(K$94:K94) -> 40000 | M94: =VLOOKUP(A94,资源索引!$A$2:$F$29,5,FALSE)*VLOOKUP(C94+1,资源索引!$I$1:$J$6,2,FALSE) -> 40000 | N94: =SUM(M$94:M94) -> 40000 | O94: =VLOOKUP(A94,资源索引!$A$2:$F$29,6,FALSE)*VLOOKUP(C94+1,资源索引!$I$1:$J$6,2,FALSE) -> 40000 | P94: =SUM(O$94:O94) -> 40000 | Q94: 2 | R94: 0 | S94: 0 | T94: 0 | U94: 1 | V94: 0 | W94: 9946 | Z94: 40000 | AA94: 0 | AB94: 0 | AC94: 0 | AD94: 0 | AE94: 1035 | AF94: 1075 | AJ94: 0 | AK94: 城门是公会属地的防御建筑，公会战开始后，敌对玩家无法通过城门。公会等级越高，城门防御越高。
A95: 16 | B95: 城门 | C95: 1 | D95: 5 | E95: 1 | F95: 80 | G95: =VLOOKUP(A95,资源索引!$A$2:$F$29,2,FALSE)*VLOOKUP(C95+1,资源索引!$I$1:$J$6,2,FALSE) -> 70000 | H95: =SUM(G$94:G95) -> 110000 | I95: =VLOOKUP(A95,资源索引!$A$2:$F$29,3,FALSE)*VLOOKUP(C95+1,资源索引!$I$1:$J$6,2,FALSE) -> 70000 | J95: =SUM(I$94:I95) -> 110000 | K95: =VLOOKUP(A95,资源索引!$A$2:$F$29,4,FALSE)*VLOOKUP(C95+1,资源索引!$I$1:$J$6,2,FALSE) -> 70000 | L95: =SUM(K$94:K95) -> 110000 | M95: =VLOOKUP(A95,资源索引!$A$2:$F$29,5,FALSE)*VLOOKUP(C95+1,资源索引!$I$1:$J$6,2,FALSE) -> 70000 | N95: =SUM(M$94:M95) -> 110000 | O95: =VLOOKUP(A95,资源索引!$A$2:$F$29,6,FALSE)*VLOOKUP(C95+1,资源索引!$I$1:$J$6,2,FALSE) -> 70000 | P95: =SUM(O$94:O95) -> 110000 | Q95: 2 | R95: 0 | S95: 0 | T95: 0 | U95: 2 | V95: 0 | W95: 9897 | Z95: 40000 | AA95: 0 | AB95: 0 | AC95: 0 | AD95: 0 | AE95: 1035 | AF95: 1075 | AG95: 388 | AH95: 389 | AI95: 390 | AJ95: 0 | AK95: 城门是公会属地的防御建筑，公会战开始后，敌对玩家无法通过城门。公会等级越高，城门防御越高。
A96: 16 | B96: 城门 | C96: 2 | D96: 5 | E96: 1 | F96: 110 | G96: =VLOOKUP(A96,资源索引!$A$2:$F$29,2,FALSE)*VLOOKUP(C96+1,资源索引!$I$1:$J$6,2,FALSE) -> 130000 | H96: =SUM(G$94:G96) -> 240000 | I96: =VLOOKUP(A96,资源索引!$A$2:$F$29,3,FALSE)*VLOOKUP(C96+1,资源索引!$I$1:$J$6,2,FALSE) -> 130000 | J96: =SUM(I$94:I96) -> 240000 | K96: =VLOOKUP(A96,资源索引!$A$2:$F$29,4,FALSE)*VLOOKUP(C96+1,资源索引!$I$1:$J$6,2,FALSE) -> 130000 | L96: =SUM(K$94:K96) -> 240000 | M96: =VLOOKUP(A96,资源索引!$A$2:$F$29,5,FALSE)*VLOOKUP(C96+1,资源索引!$I$1:$J$6,2,FALSE) -> 130000 | N96: =SUM(M$94:M96) -> 240000 | O96: =VLOOKUP(A96,资源索引!$A$2:$F$29,6,FALSE)*VLOOKUP(C96+1,资源索引!$I$1:$J$6,2,FALSE) -> 130000 | P96: =SUM(O$94:O96) -> 240000 | Q96: 2 | R96: 0 | S96: 0 | T96: 0 | U96: 3 | V96: 0 | W96: 9898 | Z96: 100000 | AA96: 0 | AB96: 0 | AC96: 0 | AD96: 0 | AE96: 1035 | AF96: 1075 | AG96: 388 | AH96: 389 | AI96: 390 | AJ96: 0 | AK96: 城门是公会属地的防御建筑，公会战开始后，敌对玩家无法通过城门。公会等级越高，城门防御越高。
A97: 16 | B97: 城门 | C97: 3 | D97: 5 | E97: 1 | F97: 140 | G97: =VLOOKUP(A97,资源索引!$A$2:$F$29,2,FALSE)*VLOOKUP(C97+1,资源索引!$I$1:$J$6,2,FALSE) -> 240000 | H97: =SUM(G$94:G97) -> 480000 | I97: =VLOOKUP(A97,资源索引!$A$2:$F$29,3,FALSE)*VLOOKUP(C97+1,资源索引!$I$1:$J$6,2,FALSE) -> 240000 | J97: =SUM(I$94:I97) -> 480000 | K97: =VLOOKUP(A97,资源索引!$A$2:$F$29,4,FALSE)*VLOOKUP(C97+1,资源索引!$I$1:$J$6,2,FALSE) -> 240000 | L97: =SUM(K$94:K97) -> 480000 | M97: =VLOOKUP(A97,资源索引!$A$2:$F$29,5,FALSE)*VLOOKUP(C97+1,资源索引!$I$1:$J$6,2,FALSE) -> 240000 | N97: =SUM(M$94:M97) -> 480000 | O97: =VLOOKUP(A97,资源索引!$A$2:$F$29,6,FALSE)*VLOOKUP(C97+1,资源索引!$I$1:$J$6,2,FALSE) -> 240000 | P97: =SUM(O$94:O97) -> 480000 | Q97: 2 | R97: 0 | S97: 0 | T97: 0 | U97: 4 | V97: 0 | W97: 9899 | Z97: 200000 | AA97: 0 | AB97: 0 | AC97: 0 | AD97: 0 | AE97: 1035 | AF97: 1075 | AG97: 391 | AH97: 392 | AI97: 393 | AJ97: 0 | AK97: 城门是公会属地的防御建筑，公会战开始后，敌对玩家无法通过城门。公会等级越高，城门防御越高。
A98: 16 | B98: 城门 | C98: 4 | D98: 5 | E98: 1 | F98: 170 | G98: =VLOOKUP(A98,资源索引!$A$2:$F$29,2,FALSE)*VLOOKUP(C98+1,资源索引!$I$1:$J$6,2,FALSE) -> 400000 | H98: =SUM(G$94:G98) -> 880000 | I98: =VLOOKUP(A98,资源索引!$A$2:$F$29,3,FALSE)*VLOOKUP(C98+1,资源索引!$I$1:$J$6,2,FALSE) -> 400000 | J98: =SUM(I$94:I98) -> 880000 | K98: =VLOOKUP(A98,资源索引!$A$2:$F$29,4,FALSE)*VLOOKUP(C98+1,资源索引!$I$1:$J$6,2,FALSE) -> 400000 | L98: =SUM(K$94:K98) -> 880000 | M98: =VLOOKUP(A98,资源索引!$A$2:$F$29,5,FALSE)*VLOOKUP(C98+1,资源索引!$I$1:$J$6,2,FALSE) -> 400000 | N98: =SUM(M$94:M98) -> 880000 | O98: =VLOOKUP(A98,资源索引!$A$2:$F$29,6,FALSE)*VLOOKUP(C98+1,资源索引!$I$1:$J$6,2,FALSE) -> 400000 | P98: =SUM(O$94:O98) -> 880000 | Q98: 2 | R98: 0 | S98: 0 | T98: 0 | U98: 5 | V98: 0 | W98: 9900 | Z98: 400000 | AA98: 0 | AB98: 0 | AC98: 0 | AD98: 0 | AE98: 1035 | AF98: 1075 | AG98: 391 | AH98: 392 | AI98: 393 | AJ98: 0 | AK98: 城门是公会属地的防御建筑，公会战开始后，敌对玩家无法通过城门。公会等级越高，城门防御越高。
A99: 16 | B99: 城门 | C99: 5 | D99: 5 | E99: 1 | F99: 200 | G99: =VLOOKUP(A99,资源索引!$A$2:$F$29,2,FALSE)*VLOOKUP(C99+1,资源索引!$I$1:$J$6,2,FALSE) -> 720000 | H99: =SUM(G$94:G99) -> 1600000 | I99: =VLOOKUP(A99,资源索引!$A$2:$F$29,3,FALSE)*VLOOKUP(C99+1,资源索引!$I$1:$J$6,2,FALSE) -> 720000 | J99: =SUM(I$94:I99) -> 1600000 | K99: =VLOOKUP(A99,资源索引!$A$2:$F$29,4,FALSE)*VLOOKUP(C99+1,资源索引!$I$1:$J$6,2,FALSE) -> 720000 | L99: =SUM(K$94:K99) -> 1600000 | M99: =VLOOKUP(A99,资源索引!$A$2:$F$29,5,FALSE)*VLOOKUP(C99+1,资源索引!$I$1:$J$6,2,FALSE) -> 720000 | N99: =SUM(M$94:M99) -> 1600000 | O99: =VLOOKUP(A99,资源索引!$A$2:$F$29,6,FALSE)*VLOOKUP(C99+1,资源索引!$I$1:$J$6,2,FALSE) -> 720000 | P99: =SUM(O$94:O99) -> 1600000 | Q99: 2 | R99: 0 | S99: 0 | T99: 0 | U99: 6 | V99: 0 | W99: 9901 | Z99: 1000000 | AA99: 0 | AB99: 0 | AC99: 0 | AD99: 0 | AE99: 1035 | AF99: 1075 | AG99: 394 | AH99: 395 | AI99: 396 | AJ99: 0 | AK99: 城门是公会属地的防御建筑，公会战开始后，敌对玩家无法通过城门。公会等级越高，城门防御越高。
A100: 17 | B100: 城墙 | C100: 0 | D100: 5 | E100: 1 | F100: 50 | G100: =VLOOKUP(A100,资源索引!$A$2:$F$29,2,FALSE)*VLOOKUP(C100+1,资源索引!$I$1:$J$6,2,FALSE) -> 40000 | H100: =SUM(G$100:G100) -> 40000 | I100: =VLOOKUP(A100,资源索引!$A$2:$F$29,3,FALSE)*VLOOKUP(C100+1,资源索引!$I$1:$J$6,2,FALSE) -> 40000 | J100: =SUM(I$100:I100) -> 40000 | K100: =VLOOKUP(A100,资源索引!$A$2:$F$29,4,FALSE)*VLOOKUP(C100+1,资源索引!$I$1:$J$6,2,FALSE) -> 40000 | L100: =SUM(K$100:K100) -> 40000 | M100: =VLOOKUP(A100,资源索引!$A$2:$F$29,5,FALSE)*VLOOKUP(C100+1,资源索引!$I$1:$J$6,2,FALSE) -> 40000 | N100: =SUM(M$100:M100) -> 40000 | O100: =VLOOKUP(A100,资源索引!$A$2:$F$29,6,FALSE)*VLOOKUP(C100+1,资源索引!$I$1:$J$6,2,FALSE) -> 40000 | P100: =SUM(O$100:O100) -> 40000 | Q100: 2 | R100: 0 | S100: 0 | T100: 0 | U100: 1 | V100: 0 | W100: 9946 | Z100: 40000 | AA100: 0 | AB100: 0 | AC100: 0 | AD100: 0 | AE100: 1036 | AF100: 1076 | AJ100: 0 | AK100: 城墙是公会属地防御建筑，城墙无法被破坏，玩家也无法通过城墙。
...

Sheet Define
A1: 字段名称 | B1: 字段解释 | C1: 备注
A2: ID | B2: 建筑ID
A3: Name | B3: 建筑名称
A4: Level | B4: 建筑等级
A5: MaxLevel | B5: 最高等级
A6: MaxNum | B6: 最大建造数量
A7: Prosperity | B7: 建筑繁荣度
A8: MoneyConsumption | B8: 消耗公会资金
A9: TotalMoneyConsumption | B9: 总消耗资金 | C9: 当前等级之前的所有等级之和（包括当前等级）
A10: HerbConsumption | B10: 消耗粮食
A11: TotalHerbConsumption | B11: 总消耗粮食 | C11: 同上
A12: WoodConsumption | B12: 消耗木材
A13: TotalWoodConsumption | B13: 总消耗木材 | C13: 同上
A14: CrystalConsumption | B14: 消耗石头
A15: TotalCrystalConsumption | B15: 总消耗石头 | C15: 同上
A16: SilverConsumption | B16: 消耗铁矿
A17: TotalSilverConsumption | B17: 总消总铁矿 | C17: 同上
A18: UpgradeTime | B18: 升级时间 | C18: 单位：秒
A19: RoutineConsumption | B19: 维护费用 | C19: 每小时扣除
A20: CdtnBaseNpcID | B20: 基座ID
A21: ConditionBuildingID | B21: 前置建筑ID
A22: ConditionBuildingLvl | B22: 前置建筑等级
A23: UpgradingSpellID | B23: 升级时调用技能
A24: NpcTemplateID | B24: 建筑模型NPCID
A25: ReviveTime | B25: 重生时间
A26: Param1 | B26: 建筑参数 | C26: 居所：P1=增加人员上限 金库：P1=公会资金上限 场地建筑：P1=产量/每小时 仓库建筑：P1=增加资源存储上限
A27: Param2
A28: Param3
A29: Param4
A30: IntruderMsgID | B30: 摧毁后进攻方消息
A31: DefenderMsgID | B31: 摧毁后防守方消息
A32: FewMembersReward | B32: 初级宝箱 | C32: 防守方人数1/3以下
A33: SomeMembersReward | B33: 中级宝箱 | C33: 防守方人数1/3到2/3
A34: ManyMembersReward | B34: 高级宝箱 | C34: 防守方人数2/3以上
A35: Effect
A36: Description | B36: 建筑描述

Sheet Sheet1
A1: ID | B1: Name | C1: Level | D1: MaxLevel | E1: MaxNum | F1: Prosperity | G1: MoneyConsumption | H1: TotalMoneyConsumption | I1: HerbConsumption | J1: TotalHerbConsumption | K1: WoodConsumption | L1: TotalWoodConsumption | M1: CrystalConsumption | N1: TotalCrystalConsumption | O1: SilverConsumption | P1: TotalSilverConsumption | Q1: UpgradeTime | R1: RoutineConsumption | S1: CdtnBaseNpcID | T1: ConditionBuildingID | U1: ConditionBuildingLvl | V1: UpgradingSpellID | W1: NpcTemplateID | X1: DeadNpcTemplateID | Y1: ReviveTime | Z1: Param1 | AA1: Param2 | AB1: Param3 | AC1: Param4 | AD1: IntruderMsgID | AE1: DefenderMsgID | AF1: FewMembersReward | AG1: SomeMembersReward | AH1: ManyMembersReward | AI1: Effect | AJ1: Description
A2: Both | B2: Client | C2: Both | D2: Both | E2: Both | F2: Server | G2: Both | H2: Server | I2: Both | J2: Server | K2: Both | L2: Server | M2: Both | N2: Server | O2: Both | P2: Server | Q2: Both | R2: Both | S2: Both | T2: Both | U2: Both | V2: Both | W2: Both | X2: Server | Y2: Server | Z2: Both | AA2: Both | AB2: Both | AC2: Both | AD2: Server | AE2: Server | AF2: Server | AG2: Server | AH2: Server | AI2: Both | AJ2: Client
A3: 0 | B3: 0 | C3: 0 | D3: 0 | G3: 0 | I3: 0 | K3: 0 | L3: 0 | M3: 0 | N3: 0 | O3: 0 | P3: 0 | Q3: 0 | R3: 0 | S3: 0 | T3: 0 | U3: 0 | V3: 0 | W3: 0 | X3: 0 | Z3: 0 | AA3: 0 | AB3: 0 | AC3: 0 | AI3: 0 | AJ3: 0
A4: 1 | B4: 主殿 | C4: 0 | D4: 6 | E4: 1 | F4: 100 | G4: 0 | H4: 0 | I4: 10 | J4: 0 | K4: 10 | L4: 0 | M4: 10 | N4: 0 | O4: 10 | P4: 0 | Q4: 60 | R4: 0 | S4: 9945 | T4: 0 | U4: 0 | V4: 0 | W4: 9945 | X4: 4859 | Z4: 0 | AA4: 0 | AB4: 0 | AC4: 0 | AD4: 1020 | AE4: 1060 | AI4: 0 | AJ4: 主殿是公会的最核心建筑，升级主殿能提升公会等级，使其能建造更多其他建筑
A5: 1 | B5: 主殿 | C5: 1 | D5: 6 | E5: 1 | F5: 150 | G5: 0 | H5: 0 | I5: 10 | J5: =I4 -> 10 | K5: 10 | L5: =K4 -> 10 | M5: 10 | N5: =M4 -> 10 | O5: 10 | P5: =O4 -> 10 | Q5: 60 | R5: 0 | S5: 9945 | T5: 0 | U5: 0 | V5: 0 | W5: 9801 | X5: 4859 | Z5: 0 | AA5: 0 | AB5: 0 | AC5: 0 | AD5: 1020 | AE5: 1060 | AF5: 361 | AG5: 362 | AH5: 363 | AI5: 0 | AJ5: 主殿是公会的最核心建筑，升级主殿能提升公会等级，使其能建造更多其他建筑
A6: 1 | B6: 主殿 | C6: 2 | D6: 6 | E6: 1 | F6: 200 | G6: 0 | H6: 0 | I6: 50 | J6: =I4+I5 -> 20 | K6: 50 | L6: =K4+K5 -> 20 | M6: 50 | N6: =M4+M5 -> 20 | O6: 50 | P6: =O4+O5 -> 20 | Q6: 120 | R6: 0 | S6: 9945 | T6: 0 | U6: 0 | V6: 0 | W6: 9802 | X6: 4859 | Z6: 0 | AA6: 0 | AB6: 0 | AC6: 0 | AD6: 1020 | AE6: 1060 | AF6: 361 | AG6: 362 | AH6: 363 | AI6: 0 | AJ6: 主殿是公会的最核心建筑，升级主殿能提升公会等级，使其能建造更多其他建筑
A7: 1 | B7: 主殿 | C7: 3 | D7: 6 | E7: 1 | F7: 250 | G7: 0 | H7: 0 | I7: 200 | J7: =I5+I6 -> 60 | K7: 200 | L7: =K5+K6 -> 60 | M7: 200 | N7: =M5+M6 -> 60 | O7: 200 | P7: =O5+O6 -> 60 | Q7: 300 | R7: 0 | S7: 9945 | T7: 0 | U7: 0 | V7: 0 | W7: 9803 | X7: 4859 | Z7: 0 | AA7: 0 | AB7: 0 | AC7: 0 | AD7: 1020 | AE7: 1060 | AF7: 364 | AG7: 365 | AH7: 366 | AI7: 0 | AJ7: 主殿是公会的最核心建筑，升级主殿能提升公会等级，使其能建造更多其他建筑
A8: 1 | B8: 主殿 | C8: 4 | D8: 6 | E8: 1 | F8: 300 | G8: 0 | H8: 0 | I8: 600 | J8: =I6+I7 -> 250 | K8: 600 | L8: =K6+K7 -> 250 | M8: 600 | N8: =M6+M7 -> 250 | O8: 600 | P8: =O6+O7 -> 250 | Q8: 600 | R8: 0 | S8: 9945 | T8: 0 | U8: 0 | V8: 0 | W8: 9804 | X8: 4859 | Z8: 0 | AA8: 0 | AB8: 0 | AC8: 0 | AD8: 1020 | AE8: 1060 | AF8: 364 | AG8: 365 | AH8: 366 | AI8: 0 | AJ8: 主殿是公会的最核心建筑，升级主殿能提升公会等级，使其能建造更多其他建筑
A9: 1 | B9: 主殿 | C9: 5 | D9: 6 | E9: 1 | F9: 350 | G9: 0 | H9: 0 | I9: 2000 | J9: =I7+I8 -> 800 | K9: 2000 | L9: =K7+K8 -> 800 | M9: 2000 | N9: =M7+M8 -> 800 | O9: 2000 | P9: =O7+O8 -> 800 | Q9: 1200 | R9: 0 | S9: 9945 | T9: 0 | U9: 0 | V9: 0 | W9: 9805 | X9: 4859 | Z9: 0 | AA9: 0 | AB9: 0 | AC9: 0 | AD9: 1020 | AE9: 1060 | AF9: 367 | AG9: 368 | AH9: 369 | AI9: 0 | AJ9: 主殿是公会的最核心建筑，升级主殿能提升公会等级，使其能建造更多其他建筑
A10: 1 | B10: 主殿 | C10: 6 | D10: 6 | E10: 1 | F10: 400 | G10: 0 | H10: 0 | I10: 10000 | J10: =I8+I9 -> 2600 | K10: 10000 | L10: =K8+K9 -> 2600 | M10: 10000 | N10: =M8+M9 -> 2600 | O10: 10000 | P10: =O8+O9 -> 2600 | Q10: 3000 | R10: 0 | S10: 9945 | T10: 0 | U10: 0 | V10: 0 | W10: 9806 | X10: 4859 | Z10: 0 | AA10: 0 | AB10: 0 | AC10: 0 | AD10: 1020 | AE10: 1060 | AF10: 367 | AG10: 368 | AH10: 369 | AI10: 0 | AJ10: 主殿是公会的最核心建筑，升级主殿能提升公会等级，使其能建造更多其他建筑
A11: 2 | B11: 商会 | C11: 0 | D11: 6 | E11: 1 | F11: 50 | G11: 0 | H11: 0 | I11: 5 | J11: 0 | K11: 5 | L11: 0 | M11: 5 | N11: 0 | O11: 5 | P11: 0 | Q11: 60 | R11: 0 | S11: 9946 | T11: 1 | U11: 1 | V11: 0 | W11: 9946 | X11: 8594 | Z11: 0 | AA11: 0 | AB11: 0 | AC11: 0 | AD11: 1021 | AE11: 1061 | AI11: 0 | AJ11: 商会是开启护送的重要建筑，商会等级越高，可以护送的货物也就越高
A12: 2 | B12: 商会 | C12: 1 | D12: 6 | E12: 1 | F12: 80 | G12: 0 | H12: 0 | I12: 5 | J12: =I11 -> 5 | K12: 5 | L12: =K11 -> 5 | M12: 5 | N12: =M11 -> 5 | O12: 5 | P12: =O11 -> 5 | Q12: 60 | R12: 0 | S12: 9946 | T12: 1 | U12: 1 | V12: 0 | W12: 9807 | X12: 8594 | Z12: 0 | AA12: 0 | AB12: 0 | AC12: 0 | AD12: 1021 | AE12: 1061 | AF12: 379 | AG12: 380 | AH12: 381 | AI12: 0 | AJ12: 商会是开启护送的重要建筑，商会等级越高，可以护送的货物也就越高
A13: 2 | B13: 商会 | C13: 2 | D13: 6 | E13: 1 | F13: 110 | G13: 0 | H13: 0 | I13: 10 | J13: =I11+I12 -> 10 | K13: 10 | L13: =K11+K12 -> 10 | M13: 10 | N13: =M11+M12 -> 10 | O13: 10 | P13: =O11+O12 -> 10 | Q13: 120 | R13: 0 | S13: 9946 | T13: 1 | U13: 2 | V13: 0 | W13: 9808 | X13: 8594 | Z13: 0 | AA13: 0 | AB13: 0 | AC13: 0 | AD13: 1021 | AE13: 1061 | AF13: 379 | AG13: 380 | AH13: 381 | AI13: 0 | AJ13: 商会是开启护送的重要建筑，商会等级越高，可以护送的货物也就越高
A14: 2 | B14: 商会 | C14: 3 | D14: 6 | E14: 1 | F14: 140 | G14: 0 | H14: 0 | I14: 50 | J14: =I12+I13 -> 15 | K14: 50 | L14: =K12+K13 -> 15 | M14: 50 | N14: =M12+M13 -> 15 | O14: 50 | P14: =O12+O13 -> 15 | Q14: 300 | R14: 0 | S14: 9946 | T14: 1 | U14: 3 | V14: 0 | W14: 9809 | X14: 8594 | Z14: 0 | AA14: 0 | AB14: 0 | AC14: 0 | AD14: 1021 | AE14: 1061 | AF14: 382 | AG14: 383 | AH14: 384 | AI14: 0 | AJ14: 商会是开启护送的重要建筑，商会等级越高，可以护送的货物也就越高
A15: 2 | B15: 商会 | C15: 4 | D15: 6 | E15: 1 | F15: 170 | G15: 0 | H15: 0 | I15: 100 | J15: =I13+I14 -> 60 | K15: 100 | L15: =K13+K14 -> 60 | M15: 100 | N15: =M13+M14 -> 60 | O15: 100 | P15: =O13+O14 -> 60 | Q15: 600 | R15: 0 | S15: 9946 | T15: 1 | U15: 4 | V15: 0 | W15: 9810 | X15: 8594 | Z15: 0 | AA15: 0 | AB15: 0 | AC15: 0 | AD15: 1021 | AE15: 1061 | AF15: 382 | AG15: 383 | AH15: 384 | AI15: 0 | AJ15: 商会是开启护送的重要建筑，商会等级越高，可以护送的货物也就越高
A16: 2 | B16: 商会 | C16: 5 | D16: 6 | E16: 1 | F16: 200 | G16: 0 | H16: 0 | I16: 200 | J16: =I14+I15 -> 150 | K16: 200 | L16: =K14+K15 -> 150 | M16: 200 | N16: =M14+M15 -> 150 | O16: 200 | P16: =O14+O15 -> 150 | Q16: 1200 | R16: 0 | S16: 9946 | T16: 1 | U16: 5 | V16: 0 | W16: 9811 | X16: 8594 | Z16: 0 | AA16: 0 | AB16: 0 | AC16: 0 | AD16: 1021 | AE16: 1061 | AF16: 385 | AG16: 386 | AH16: 387 | AI16: 0 | AJ16: 商会是开启护送的重要建筑，商会等级越高，可以护送的货物也就越高
A17: 2 | B17: 商会 | C17: 6 | D17: 6 | E17: 1 | F17: 230 | G17: 0 | H17: 0 | I17: 500 | J17: =I15+I16 -> 300 | K17: 500 | L17: =K15+K16 -> 300 | M17: 500 | N17: =M15+M16 -> 300 | O17: 500 | P17: =O15+O16 -> 300 | Q17: 3000 | R17: 0 | S17: 9946 | T17: 1 | U17: 6 | V17: 0 | W17: 9812 | X17: 8594 | Z17: 0 | AA17: 0 | AB17: 0 | AC17: 0 | AD17: 1021 | AE17: 1061 | AF17: 385 | AG17: 386 | AH17: 387 | AI17: 0 | AJ17: 商会是开启护送的重要建筑，商会等级越高，可以护送的货物也就越高
A18: 3 | B18: 神坛 | C18: 0 | D18: 6 | E18: 1 | F18: 50 | G18: 0 | H18: 0 | I18: 5 | J18: 0 | K18: 5 | L18: 0 | M18: 5 | N18: 0 | O18: 5 | P18: 0 | Q18: 60 | R18: 0 | S18: 9946 | T18: 1 | U18: 1 | V18: 0 | W18: 9946 | X18: 8591 | Z18: 0 | AA18: 0 | AB18: 0 | AC18: 0 | AD18: 1022 | AE18: 1062 | AI18: 0 | AJ18: 神坛是洗炼铭文的重要建筑，神坛等级越高，可以洗炼的铭文种类就越多
A19: 3 | B19: 神坛 | C19: 1 | D19: 6 | E19: 1 | F19: 80 | G19: 0 | H19: 0 | I19: 5 | J19: =I18 -> 5 | K19: 5 | L19: =K18 -> 5 | M19: 5 | N19: =M18 -> 5 | O19: 5 | P19: =O18 -> 5 | Q19: 60 | R19: 0 | S19: 9946 | T19: 1 | U19: 1 | V19: 0 | W19: 9813 | X19: 8591 | Z19: 0 | AA19: 0 | AB19: 0 | AC19: 0 | AD19: 1022 | AE19: 1062 | AF19: 379 | AG19: 380 | AH19: 381 | AI19: 0 | AJ19: 神坛是洗炼铭文的重要建筑，神坛等级越高，可以洗炼的铭文种类就越多
A20: 3 | B20: 神坛 | C20: 2 | D20: 6 | E20: 1 | F20: 110 | G20: 0 | H20: 0 | I20: 10 | J20: =I18+I19 -> 10 | K20: 10 | L20: =K18+K19 -> 10 | M20: 10 | N20: =M18+M19 -> 10 | O20: 10 | P20: =O18+O19 -> 10 | Q20: 120 | R20: 0 | S20: 9946 | T20: 1 | U20: 2 | V20: 0 | W20: 9814 | X20: 8591 | Z20: 0 | AA20: 0 | AB20: 0 | AC20: 0 | AD20: 1022 | AE20: 1062 | AF20: 379 | AG20: 380 | AH20: 381 | AI20: 0 | AJ20: 神坛是洗炼铭文的重要建筑，神坛等级越高，可以洗炼的铭文种类就越多
A21: 3 | B21: 神坛 | C21: 3 | D21: 6 | E21: 1 | F21: 140 | G21: 0 | H21: 0 | I21: 50 | J21: =I19+I20 -> 15 | K21: 50 | L21: =K19+K20 -> 15 | M21: 50 | N21: =M19+M20 -> 15 | O21: 50 | P21: =O19+O20 -> 15 | Q21: 300 | R21: 0 | S21: 9946 | T21: 1 | U21: 3 | V21: 0 | W21: 9815 | X21: 8591 | Z21: 0 | AA21: 0 | AB21: 0 | AC21: 0 | AD21: 1022 | AE21: 1062 | AF21: 382 | AG21: 383 | AH21: 384 | AI21: 0 | AJ21: 神坛是洗炼铭文的重要建筑，神坛等级越高，可以洗炼的铭文种类就越多
A22: 3 | B22: 神坛 | C22: 4 | D22: 6 | E22: 1 | F22: 170 | G22: 0 | H22: 0 | I22: 100 | J22: =I20+I21 -> 60 | K22: 100 | L22: =K20+K21 -> 60 | M22: 100 | N22: =M20+M21 -> 60 | O22: 100 | P22: =O20+O21 -> 60 | Q22: 600 | R22: 0 | S22: 9946 | T22: 1 | U22: 4 | V22: 0 | W22: 9816 | X22: 8591 | Z22: 0 | AA22: 0 | AB22: 0 | AC22: 0 | AD22: 1022 | AE22: 1062 | AF22: 382 | AG22: 383 | AH22: 384 | AI22: 0 | AJ22: 神坛是洗炼铭文的重要建筑，神坛等级越高，可以洗炼的铭文种类就越多
A23: 3 | B23: 神坛 | C23: 5 | D23: 6 | E23: 1 | F23: 200 | G23: 0 | H23: 0 | I23: 200 | J23: =I21+I22 -> 150 | K23: 200 | L23: =K21+K22 -> 150 | M23: 200 | N23: =M21+M22 -> 150 | O23: 200 | P23: =O21+O22 -> 150 | Q23: 1200 | R23: 0 | S23: 9946 | T23: 1 | U23: 5 | V23: 0 | W23: 9817 | X23: 8591 | Z23: 0 | AA23: 0 | AB23: 0 | AC23: 0 | AD23: 1022 | AE23: 1062 | AF23: 385 | AG23: 386 | AH23: 387 | AI23: 0 | AJ23: 神坛是洗炼铭文的重要建筑，神坛等级越高，可以洗炼的铭文种类就越多
A24: 3 | B24: 神坛 | C24: 6 | D24: 6 | E24: 1 | F24: 230 | G24: 0 | H24: 0 | I24: 500 | J24: =I22+I23 -> 300 | K24: 500 | L24: =K22+K23 -> 300 | M24: 500 | N24: =M22+M23 -> 300 | O24: 500 | P24: =O22+O23 -> 300 | Q24: 3000 | R24: 0 | S24: 9946 | T24: 1 | U24: 6 | V24: 0 | W24: 9818 | X24: 8591 | Z24: 0 | AA24: 0 | AB24: 0 | AC24: 0 | AD24: 1022 | AE24: 1062 | AF24: 385 | AG24: 386 | AH24: 387 | AI24: 0 | AJ24: 神坛是洗炼铭文的重要建筑，神坛等级越高，可以洗炼的铭文种类就越多
A25: 4 | B25: 居所 | C25: 0 | D25: 6 | E25: 1 | F25: 50 | G25: 0 | H25: 0 | I25: 5 | J25: 0 | K25: 5 | L25: 0 | M25: 5 | N25: 0 | O25: 5 | P25: 0 | Q25: 60 | R25: 0 | S25: 9946 | T25: 1 | U25: 1 | V25: 0 | W25: 9946 | X25: 8597 | Z25: 250 | AA25: 0 | AB25: 0 | AC25: 0 | AD25: 1023 | AE25: 1063 | AI25: 0 | AJ25: 居所是决定公会人数的建筑，居所等级越高，公会能招收的成员也越多
A26: 4 | B26: 居所 | C26: 1 | D26: 6 | E26: 1 | F26: 80 | G26: 0 | H26: 0 | I26: 5 | J26: =I25 -> 5 | K26: 5 | L26: =K25 -> 5 | M26: 5 | N26: =M25 -> 5 | O26: 5 | P26: =O25 -> 5 | Q26: 60 | R26: 0 | S26: 9946 | T26: 1 | U26: 1 | V26: 0 | W26: 9819 | X26: 8597 | Z26: 250 | AA26: 0 | AB26: 0 | AC26: 0 | AD26: 1023 | AE26: 1063 | AF26: 379 | AG26: 380 | AH26: 381 | AI26: 0 | AJ26: 居所是决定公会人数的建筑，居所等级越高，公会能招收的成员也越多
A27: 4 | B27: 居所 | C27: 2 | D27: 6 | E27: 1 | F27: 110 | G27: 0 | H27: 0 | I27: 10 | J27: =I25+I26 -> 10 | K27: 10 | L27: =K25+K26 -> 10 | M27: 10 | N27: =M25+M26 -> 10 | O27: 10 | P27: =O25+O26 -> 10 | Q27: 120 | R27: 0 | S27: 9946 | T27: 1 | U27: 2 | V27: 0 | W27: 9820 | X27: 8597 | Z27: 250 | AA27: 0 | AB27: 0 | AC27: 0 | AD27: 1023 | AE27: 1063 | AF27: 379 | AG27: 380 | AH27: 381 | AI27: 0 | AJ27: 居所是决定公会人数的建筑，居所等级越高，公会能招收的成员也越多
A28: 4 | B28: 居所 | C28: 3 | D28: 6 | E28: 1 | F28: 140 | G28: 0 | H28: 0 | I28: 50 | J28: =I26+I27 -> 15 | K28: 50 | L28: =K26+K27 -> 15 | M28: 50 | N28: =M26+M27 -> 15 | O28: 50 | P28: =O26+O27 -> 15 | Q28: 300 | R28: 0 | S28: 9946 | T28: 1 | U28: 3 | V28: 0 | W28: 9821 | X28: 8597 | Z28: 250 | AA28: 0 | AB28: 0 | AC28: 0 | AD28: 1023 | AE28: 1063 | AF28: 382 | AG28: 383 | AH28: 384 | AI28: 0 | AJ28: 居所是决定公会人数的建筑，居所等级越高，公会能招收的成员也越多
A29: 4 | B29: 居所 | C29: 4 | D29: 6 | E29: 1 | F29: 170 | G29: 0 | H29: 0 | I29: 100 | J29: =I27+I28 -> 60 | K29: 100 | L29: =K27+K28 -> 60 | M29: 100 | N29: =M27+M28 -> 60 | O29: 100 | P29: =O27+O28 -> 60 | Q29: 600 | R29: 0 | S29: 9946 | T29: 1 | U29: 4 | V29: 0 | W29: 9822 | X29: 8597 | Z29: 250 | AA29: 0 | AB29: 0 | AC29: 0 | AD29: 1023 | AE29: 1063 | AF29: 382 | AG29: 383 | AH29: 384 | AI29: 0 | AJ29: 居所是决定公会人数的建筑，居所等级越高，公会能招收的成员也越多
A30: 4 | B30: 居所 | C30: 5 | D30: 6 | E30: 1 | F30: 200 | G30: 0 | H30: 0 | I30: 200 | J30: =I28+I29 -> 150 | K30: 200 | L30: =K28+K29 -> 150 | M30: 200 | N30: =M28+M29 -> 150 | O30: 200 | P30: =O28+O29 -> 150 | Q30: 1200 | R30: 0 | S30: 9946 | T30: 1 | U30: 5 | V30: 0 | W30: 9823 | X30: 8597 | Z30: 250 | AA30: 0 | AB30: 0 | AC30: 0 | AD30: 1023 | AE30: 1063 | AF30: 385 | AG30: 386 | AH30: 387 | AI30: 0 | AJ30: 居所是决定公会人数的建筑，居所等级越高，公会能招收的成员也越多
A31: 4 | B31: 居所 | C31: 6 | D31: 6 | E31: 1 | F31: 230 | G31: 0 | H31: 0 | I31: 500 | J31: =I29+I30 -> 300 | K31: 500 | L31: =K29+K30 -> 300 | M31: 500 | N31: =M29+M30 -> 300 | O31: 500 | P31: =O29+O30 -> 300 | Q31: 3000 | R31: 0 | S31: 9946 | T31: 1 | U31: 6 | V31: 0 | W31: 9824 | X31: 8597 | Z31: 250 | AA31: 0 | AB31: 0 | AC31: 0 | AD31: 1023 | AE31: 1063 | AF31: 385 | AG31: 386 | AH31: 387 | AI31: 0 | AJ31: 居所是决定公会人数的建筑，居所等级越高，公会能招收的成员也越多
A32: 5 | B32: 金库 | C32: 0 | D32: 6 | E32: 1 | F32: 50 | G32: 0 | H32: 0 | I32: 5 | J32: 0 | K32: 5 | L32: 0 | M32: 5 | N32: 0 | O32: 5 | P32: 0 | Q32: 60 | R32: 0 | S32: 9946 | T32: 4 | U32: 1 | V32: 0 | W32: 9946 | X32: 8593 | Z32: 500000 | AA32: 0 | AB32: 0 | AC32: 0 | AD32: 1024 | AE32: 1064 | AI32: 0 | AJ32: 金库是存放公会资金的建筑，金库等级越高，公会资金上限也越大。公会战期间，可以通过对方金库来掠夺对方公会资金
A33: 5 | B33: 金库 | C33: 1 | D33: 6 | E33: 1 | F33: 80 | G33: 0 | H33: 0 | I33: 5 | J33: =I32 -> 5 | K33: 5 | L33: =K32 -> 5 | M33: 5 | N33: =M32 -> 5 | O33: 5 | P33: =O32 -> 5 | Q33: 60 | R33: 0 | S33: 9946 | T33: 4 | U33: 1 | V33: 0 | W33: 9825 | X33: 8593 | Z33: 1000000 | AA33: 0 | AB33: 0 | AC33: 0 | AD33: 1024 | AE33: 1064 | AF33: 379 | AG33: 380 | AH33: 381 | AI33: 0 | AJ33: 金库是存放公会资金的建筑，金库等级越高，公会资金上限也越大。公会战期间，可以通过对方金库来掠夺对方公会资金
A34: 5 | B34: 金库 | C34: 2 | D34: 6 | E34: 1 | F34: 110 | G34: 0 | H34: 0 | I34: 10 | J34: =I32+I33 -> 10 | K34: 10 | L34: =K32+K33 -> 10 | M34: 10 | N34: =M32+M33 -> 10 | O34: 10 | P34: =O32+O33 -> 10 | Q34: 120 | R34: 0 | S34: 9946 | T34: 4 | U34: 2 | V34: 0 | W34: 9826 | X34: 8593 | Z34: 2000000 | AA34: 0 | AB34: 0 | AC34: 0 | AD34: 1024 | AE34: 1064 | AF34: 379 | AG34: 380 | AH34: 381 | AI34: 0 | AJ34: 金库是存放公会资金的建筑，金库等级越高，公会资金上限也越大。公会战期间，可以通过对方金库来掠夺对方公会资金
A35: 5 | B35: 金库 | C35: 3 | D35: 6 | E35: 1 | F35: 140 | G35: 0 | H35: 0 | I35: 50 | J35: =I33+I34 -> 15 | K35: 50 | L35: =K33+K34 -> 15 | M35: 50 | N35: =M33+M34 -> 15 | O35: 50 | P35: =O33+O34 -> 15 | Q35: 300 | R35: 0 | S35: 9946 | T35: 4 | U35: 3 | V35: 0 | W35: 9827 | X35: 8593 | Z35: 5000000 | AA35: 0 | AB35: 0 | AC35: 0 | AD35: 1024 | AE35: 1064 | AF35: 382 | AG35: 383 | AH35: 384 | AI35: 0 | AJ35: 金库是存放公会资金的建筑，金库等级越高，公会资金上限也越大。公会战期间，可以通过对方金库来掠夺对方公会资金
A36: 5 | B36: 金库 | C36: 4 | D36: 6 | E36: 1 | F36: 170 | G36: 0 | H36: 0 | I36: 100 | J36: =I34+I35 -> 60 | K36: 100 | L36: =K34+K35 -> 60 | M36: 100 | N36: =M34+M35 -> 60 | O36: 100 | P36: =O34+O35 -> 60 | Q36: 600 | R36: 0 | S36: 9946 | T36: 4 | U36: 4 | V36: 0 | W36: 9828 | X36: 8593 | Z36: 10000000 | AA36: 0 | AB36: 0 | AC36: 0 | AD36: 1024 | AE36: 1064 | AF36: 382 | AG36: 383 | AH36: 384 | AI36: 0 | AJ36: 金库是存放公会资金的建筑，金库等级越高，公会资金上限也越大。公会战期间，可以通过对方金库来掠夺对方公会资金
A37: 5 | B37: 金库 | C37: 5 | D37: 6 | E37: 1 | F37: 200 | G37: 0 | H37: 0 | I37: 200 | J37: =I35+I36 -> 150 | K37: 200 | L37: =K35+K36 -> 150 | M37: 200 | N37: =M35+M36 -> 150 | O37: 200 | P37: =O35+O36 -> 150 | Q37: 1200 | R37: 0 | S37: 9946 | T37: 4 | U37: 5 | V37: 0 | W37: 9829 | X37: 8593 | Z37: 20000000 | AA37: 0 | AB37: 0 | AC37: 0 | AD37: 1024 | AE37: 1064 | AF37: 385 | AG37: 386 | AH37: 387 | AI37: 0 | AJ37: 金库是存放公会资金的建筑，金库等级越高，公会资金上限也越大。公会战期间，可以通过对方金库来掠夺对方公会资金
A38: 5 | B38: 金库 | C38: 6 | D38: 6 | E38: 1 | F38: 230 | G38: 0 | H38: 0 | I38: 500 | J38: =I36+I37 -> 300 | K38: 500 | L38: =K36+K37 -> 300 | M38: 500 | N38: =M36+M37 -> 300 | O38: 500 | P38: =O36+O37 -> 300 | Q38: 3000 | R38: 0 | S38: 9946 | T38: 4 | U38: 6 | V38: 0 | W38: 9830 | X38: 8593 | Z38: 50000000 | AA38: 0 | AB38: 0 | AC38: 0 | AD38: 1024 | AE38: 1064 | AF38: 385 | AG38: 386 | AH38: 387 | AI38: 0 | AJ38: 金库是存放公会资金的建筑，金库等级越高，公会资金上限也越大。公会战期间，可以通过对方金库来掠夺对方公会资金
A39: 6 | B39: 战事厅 | C39: 0 | D39: 6 | E39: 1 | F39: 50 | G39: 0 | H39: 0 | I39: 5 | J39: 0 | K39: 5 | L39: 0 | M39: 5 | N39: 0 | O39: 5 | P39: 0 | Q39: 60 | R39: 0 | S39: 9946 | T39: 1 | U39: 1 | V39: 0 | W39: 9946 | X39: 8593 | Z39: 0 | AA39: 0 | AB39: 0 | AC39: 0 | AD39: 1025 | AE39: 1065 | AI39: 0 | AJ39: 战事厅功能暂未开放
A40: 6 | B40: 战事厅 | C40: 1 | D40: 6 | E40: 1 | F40: 80 | G40: 0 | H40: 0 | I40: 5 | J40: =I39 -> 5 | K40: 5 | L40: =K39 -> 5 | M40: 5 | N40: =M39 -> 5 | O40: 5 | P40: =O39 -> 5 | Q40: 60 | R40: 0 | S40: 9946 | T40: 1 | U40: 1 | V40: 0 | W40: 9831 | Z40: 0 | AA40: 0 | AB40: 0 | AC40: 0 | AD40: 1025 | AE40: 1065 | AF40: 379 | AG40: 380 | AH40: 381 | AI40: 0 | AJ40: 战事厅功能暂未开放
A41: 6 | B41: 战事厅 | C41: 2 | D41: 6 | E41: 1 | F41: 110 | G41: 0 | H41: 0 | I41: 10 | J41: =I39+I40 -> 10 | K41: 10 | L41: =K39+K40 -> 10 | M41: 10 | N41: =M39+M40 -> 10 | O41: 10 | P41: =O39+O40 -> 10 | Q41: 120 | R41: 0 | S41: 9946 | T41: 1 | U41: 2 | V41: 0 | W41: 9832 | Z41: 0 | AA41: 0 | AB41: 0 | AC41: 0 | AD41: 1025 | AE41: 1065 | AF41: 379 | AG41: 380 | AH41: 381 | AI41: 0 | AJ41: 战事厅功能暂未开放
A42: 6 | B42: 战事厅 | C42: 3 | D42: 6 | E42: 1 | F42: 140 | G42: 0 | H42: 0 | I42: 50 | J42: =I40+I41 -> 15 | K42: 50 | L42: =K40+K41 -> 15 | M42: 50 | N42: =M40+M41 -> 15 | O42: 50 | P42: =O40+O41 -> 15 | Q42: 300 | R42: 0 | S42: 9946 | T42: 1 | U42: 3 | V42: 0 | W42: 9833 | Z42: 0 | AA42: 0 | AB42: 0 | AC42: 0 | AD42: 1025 | AE42: 1065 | AF42: 382 | AG42: 383 | AH42: 384 | AI42: 0 | AJ42: 战事厅功能暂未开放
A43: 6 | B43: 战事厅 | C43: 4 | D43: 6 | E43: 1 | F43: 170 | G43: 0 | H43: 0 | I43: 100 | J43: =I41+I42 -> 60 | K43: 100 | L43: =K41+K42 -> 60 | M43: 100 | N43: =M41+M42 -> 60 | O43: 100 | P43: =O41+O42 -> 60 | Q43: 600 | R43: 0 | S43: 9946 | T43: 1 | U43: 4 | V43: 0 | W43: 9834 | Z43: 0 | AA43: 0 | AB43: 0 | AC43: 0 | AD43: 1025 | AE43: 1065 | AF43: 382 | AG43: 383 | AH43: 384 | AI43: 0 | AJ43: 战事厅功能暂未开放
A44: 6 | B44: 战事厅 | C44: 5 | D44: 6 | E44: 1 | F44: 200 | G44: 0 | H44: 0 | I44: 200 | J44: =I42+I43 -> 150 | K44: 200 | L44: =K42+K43 -> 150 | M44: 200 | N44: =M42+M43 -> 150 | O44: 200 | P44: =O42+O43 -> 150 | Q44: 1200 | R44: 0 | S44: 9946 | T44: 1 | U44: 5 | V44: 0 | W44: 9835 | Z44: 0 | AA44: 0 | AB44: 0 | AC44: 0 | AD44: 1025 | AE44: 1065 | AF44: 385 | AG44: 386 | AH44: 387 | AI44: 0 | AJ44: 战事厅功能暂未开放
A45: 6 | B45: 战事厅 | C45: 6 | D45: 6 | E45: 1 | F45: 230 | G45: 0 | H45: 0 | I45: 500 | J45: =I43+I44 -> 300 | K45: 500 | L45: =K43+K44 -> 300 | M45: 500 | N45: =M43+M44 -> 300 | O45: 500 | P45: =O43+O44 -> 300 | Q45: 3000 | R45: 0 | S45: 9946 | T45: 1 | U45: 6 | V45: 0 | W45: 9836 | Z45: 0 | AA45: 0 | AB45: 0 | AC45: 0 | AD45: 1025 | AE45: 1065 | AF45: 385 | AG45: 386 | AH45: 387 | AI45: 0 | AJ45: 战事厅功能暂未开放
A46: 7 | B46: 图腾 | C46: 0 | D46: 6 | E46: 1 | F46: 50 | G46: 0 | H46: 0 | I46: 5 | J46: 0 | K46: 5 | L46: 0 | M46: 5 | N46: 0 | O46: 5 | P46: 0 | Q46: 60 | R46: 0 | S46: 9947 | T46: 1 | U46: 1 | V46: 0 | W46: 9947 | X46: 4860 | Z46: 0 | AA46: 0 | AB46: 0 | AC46: 0 | AD46: 1026 | AE46: 1066 | AI46: 0 | AJ46: 图腾是公会的标志建筑，公会战期间，图腾被摧毁即公会战失败。图腾等级越高，血量也越高
A47: 7 | B47: 图腾 | C47: 1 | D47: 6 | E47: 1 | F47: 80 | G47: 0 | H47: 0 | I47: 5 | J47: =I46 -> 5 | K47: 5 | L47: =K46 -> 5 | M47: 5 | N47: =M46 -> 5 | O47: 5 | P47: =O46 -> 5 | Q47: 60 | R47: 0 | S47: 9947 | T47: 1 | U47: 1 | V47: 0 | W47: 9837 | X47: 4860 | Z47: 0 | AA47: 0 | AB47: 0 | AC47: 0 | AD47: 1026 | AE47: 1066 | AF47: 388 | AG47: 389 | AH47: 390 | AI47: 0 | AJ47: 图腾是公会的标志建筑，公会战期间，图腾被摧毁即公会战失败。图腾等级越高，血量也越高
A48: 7 | B48: 图腾 | C48: 2 | D48: 6 | E48: 1 | F48: 110 | G48: 0 | H48: 0 | I48: 10 | J48: =I46+I47 -> 10 | K48: 10 | L48: =K46+K47 -> 10 | M48: 10 | N48: =M46+M47 -> 10 | O48: 10 | P48: =O46+O47 -> 10 | Q48: 120 | R48: 0 | S48: 9947 | T48: 1 | U48: 2 | V48: 0 | W48: 9838 | X48: 4860 | Z48: 0 | AA48: 0 | AB48: 0 | AC48: 0 | AD48: 1026 | AE48: 1066 | AF48: 388 | AG48: 389 | AH48: 390 | AI48: 0 | AJ48: 图腾是公会的标志建筑，公会战期间，图腾被摧毁即公会战失败。图腾等级越高，血量也越高
A49: 7 | B49: 图腾 | C49: 3 | D49: 6 | E49: 1 | F49: 140 | G49: 0 | H49: 0 | I49: 50 | J49: =I47+I48 -> 15 | K49: 50 | L49: =K47+K48 -> 15 | M49: 50 | N49: =M47+M48 -> 15 | O49: 50 | P49: =O47+O48 -> 15 | Q49: 300 | R49: 0 | S49: 9947 | T49: 1 | U49: 3 | V49: 0 | W49: 9839 | X49: 4860 | Z49: 0 | AA49: 0 | AB49: 0 | AC49: 0 | AD49: 1026 | AE49: 1066 | AF49: 391 | AG49: 392 | AH49: 393 | AI49: 0 | AJ49: 图腾是公会的标志建筑，公会战期间，图腾被摧毁即公会战失败。图腾等级越高，血量也越高
A50: 7 | B50: 图腾 | C50: 4 | D50: 6 | E50: 1 | F50: 170 | G50: 0 | H50: 0 | I50: 100 | J50: =I48+I49 -> 60 | K50: 100 | L50: =K48+K49 -> 60 | M50: 100 | N50: =M48+M49 -> 60 | O50: 100 | P50: =O48+O49 -> 60 | Q50: 600 | R50: 0 | S50: 9947 | T50: 1 | U50: 4 | V50: 0 | W50: 9840 | X50: 4860 | Z50: 0 | AA50: 0 | AB50: 0 | AC50: 0 | AD50: 1026 | AE50: 1066 | AF50: 391 | AG50: 392 | AH50: 393 | AI50: 0 | AJ50: 图腾是公会的标志建筑，公会战期间，图腾被摧毁即公会战失败。图腾等级越高，血量也越高
A51: 7 | B51: 图腾 | C51: 5 | D51: 6 | E51: 1 | F51: 200 | G51: 0 | H51: 0 | I51: 200 | J51: =I49+I50 -> 150 | K51: 200 | L51: =K49+K50 -> 150 | M51: 200 | N51: =M49+M50 -> 150 | O51: 200 | P51: =O49+O50 -> 150 | Q51: 1200 | R51: 0 | S51: 9947 | T51: 1 | U51: 5 | V51: 0 | W51: 9841 | X51: 4860 | Z51: 0 | AA51: 0 | AB51: 0 | AC51: 0 | AD51: 1026 | AE51: 1066 | AF51: 394 | AG51: 395 | AH51: 396 | AI51: 0 | AJ51: 图腾是公会的标志建筑，公会战期间，图腾被摧毁即公会战失败。图腾等级越高，血量也越高
A52: 7 | B52: 图腾 | C52: 6 | D52: 6 | E52: 1 | F52: 230 | G52: 0 | H52: 0 | I52: 500 | J52: =I50+I51 -> 300 | K52: 500 | L52: =K50+K51 -> 300 | M52: 500 | N52: =M50+M51 -> 300 | O52: 500 | P52: =O50+O51 -> 300 | Q52: 3000 | R52: 0 | S52: 9947 | T52: 1 | U52: 6 | V52: 0 | W52: 9842 | X52: 4860 | Z52: 0 | AA52: 0 | AB52: 0 | AC52: 0 | AD52: 1026 | AE52: 1066 | AF52: 394 | AG52: 395 | AH52: 396 | AI52: 0 | AJ52: 图腾是公会的标志建筑，公会战期间，图腾被摧毁即公会战失败。图腾等级越高，血量也越高
A53: 8 | B53: 农场 | C53: 0 | D53: 6 | E53: 1 | F53: 50 | G53: 0 | H53: 0 | I53: 5 | J53: 0 | K53: 5 | L53: 0 | M53: 5 | N53: 0 | O53: 5 | P53: 0 | Q53: 60 | R53: 0 | S53: 9945 | T53: 1 | U53: 1 | V53: 0 | W53: 9945 | Z53: 180 | AA53: 0 | AB53: 0 | AC53: 0 | AD53: 1027 | AE53: 1067 | AI53: 0 | AJ53: 农场可以产出公会粮食，农场等级越高，每小时产出的粮食越多
A54: 8 | B54: 农场 | C54: 1 | D54: 6 | E54: 1 | F54: 90 | G54: 0 | H54: 0 | I54: 5 | J54: =I53 -> 5 | K54: 5 | L54: =K53 -> 5 | M54: 5 | N54: =M53 -> 5 | O54: 5 | P54: =O53 -> 5 | Q54: 60 | R54: 0 | S54: 9945 | T54: 1 | U54: 1 | V54: 0 | W54: 9843 | Z54: 240 | AA54: 0 | AB54: 0 | AC54: 0 | AD54: 1027 | AE54: 1067 | AF54: 361 | AG54: 362 | AH54: 363 | AI54: 0 | AJ54: 农场可以产出公会粮食，农场等级越高，每小时产出的粮食越多
A55: 8 | B55: 农场 | C55: 2 | D55: 6 | E55: 1 | F55: 130 | G55: 0 | H55: 0 | I55: 10 | J55: =I53+I54 -> 10 | K55: 10 | L55: =K53+K54 -> 10 | M55: 10 | N55: =M53+M54 -> 10 | O55: 10 | P55: =O53+O54 -> 10 | Q55: 120 | R55: 0 | S55: 9945 | T55: 1 | U55: 2 | V55: 0 | W55: 9844 | Z55: 300 | AA55: 0 | AB55: 0 | AC55: 0 | AD55: 1027 | AE55: 1067 | AF55: 361 | AG55: 362 | AH55: 363 | AI55: 0 | AJ55: 农场可以产出公会粮食，农场等级越高，每小时产出的粮食越多
A56: 8 | B56: 农场 | C56: 3 | D56: 6 | E56: 1 | F56: 170 | G56: 0 | H56: 0 | I56: 50 | J56: =I54+I55 -> 15 | K56: 50 | L56: =K54+K55 -> 15 | M56: 50 | N56: =M54+M55 -> 15 | O56: 50 | P56: =O54+O55 -> 15 | Q56: 300 | R56: 0 | S56: 9945 | T56: 1 | U56: 3 | V56: 0 | W56: 9845 | Z56: 360 | AA56: 0 | AB56: 0 | AC56: 0 | AD56: 1027 | AE56: 1067 | AF56: 364 | AG56: 365 | AH56: 366 | AI56: 0 | AJ56: 农场可以产出公会粮食，农场等级越高，每小时产出的粮食越多
A57: 8 | B57: 农场 | C57: 4 | D57: 6 | E57: 1 | F57: 210 | G57: 0 | H57: 0 | I57: 100 | J57: =I55+I56 -> 60 | K57: 100 | L57: =K55+K56 -> 60 | M57: 100 | N57: =M55+M56 -> 60 | O57: 100 | P57: =O55+O56 -> 60 | Q57: 600 | R57: 0 | S57: 9945 | T57: 1 | U57: 4 | V57: 0 | W57: 9846 | Z57: 420 | AA57: 0 | AB57: 0 | AC57: 0 | AD57: 1027 | AE57: 1067 | AF57: 364 | AG57: 365 | AH57: 366 | AI57: 0 | AJ57: 农场可以产出公会粮食，农场等级越高，每小时产出的粮食越多
A58: 8 | B58: 农场 | C58: 5 | D58: 6 | E58: 1 | F58: 250 | G58: 0 | H58: 0 | I58: 200 | J58: =I56+I57 -> 150 | K58: 200 | L58: =K56+K57 -> 150 | M58: 200 | N58: =M56+M57 -> 150 | O58: 200 | P58: =O56+O57 -> 150 | Q58: 1200 | R58: 0 | S58: 9945 | T58: 1 | U58: 5 | V58: 0 | W58: 9847 | Z58: 480 | AA58: 0 | AB58: 0 | AC58: 0 | AD58: 1027 | AE58: 1067 | AF58: 367 | AG58: 368 | AH58: 369 | AI58: 0 | AJ58: 农场可以产出公会粮食，农场等级越高，每小时产出的粮食越多
A59: 8 | B59: 农场 | C59: 6 | D59: 6 | E59: 1 | F59: 290 | G59: 0 | H59: 0 | I59: 500 | J59: =I57+I58 -> 300 | K59: 500 | L59: =K57+K58 -> 300 | M59: 500 | N59: =M57+M58 -> 300 | O59: 500 | P59: =O57+O58 -> 300 | Q59: 3000 | R59: 0 | S59: 9945 | T59: 1 | U59: 6 | V59: 0 | W59: 9848 | Z59: 540 | AA59: 0 | AB59: 0 | AC59: 0 | AD59: 1027 | AE59: 1067 | AF59: 367 | AG59: 368 | AH59: 369 | AI59: 0 | AJ59: 农场可以产出公会粮食，农场等级越高，每小时产出的粮食越多
A60: 9 | B60: 林场 | C60: 0 | D60: 6 | E60: 1 | F60: 50 | G60: 0 | H60: 0 | I60: 5 | J60: 0 | K60: 5 | L60: 0 | M60: 5 | N60: 0 | O60: 5 | P60: 0 | Q60: 60 | R60: 0 | S60: 9945 | T60: 1 | U60: 1 | V60: 0 | W60: 9945 | Z60: 180 | AA60: 0 | AB60: 0 | AC60: 0 | AD60: 1028 | AE60: 1068 | AI60: 0 | AJ60: 林场可以产出公会木材，林场等级越高，每小时产出的木材越多
A61: 9 | B61: 林场 | C61: 1 | D61: 6 | E61: 1 | F61: 90 | G61: 0 | H61: 0 | I61: 5 | J61: =I60 -> 5 | K61: 5 | L61: =K60 -> 5 | M61: 5 | N61: =M60 -> 5 | O61: 5 | P61: =O60 -> 5 | Q61: 60 | R61: 0 | S61: 9945 | T61: 1 | U61: 1 | V61: 0 | W61: 9849 | Z61: 240 | AA61: 0 | AB61: 0 | AC61: 0 | AD61: 1028 | AE61: 1068 | AF61: 361 | AG61: 362 | AH61: 363 | AI61: 0 | AJ61: 林场可以产出公会木材，林场等级越高，每小时产出的木材越多
A62: 9 | B62: 林场 | C62: 2 | D62: 6 | E62: 1 | F62: 130 | G62: 0 | H62: 0 | I62: 10 | J62: =I60+I61 -> 10 | K62: 10 | L62: =K60+K61 -> 10 | M62: 10 | N62: =M60+M61 -> 10 | O62: 10 | P62: =O60+O61 -> 10 | Q62: 120 | R62: 0 | S62: 9945 | T62: 1 | U62: 2 | V62: 0 | W62: 9850 | Z62: 300 | AA62: 0 | AB62: 0 | AC62: 0 | AD62: 1028 | AE62: 1068 | AF62: 361 | AG62: 362 | AH62: 363 | AI62: 0 | AJ62: 林场可以产出公会木材，林场等级越高，每小时产出的木材越多
A63: 9 | B63: 林场 | C63: 3 | D63: 6 | E63: 1 | F63: 170 | G63: 0 | H63: 0 | I63: 50 | J63: =I61+I62 -> 15 | K63: 50 | L63: =K61+K62 -> 15 | M63: 50 | N63: =M61+M62 -> 15 | O63: 50 | P63: =O61+O62 -> 15 | Q63: 300 | R63: 0 | S63: 9945 | T63: 1 | U63: 3 | V63: 0 | W63: 9851 | Z63: 360 | AA63: 0 | AB63: 0 | AC63: 0 | AD63: 1028 | AE63: 1068 | AF63: 364 | AG63: 365 | AH63: 366 | AI63: 0 | AJ63: 林场可以产出公会木材，林场等级越高，每小时产出的木材越多
A64: 9 | B64: 林场 | C64: 4 | D64: 6 | E64: 1 | F64: 210 | G64: 0 | H64: 0 | I64: 100 | J64: =I62+I63 -> 60 | K64: 100 | L64: =K62+K63 -> 60 | M64: 100 | N64: =M62+M63 -> 60 | O64: 100 | P64: =O62+O63 -> 60 | Q64: 600 | R64: 0 | S64: 9945 | T64: 1 | U64: 4 | V64: 0 | W64: 9852 | Z64: 420 | AA64: 0 | AB64: 0 | AC64: 0 | AD64: 1028 | AE64: 1068 | AF64: 364 | AG64: 365 | AH64: 366 | AI64: 0 | AJ64: 林场可以产出公会木材，林场等级越高，每小时产出的木材越多
A65: 9 | B65: 林场 | C65: 5 | D65: 6 | E65: 1 | F65: 250 | G65: 0 | H65: 0 | I65: 200 | J65: =I63+I64 -> 150 | K65: 200 | L65: =K63+K64 -> 150 | M65: 200 | N65: =M63+M64 -> 150 | O65: 200 | P65: =O63+O64 -> 150 | Q65: 1200 | R65: 0 | S65: 9945 | T65: 1 | U65: 5 | V65: 0 | W65: 9853 | Z65: 480 | AA65: 0 | AB65: 0 | AC65: 0 | AD65: 1028 | AE65: 1068 | AF65: 367 | AG65: 368 | AH65: 369 | AI65: 0 | AJ65: 林场可以产出公会木材，林场等级越高，每小时产出的木材越多
A66: 9 | B66: 林场 | C66: 6 | D66: 6 | E66: 1 | F66: 290 | G66: 0 | H66: 0 | I66: 500 | J66: =I64+I65 -> 300 | K66: 500 | L66: =K64+K65 -> 300 | M66: 500 | N66: =M64+M65 -> 300 | O66: 500 | P66: =O64+O65 -> 300 | Q66: 3000 | R66: 0 | S66: 9945 | T66: 1 | U66: 6 | V66: 0 | W66: 9854 | Z66: 540 | AA66: 0 | AB66: 0 | AC66: 0 | AD66: 1028 | AE66: 1068 | AF66: 367 | AG66: 368 | AH66: 369 | AI66: 0 | AJ66: 林场可以产出公会木材，林场等级越高，每小时产出的木材越多
A67: 10 | B67: 石场 | C67: 0 | D67: 6 | E67: 1 | F67: 50 | G67: 0 | H67: 0 | I67: 5 | J67: 0 | K67: 5 | L67: 0 | M67: 5 | N67: 0 | O67: 5 | P67: 0 | Q67: 60 | R67: 0 | S67: 9945 | T67: 1 | U67: 1 | V67: 0 | W67: 9945 | Z67: 180 | AA67: 0 | AB67: 0 | AC67: 0 | AD67: 1029 | AE67: 1069 | AI67: 0 | AJ67: 石场可以产出公会石料，石场等级越高，每小时产出的石料越多
A68: 10 | B68: 石场 | C68: 1 | D68: 6 | E68: 1 | F68: 90 | G68: 0 | H68: 0 | I68: 5 | J68: =I67 -> 5 | K68: 5 | L68: =K67 -> 5 | M68: 5 | N68: =M67 -> 5 | O68: 5 | P68: =O67 -> 5 | Q68: 60 | R68: 0 | S68: 9945 | T68: 1 | U68: 1 | V68: 0 | W68: 9855 | Z68: 240 | AA68: 0 | AB68: 0 | AC68: 0 | AD68: 1029 | AE68: 1069 | AF68: 361 | AG68: 362 | AH68: 363 | AI68: 0 | AJ68: 石场可以产出公会石料，石场等级越高，每小时产出的石料越多
A69: 10 | B69: 石场 | C69: 2 | D69: 6 | E69: 1 | F69: 130 | G69: 0 | H69: 0 | I69: 10 | J69: =I67+I68 -> 10 | K69: 10 | L69: =K67+K68 -> 10 | M69: 10 | N69: =M67+M68 -> 10 | O69: 10 | P69: =O67+O68 -> 10 | Q69: 120 | R69: 0 | S69: 9945 | T69: 1 | U69: 2 | V69: 0 | W69: 9856 | Z69: 300 | AA69: 0 | AB69: 0 | AC69: 0 | AD69: 1029 | AE69: 1069 | AF69: 361 | AG69: 362 | AH69: 363 | AI69: 0 | AJ69: 石场可以产出公会石料，石场等级越高，每小时产出的石料越多
A70: 10 | B70: 石场 | C70: 3 | D70: 6 | E70: 1 | F70: 170 | G70: 0 | H70: 0 | I70: 50 | J70: =I68+I69 -> 15 | K70: 50 | L70: =K68+K69 -> 15 | M70: 50 | N70: =M68+M69 -> 15 | O70: 50 | P70: =O68+O69 -> 15 | Q70: 300 | R70: 0 | S70: 9945 | T70: 1 | U70: 3 | V70: 0 | W70: 9857 | Z70: 360 | AA70: 0 | AB70: 0 | AC70: 0 | AD70: 1029 | AE70: 1069 | AF70: 364 | AG70: 365 | AH70: 366 | AI70: 0 | AJ70: 石场可以产出公会石料，石场等级越高，每小时产出的石料越多
A71: 10 | B71: 石场 | C71: 4 | D71: 6 | E71: 1 | F71: 210 | G71: 0 | H71: 0 | I71: 100 | J71: =I69+I70 -> 60 | K71: 100 | L71: =K69+K70 -> 60 | M71: 100 | N71: =M69+M70 -> 60 | O71: 100 | P71: =O69+O70 -> 60 | Q71: 600 | R71: 0 | S71: 9945 | T71: 1 | U71: 4 | V71: 0 | W71: 9858 | Z71: 420 | AA71: 0 | AB71: 0 | AC71: 0 | AD71: 1029 | AE71: 1069 | AF71: 364 | AG71: 365 | AH71: 366 | AI71: 0 | AJ71: 石场可以产出公会石料，石场等级越高，每小时产出的石料越多
A72: 10 | B72: 石场 | C72: 5 | D72: 6 | E72: 1 | F72: 250 | G72: 0 | H72: 0 | I72: 200 | J72: =I70+I71 -> 150 | K72: 200 | L72: =K70+K71 -> 150 | M72: 200 | N72: =M70+M71 -> 150 | O72: 200 | P72: =O70+O71 -> 150 | Q72: 1200 | R72: 0 | S72: 9945 | T72: 1 | U72: 5 | V72: 0 | W72: 9859 | Z72: 480 | AA72: 0 | AB72: 0 | AC72: 0 | AD72: 1029 | AE72: 1069 | AF72: 367 | AG72: 368 | AH72: 369 | AI72: 0 | AJ72: 石场可以产出公会石料，石场等级越高，每小时产出的石料越多
A73: 10 | B73: 石场 | C73: 6 | D73: 6 | E73: 1 | F73: 290 | G73: 0 | H73: 0 | I73: 500 | J73: =I71+I72 -> 300 | K73: 500 | L73: =K71+K72 -> 300 | M73: 500 | N73: =M71+M72 -> 300 | O73: 500 | P73: =O71+O72 -> 300 | Q73: 3000 | R73: 0 | S73: 9945 | T73: 1 | U73: 6 | V73: 0 | W73: 9860 | Z73: 540 | AA73: 0 | AB73: 0 | AC73: 0 | AD73: 1029 | AE73: 1069 | AF73: 367 | AG73: 368 | AH73: 369 | AI73: 0 | AJ73: 石场可以产出公会石料，石场等级越高，每小时产出的石料越多
A74: 11 | B74: 矿场 | C74: 0 | D74: 6 | E74: 1 | F74: 50 | G74: 0 | H74: 0 | I74: 5 | J74: 0 | K74: 5 | L74: 0 | M74: 5 | N74: 0 | O74: 5 | P74: 0 | Q74: 60 | R74: 0 | S74: 9945 | T74: 1 | U74: 1 | V74: 0 | W74: 9945 | Z74: 180 | AA74: 0 | AB74: 0 | AC74: 0 | AD74: 1030 | AE74: 1070 | AI74: 0 | AJ74: 矿场可以产出公会矿石，矿场等级越高，每小时产出的矿石越多
A75: 11 | B75: 矿场 | C75: 1 | D75: 6 | E75: 1 | F75: 90 | G75: 0 | H75: 0 | I75: 5 | J75: =I74 -> 5 | K75: 5 | L75: =K74 -> 5 | M75: 5 | N75: =M74 -> 5 | O75: 5 | P75: =O74 -> 5 | Q75: 60 | R75: 0 | S75: 9945 | T75: 1 | U75: 1 | V75: 0 | W75: 9861 | Z75: 240 | AA75: 0 | AB75: 0 | AC75: 0 | AD75: 1030 | AE75: 1070 | AF75: 361 | AG75: 362 | AH75: 363 | AI75: 0 | AJ75: 矿场可以产出公会矿石，矿场等级越高，每小时产出的矿石越多
A76: 11 | B76: 矿场 | C76: 2 | D76: 6 | E76: 1 | F76: 130 | G76: 0 | H76: 0 | I76: 10 | J76: =I74+I75 -> 10 | K76: 10 | L76: =K74+K75 -> 10 | M76: 10 | N76: =M74+M75 -> 10 | O76: 10 | P76: =O74+O75 -> 10 | Q76: 120 | R76: 0 | S76: 9945 | T76: 1 | U76: 2 | V76: 0 | W76: 9862 | Z76: 300 | AA76: 0 | AB76: 0 | AC76: 0 | AD76: 1030 | AE76: 1070 | AF76: 361 | AG76: 362 | AH76: 363 | AI76: 0 | AJ76: 矿场可以产出公会矿石，矿场等级越高，每小时产出的矿石越多
A77: 11 | B77: 矿场 | C77: 3 | D77: 6 | E77: 1 | F77: 170 | G77: 0 | H77: 0 | I77: 50 | J77: =I75+I76 -> 15 | K77: 50 | L77: =K75+K76 -> 15 | M77: 50 | N77: =M75+M76 -> 15 | O77: 50 | P77: =O75+O76 -> 15 | Q77: 300 | R77: 0 | S77: 9945 | T77: 1 | U77: 3 | V77: 0 | W77: 9863 | Z77: 360 | AA77: 0 | AB77: 0 | AC77: 0 | AD77: 1030 | AE77: 1070 | AF77: 364 | AG77: 365 | AH77: 366 | AI77: 0 | AJ77: 矿场可以产出公会矿石，矿场等级越高，每小时产出的矿石越多
A78: 11 | B78: 矿场 | C78: 4 | D78: 6 | E78: 1 | F78: 210 | G78: 0 | H78: 0 | I78: 100 | J78: =I76+I77 -> 60 | K78: 100 | L78: =K76+K77 -> 60 | M78: 100 | N78: =M76+M77 -> 60 | O78: 100 | P78: =O76+O77 -> 60 | Q78: 600 | R78: 0 | S78: 9945 | T78: 1 | U78: 4 | V78: 0 | W78: 9864 | Z78: 420 | AA78: 0 | AB78: 0 | AC78: 0 | AD78: 1030 | AE78: 1070 | AF78: 364 | AG78: 365 | AH78: 366 | AI78: 0 | AJ78: 矿场可以产出公会矿石，矿场等级越高，每小时产出的矿石越多
A79: 11 | B79: 矿场 | C79: 5 | D79: 6 | E79: 1 | F79: 250 | G79: 0 | H79: 0 | I79: 200 | J79: =I77+I78 -> 150 | K79: 200 | L79: =K77+K78 -> 150 | M79: 200 | N79: =M77+M78 -> 150 | O79: 200 | P79: =O77+O78 -> 150 | Q79: 1200 | R79: 0 | S79: 9945 | T79: 1 | U79: 5 | V79: 0 | W79: 9865 | Z79: 480 | AA79: 0 | AB79: 0 | AC79: 0 | AD79: 1030 | AE79: 1070 | AF79: 367 | AG79: 368 | AH79: 369 | AI79: 0 | AJ79: 矿场可以产出公会矿石，矿场等级越高，每小时产出的矿石越多
A80: 11 | B80: 矿场 | C80: 6 | D80: 6 | E80: 1 | F80: 290 | G80: 0 | H80: 0 | I80: 500 | J80: =I78+I79 -> 300 | K80: 500 | L80: =K78+K79 -> 300 | M80: 500 | N80: =M78+M79 -> 300 | O80: 500 | P80: =O78+O79 -> 300 | Q80: 3000 | R80: 0 | S80: 9945 | T80: 1 | U80: 6 | V80: 0 | W80: 9866 | Z80: 540 | AA80: 0 | AB80: 0 | AC80: 0 | AD80: 1030 | AE80: 1070 | AF80: 367 | AG80: 368 | AH80: 369 | AI80: 0 | AJ80: 矿场可以产出公会矿石，矿场等级越高，每小时产出的矿石越多
A81: 12 | B81: 粮仓 | C81: 0 | D81: 6 | E81: 1 | F81: 50 | G81: 0 | H81: 0 | I81: 5 | J81: 0 | K81: 5 | L81: 0 | M81: 5 | N81: 0 | O81: 5 | P81: 0 | Q81: 60 | R81: 0 | S81: 9946 | T81: 4 | U81: 1 | V81: 0 | W81: 9946 | X81: 8595 | Z81: 20000 | AA81: 0 | AB81: 0 | AC81: 0 | AD81: 1031 | AE81: 1071 | AI81: 0 | AJ81: 粮仓是公会用来存放粮食的建筑，粮仓等级越高，公会粮食上限也越高。公会战期间可以通过对方粮仓来掠夺对方公会的粮食
A82: 12 | B82: 粮仓 | C82: 1 | D82: 6 | E82: 1 | F82: 80 | G82: 0 | H82: 0 | I82: 5 | J82: =I81 -> 5 | K82: 5 | L82: =K81 -> 5 | M82: 5 | N82: =M81 -> 5 | O82: 5 | P82: =O81 -> 5 | Q82: 60 | R82: 0 | S82: 9946 | T82: 4 | U82: 1 | V82: 0 | W82: 9867 | X82: 8595 | Z82: 20000 | AA82: 0 | AB82: 0 | AC82: 0 | AD82: 1031 | AE82: 1071 | AF82: 370 | AG82: 371 | AH82: 372 | AI82: 0 | AJ82: 粮仓是公会用来存放粮食的建筑，粮仓等级越高，公会粮食上限也越高。公会战期间可以通过对方粮仓来掠夺对方公会的粮食
A83: 12 | B83: 粮仓 | C83: 2 | D83: 6 | E83: 1 | F83: 110 | G83: 0 | H83: 0 | I83: 10 | J83: =I81+I82 -> 10 | K83: 10 | L83: =K81+K82 -> 10 | M83: 10 | N83: =M81+M82 -> 10 | O83: 10 | P83: =O81+O82 -> 10 | Q83: 120 | R83: 0 | S83: 9946 | T83: 4 | U83: 2 | V83: 0 | W83: 9868 | X83: 8595 | Z83: 50000 | AA83: 0 | AB83: 0 | AC83: 0 | AD83: 1031 | AE83: 1071 | AF83: 370 | AG83: 371 | AH83: 372 | AI83: 0 | AJ83: 粮仓是公会用来存放粮食的建筑，粮仓等级越高，公会粮食上限也越高。公会战期间可以通过对方粮仓来掠夺对方公会的粮食
A84: 12 | B84: 粮仓 | C84: 3 | D84: 6 | E84: 1 | F84: 140 | G84: 0 | H84: 0 | I84: 50 | J84: =I82+I83 -> 15 | K84: 50 | L84: =K82+K83 -> 15 | M84: 50 | N84: =M82+M83 -> 15 | O84: 50 | P84: =O82+O83 -> 15 | Q84: 300 | R84: 0 | S84: 9946 | T84: 4 | U84: 3 | V84: 0 | W84: 9869 | X84: 8595 | Z84: 100000 | AA84: 0 | AB84: 0 | AC84: 0 | AD84: 1031 | AE84: 1071 | AF84: 373 | AG84: 374 | AH84: 375 | AI84: 0 | AJ84: 粮仓是公会用来存放粮食的建筑，粮仓等级越高，公会粮食上限也越高。公会战期间可以通过对方粮仓来掠夺对方公会的粮食
A85: 12 | B85: 粮仓 | C85: 4 | D85: 6 | E85: 1 | F85: 170 | G85: 0 | H85: 0 | I85: 100 | J85: =I83+I84 -> 60 | K85: 100 | L85: =K83+K84 -> 60 | M85: 100 | N85: =M83+M84 -> 60 | O85: 100 | P85: =O83+O84 -> 60 | Q85: 600 | R85: 0 | S85: 9946 | T85: 4 | U85: 4 | V85: 0 | W85: 9870 | X85: 8595 | Z85: 200000 | AA85: 0 | AB85: 0 | AC85: 0 | AD85: 1031 | AE85: 1071 | AF85: 373 | AG85: 374 | AH85: 375 | AI85: 0 | AJ85: 粮仓是公会用来存放粮食的建筑，粮仓等级越高，公会粮食上限也越高。公会战期间可以通过对方粮仓来掠夺对方公会的粮食
A86: 12 | B86: 粮仓 | C86: 5 | D86: 6 | E86: 1 | F86: 200 | G86: 0 | H86: 0 | I86: 200 | J86: =I84+I85 -> 150 | K86: 200 | L86: =K84+K85 -> 150 | M86: 200 | N86: =M84+M85 -> 150 | O86: 200 | P86: =O84+O85 -> 150 | Q86: 1200 | R86: 0 | S86: 9946 | T86: 4 | U86: 5 | V86: 0 | W86: 9871 | X86: 8595 | Z86: 500000 | AA86: 0 | AB86: 0 | AC86: 0 | AD86: 1031 | AE86: 1071 | AF86: 376 | AG86: 377 | AH86: 378 | AI86: 0 | AJ86: 粮仓是公会用来存放粮食的建筑，粮仓等级越高，公会粮食上限也越高。公会战期间可以通过对方粮仓来掠夺对方公会的粮食
A87: 12 | B87: 粮仓 | C87: 6 | D87: 6 | E87: 1 | F87: 230 | G87: 0 | H87: 0 | I87: 500 | J87: =I85+I86 -> 300 | K87: 500 | L87: =K85+K86 -> 300 | M87: 500 | N87: =M85+M86 -> 300 | O87: 500 | P87: =O85+O86 -> 300 | Q87: 3000 | R87: 0 | S87: 9946 | T87: 4 | U87: 6 | V87: 0 | W87: 9872 | X87: 8595 | Z87: 1000000 | AA87: 0 | AB87: 0 | AC87: 0 | AD87: 1031 | AE87: 1071 | AF87: 376 | AG87: 377 | AH87: 378 | AI87: 0 | AJ87: 粮仓是公会用来存放粮食的建筑，粮仓等级越高，公会粮食上限也越高。公会战期间可以通过对方粮仓来掠夺对方公会的粮食
A88: 13 | B88: 木仓 | C88: 0 | D88: 6 | E88: 1 | F88: 50 | G88: 0 | H88: 0 | I88: 5 | J88: 0 | K88: 5 | L88: 0 | M88: 5 | N88: 0 | O88: 5 | P88: 0 | Q88: 60 | R88: 0 | S88: 9946 | T88: 4 | U88: 1 | V88: 0 | W88: 9946 | X88: 8598 | Z88: 20000 | AA88: 0 | AB88: 0 | AC88: 0 | AD88: 1032 | AE88: 1072 | AI88: 0 | AJ88: 木仓是公会用来存放木材的建筑，木仓等级越高，公会木材上限也越高。公会战期间可以通过对方木仓来掠夺对方公会的木材
A89: 13 | B89: 木仓 | C89: 1 | D89: 6 | E89: 1 | F89: 80 | G89: 0 | H89: 0 | I89: 5 | J89: =I88 -> 5 | K89: 5 | L89: =K88 -> 5 | M89: 5 | N89: =M88 -> 5 | O89: 5 | P89: =O88 -> 5 | Q89: 60 | R89: 0 | S89: 9946 | T89: 4 | U89: 1 | V89: 0 | W89: 9873 | X89: 8598 | Z89: 20000 | AA89: 0 | AB89: 0 | AC89: 0 | AD89: 1032 | AE89: 1072 | AF89: 370 | AG89: 371 | AH89: 372 | AI89: 0 | AJ89: 木仓是公会用来存放木材的建筑，木仓等级越高，公会木材上限也越高。公会战期间可以通过对方木仓来掠夺对方公会的木材
A90: 13 | B90: 木仓 | C90: 2 | D90: 6 | E90: 1 | F90: 110 | G90: 0 | H90: 0 | I90: 10 | J90: =I88+I89 -> 10 | K90: 10 | L90: =K88+K89 -> 10 | M90: 10 | N90: =M88+M89 -> 10 | O90: 10 | P90: =O88+O89 -> 10 | Q90: 120 | R90: 0 | S90: 9946 | T90: 4 | U90: 2 | V90: 0 | W90: 9874 | X90: 8598 | Z90: 50000 | AA90: 0 | AB90: 0 | AC90: 0 | AD90: 1032 | AE90: 1072 | AF90: 370 | AG90: 371 | AH90: 372 | AI90: 0 | AJ90: 木仓是公会用来存放木材的建筑，木仓等级越高，公会木材上限也越高。公会战期间可以通过对方木仓来掠夺对方公会的木材
A91: 13 | B91: 木仓 | C91: 3 | D91: 6 | E91: 1 | F91: 140 | G91: 0 | H91: 0 | I91: 50 | J91: =I89+I90 -> 15 | K91: 50 | L91: =K89+K90 -> 15 | M91: 50 | N91: =M89+M90 -> 15 | O91: 50 | P91: =O89+O90 -> 15 | Q91: 300 | R91: 0 | S91: 9946 | T91: 4 | U91: 3 | V91: 0 | W91: 9875 | X91: 8598 | Z91: 100000 | AA91: 0 | AB91: 0 | AC91: 0 | AD91: 1032 | AE91: 1072 | AF91: 373 | AG91: 374 | AH91: 375 | AI91: 0 | AJ91: 木仓是公会用来存放木材的建筑，木仓等级越高，公会木材上限也越高。公会战期间可以通过对方木仓来掠夺对方公会的木材
A92: 13 | B92: 木仓 | C92: 4 | D92: 6 | E92: 1 | F92: 170 | G92: 0 | H92: 0 | I92: 100 | J92: =I90+I91 -> 60 | K92: 100 | L92: =K90+K91 -> 60 | M92: 100 | N92: =M90+M91 -> 60 | O92: 100 | P92: =O90+O91 -> 60 | Q92: 600 | R92: 0 | S92: 9946 | T92: 4 | U92: 4 | V92: 0 | W92: 9876 | X92: 8598 | Z92: 200000 | AA92: 0 | AB92: 0 | AC92: 0 | AD92: 1032 | AE92: 1072 | AF92: 373 | AG92: 374 | AH92: 375 | AI92: 0 | AJ92: 木仓是公会用来存放木材的建筑，木仓等级越高，公会木材上限也越高。公会战期间可以通过对方木仓来掠夺对方公会的木材
A93: 13 | B93: 木仓 | C93: 5 | D93: 6 | E93: 1 | F93: 200 | G93: 0 | H93: 0 | I93: 200 | J93: =I91+I92 -> 150 | K93: 200 | L93: =K91+K92 -> 150 | M93: 200 | N93: =M91+M92 -> 150 | O93: 200 | P93: =O91+O92 -> 150 | Q93: 1200 | R93: 0 | S93: 9946 | T93: 4 | U93: 5 | V93: 0 | W93: 9877 | X93: 8598 | Z93: 500000 | AA93: 0 | AB93: 0 | AC93: 0 | AD93: 1032 | AE93: 1072 | AF93: 376 | AG93: 377 | AH93: 378 | AI93: 0 | AJ93: 木仓是公会用来存放木材的建筑，木仓等级越高，公会木材上限也越高。公会战期间可以通过对方木仓来掠夺对方公会的木材
A94: 13 | B94: 木仓 | C94: 6 | D94: 6 | E94: 1 | F94: 230 | G94: 0 | H94: 0 | I94: 500 | J94: =I92+I93 -> 300 | K94: 500 | L94: =K92+K93 -> 300 | M94: 500 | N94: =M92+M93 -> 300 | O94: 500 | P94: =O92+O93 -> 300 | Q94: 3000 | R94: 0 | S94: 9946 | T94: 4 | U94: 6 | V94: 0 | W94: 9878 | X94: 8598 | Z94: 1000000 | AA94: 0 | AB94: 0 | AC94: 0 | AD94: 1032 | AE94: 1072 | AF94: 376 | AG94: 377 | AH94: 378 | AI94: 0 | AJ94: 木仓是公会用来存放木材的建筑，木仓等级越高，公会木材上限也越高。公会战期间可以通过对方木仓来掠夺对方公会的木材
A95: 14 | B95: 石仓 | C95: 0 | D95: 6 | E95: 1 | F95: 50 | G95: 0 | H95: 0 | I95: 5 | J95: 0 | K95: 5 | L95: 0 | M95: 5 | N95: 0 | O95: 5 | P95: 0 | Q95: 60 | R95: 0 | S95: 9946 | T95: 4 | U95: 1 | V95: 0 | W95: 9946 | X95: 4857 | Z95: 20000 | AA95: 0 | AB95: 0 | AC95: 0 | AD95: 1033 | AE95: 1073 | AI95: 0 | AJ95: 石仓是公会用来存放石头的建筑，石仓等级越高，公会石料上限也越高。公会战期间可以通过对方木仓来掠夺对方公会的石料
A96: 14 | B96: 石仓 | C96: 1 | D96: 6 | E96: 1 | F96: 80 | G96: 0 | H96: 0 | I96: 5 | J96: =I95 -> 5 | K96: 5 | L96: =K95 -> 5 | M96: 5 | N96: =M95 -> 5 | O96: 5 | P96: =O95 -> 5 | Q96: 60 | R96: 0 | S96: 9946 | T96: 4 | U96: 1 | V96: 0 | W96: 9879 | X96: 4857 | Z96: 20000 | AA96: 0 | AB96: 0 | AC96: 0 | AD96: 1033 | AE96: 1073 | AF96: 370 | AG96: 371 | AH96: 372 | AI96: 0 | AJ96: 石仓是公会用来存放石头的建筑，石仓等级越高，公会石料上限也越高。公会战期间可以通过对方木仓来掠夺对方公会的石料
A97: 14 | B97: 石仓 | C97: 2 | D97: 6 | E97: 1 | F97: 110 | G97: 0 | H97: 0 | I97: 10 | J97: =I95+I96 -> 10 | K97: 10 | L97: =K95+K96 -> 10 | M97: 10 | N97: =M95+M96 -> 10 | O97: 10 | P97: =O95+O96 -> 10 | Q97: 120 | R97: 0 | S97: 9946 | T97: 4 | U97: 2 | V97: 0 | W97: 9880 | X97: 4857 | Z97: 50000 | AA97: 0 | AB97: 0 | AC97: 0 | AD97: 1033 | AE97: 1073 | AF97: 370 | AG97: 371 | AH97: 372 | AI97: 0 | AJ97: 石仓是公会用来存放石头的建筑，石仓等级越高，公会石料上限也越高。公会战期间可以通过对方木仓来掠夺对方公会的石料
A98: 14 | B98: 石仓 | C98: 3 | D98: 6 | E98: 1 | F98: 140 | G98: 0 | H98: 0 | I98: 50 | J98: =I96+I97 -> 15 | K98: 50 | L98: =K96+K97 -> 15 | M98: 50 | N98: =M96+M97 -> 15 | O98: 50 | P98: =O96+O97 -> 15 | Q98: 300 | R98: 0 | S98: 9946 | T98: 4 | U98: 3 | V98: 0 | W98: 9881 | X98: 4857 | Z98: 100000 | AA98: 0 | AB98: 0 | AC98: 0 | AD98: 1033 | AE98: 1073 | AF98: 373 | AG98: 374 | AH98: 375 | AI98: 0 | AJ98: 石仓是公会用来存放石头的建筑，石仓等级越高，公会石料上限也越高。公会战期间可以通过对方木仓来掠夺对方公会的石料
A99: 14 | B99: 石仓 | C99: 4 | D99: 6 | E99: 1 | F99: 170 | G99: 0 | H99: 0 | I99: 100 | J99: =I97+I98 -> 60 | K99: 100 | L99: =K97+K98 -> 60 | M99: 100 | N99: =M97+M98 -> 60 | O99: 100 | P99: =O97+O98 -> 60 | Q99: 600 | R99: 0 | S99: 9946 | T99: 4 | U99: 4 | V99: 0 | W99: 9882 | X99: 4857 | Z99: 200000 | AA99: 0 | AB99: 0 | AC99: 0 | AD99: 1033 | AE99: 1073 | AF99: 373 | AG99: 374 | AH99: 375 | AI99: 0 | AJ99: 石仓是公会用来存放石头的建筑，石仓等级越高，公会石料上限也越高。公会战期间可以通过对方木仓来掠夺对方公会的石料
A100: 14 | B100: 石仓 | C100: 5 | D100: 6 | E100: 1 | F100: 200 | G100: 0 | H100: 0 | I100: 200 | J100: =I98+I99 -> 150 | K100: 200 | L100: =K98+K99 -> 150 | M100: 200 | N100: =M98+M99 -> 150 | O100: 200 | P100: =O98+O99 -> 150 | Q100: 1200 | R100: 0 | S100: 9946 | T100: 4 | U100: 5 | V100: 0 | W100: 9883 | X100: 4857 | Z100: 500000 | AA100: 0 | AB100: 0 | AC100: 0 | AD100: 1033 | AE100: 1073 | AF100: 376 | AG100: 377 | AH100: 378 | AI100: 0 | AJ100: 石仓是公会用来存放石头的建筑，石仓等级越高，公会石料上限也越高。公会战期间可以通过对方木仓来掠夺对方公会的石料
...

Sheet 资源索引
B1: 升级公会资金 | C1: 升级粮食 | D1: 升级木材 | E1: 升级石料 | F1: 升级铁矿 | I1: 1 | J1: 0.04
A2: 1 | B2: 10000000 | C2: 5000000 | D2: 5000000 | E2: 5000000 | F2: 5000000 | G2: 主殿 | I2: 2 | J2: 0.07
A3: 2 | B3: 3000000 | C3: 3000000 | D3: 2500000 | E3: 2500000 | F3: 1000000 | G3: 商会 | I3: 3 | J3: 0.13
A4: 3 | B4: 6000000 | C4: 1500000 | D4: 3500000 | E4: 3500000 | F4: 3500000 | G4: 神坛 | I4: 4 | J4: 0.24
A5: 4 | B5: 5000000 | C5: 7000000 | D5: 4000000 | E5: 5000000 | F5: 3000000 | G5: 居所 | I5: 5 | J5: 0.4
A6: 6 | B6: 4000000 | C6: 3500000 | D6: 2500000 | E6: 2000000 | F6: 3000000 | G6: 战事厅 | I6: 6 | J6: 0.72
A7: 18 | B7: 1000000 | C7: 1000000 | D7: 1000000 | E7: 1000000 | F7: 1000000 | G7: 兵工厂
A8: 24 | B8: 1000000 | C8: 1000000 | D8: 1000000 | E8: 1000000 | F8: 1000000 | G8: 路障
A9: 7 | B9: 4000000 | C9: 1000000 | D9: 5000000 | E9: 2500000 | F9: 2500000 | G9: 图腾
A10: 19 | B10: 1500000 | C10: 1000000 | D10: 1000000 | E10: 1000000 | F10: 3000000 | G10: 天魔塔
A11: 20 | B11: 2000000 | C11: 1000000 | D11: 1000000 | E11: 1000000 | F11: 2500000 | G11: 劲弩塔
A12: 21 | B12: 3000000 | C12: 1000000 | D12: 1000000 | E12: 1000000 | F12: 1500000 | G12: 天诛塔
A13: 22 | B13: 2500000 | C13: 1000000 | D13: 1500000 | E13: 1500000 | F13: 1000000 | G13: 玄魔塔
A14: 23 | B14: 3000000 | C14: 1000000 | D14: 1000000 | E14: 1500000 | F14: 1000000 | G14: 轻羽塔
A15: 5 | B15: 5000000 | C15: 2000000 | D15: 1000000 | E15: 2000000 | F15: 2000000 | G15: 金库
A16: 8 | B16: 1000000 | C16: 1000000 | D16: 1000000 | E16: 1000000 | F16: 1000000 | G16: 农场
A17: 9 | B17: 1000000 | C17: 1000000 | D17: 1000000 | E17: 1000000 | F17: 1000000 | G17: 林场
A18: 10 | B18: 1000000 | C18: 1000000 | D18: 1000000 | E18: 1000000 | F18: 1000000 | G18: 石场
... A26: 25 | B26: 1000000 | C26: 1000000 | D26: 1000000 | E26: 1000000 | F26: 1000000 | G26: 公会神兽
