Workbook

Sheet handbook
A1: HandbookID | B1: HandbookType | C1: HandbookIndex | D1: ID | E1: Name | F1: AchievementId | G1: Text0 | H1: Text1 | I1: Text2 | J1: Data0 | K1: Data1 | L1: Sound | M1: Icon | N1: Scale
A2: both | B2: both | C2: both | D2: both | E2: client | F2: client | G2: client | H2: client | I2: client | J2: client | K2: client | L2: client | M2: client | N2: both
A3: 0 | B3: htInvalid | C3: 0 | D3: 0 | E3: 0 | F3: 0 | G3: 0 | H3: 0 | I3: 0 | J3: 0 | K3: 0 | L3: 0 | M3: 0 | N3: 0
A4: 1 | B4: htNpc_Normal | C4: 0 | D4: 801,855 | E4: 稻草人 | F4: 0 | G4: 1~8 | H4: 边界村、比奇省 | I4: 天尊昔日曾以符纸降服稻草人，令它们帮助村民看守农田。最近却不知为何符纸失效，这些魔力稻草人又陷入混乱之中。 | J4: 0 | K4: 0 | L4: SoundCue'NPC_XueQianXun.61_XueQianXun_S_Cue' | M4: img://UI_Handbook.monster_31 | N4: 1
A5: 2 | B5: htNpc_Normal | C5: 1 | D5: 802,856 | E5: 钉耙猫 | F5: 0 | G5: 1~8 | H5: 边界村、比奇省 | I5: 十几年前边界村曾被钉耙猫占据。它们生性贪婪，经常偷盗居民财物。村民在铁牛的组织下成立了‘除猫大队’，立志要消灭它们。 | J5: 0 | K5: 0 | L5: SoundCue'NPC_XueQianXun.62_XueQianXun_S_Cue' | M5: img://UI_Handbook.monster_7 | N5: 0.9
A6: 3 | B6: htNpc_Normal | C6: 2 | D6: 823,873,3132 | E6: 鹿 | F6: 0 | G6: 1~13 | H6: 边界村、比奇省、沃玛森林 | I6: 性情温顺的野鹿，通常不会主动攻击人，但若被惹急了也会用角猛力顶撞，不可小觑。 | J6: 0 | K6: 0 | M6: img://UI_Handbook.lu | N6: 0.6
A7: 4 | B7: htNpc_Normal | C7: 3 | D7: 803,857,922 | E7: 半兽人 | F7: 0 | G7: 1~13 | H7: 边界村、比奇省、沃玛森林 | I7: 半兽人长期生活在战斗和劫掠中，在它们眼中，年长的半兽人意味着有更丰富的战斗经验，是主要的战斗力。 | J7: 0 | K7: 0 | L7: SoundCue'NPC_XueQianXun.63_XueQianXun_S_Cue' | M7: img://UI_Handbook.monster_5 | N7: 1.3
A8: 5 | B8: htNpc_Normal | C8: 4 | D8: 804,858,923 | E8: 半兽人战士 | F8: 0 | G8: 1~13 | H8: 边界村、比奇省、沃玛森林 | I8: 半兽人长期生活在战斗和劫掠中，在它们眼中，年长的半兽人意味着有更丰富的战斗经验，是主要的战斗力。 | J8: 0 | K8: 0 | L8: 0 | M8: img://UI_Handbook.monster_4 | N8: 1.2
A9: 6 | B9: htNpc_Normal | C9: 5 | D9: 821,3133 | E9: 海蟹 | F9: 0 | G9: 1~13 | H9: 边界村、沃玛森林 | I9: 原本集聚沿海的蟹类，后因地壳迁徙而往内陆发展，喜欢在稻田中捣乱，挥舞两只大钳子横行无忌，让人十分头疼。 | J9: 0 | K9: 0 | L9: 0 | M9: img://UI_Handbook.jijuxie | N9: 0.8
A10: 7 | B10: htNpc_Normal | C10: 6 | D10: 3131 | E10: 熊 | F10: 0 | G10: 8~13 | H10: 沃玛森林 | I10: 受沃玛教主复活的影响，森林中的野熊也开始变得狂暴不安。它们攻击力极高而且身手敏捷，一掌下去非死即伤。 | J10: 0 | K10: 0 | L10: 0 | M10: img://UI_Handbook.youxiong | N10: 1.1
A11: 8 | B11: htNpc_Normal | C11: 7 | D11: 3134,962 | E11: 狼 | F11: 0 | G11: 8~18 | H11: 沃玛森林、盟重省 | I11: 土狼本性极为凶残，被沃玛教主收为爪牙后越发凶狠毒辣，一旦锁定攻击目标便极力追逐，两败俱伤也绝不松口。 | J11: 0 | K11: 0 | L11: 0 | M11: img://UI_Handbook.monster_40 | N11: 1
A12: 9 | B12: htNpc_Normal | C12: 8 | D12: 3135 | E12: 树妖 | F12: 0 | G12: 8~13 | H12: 沃玛森林 | I12: 原本生活在沃玛森林中的纯洁树妖，却被沃玛教主奴役了灵魂，变成只知道破坏、以他人痛苦为乐的妖怪。 | J12: 0 | K12: 0 | L12: 0 | M12: img://UI_Handbook.gebulin | N12: 1.2
A13: 10 | B13: htNpc_Normal | C13: 9 | D13: 961 | E13: 盔甲虫 | F13: 0 | G13: 14~18 | H13: 盟重省 | I13: 本是一种极为普通的昆虫，当屠龙刀在盟重铸成时，魔气四溢而被感染，变得形体巨大且极具攻击性。 | J13: 0 | K13: 0 | L13: 0 | M13: img://UI_Handbook.monster_26 | N13: 1.2
A14: 11 | B14: htNpc_Normal | C14: 10 | D14: 963 | E14: 多角虫 | F14: 0 | G14: 14~18 | H14: 盟重省 | I14: 本是一种极为普通的昆虫，当屠龙刀在盟重铸成时，魔气四溢而被感染，变得形体巨大且极具攻击性。 | J14: 0 | K14: 0 | L14: 0 | M14: img://UI_Handbook.monster_8 | N14: 0.8
A15: 12 | B15: htNpc_Normal | C15: 11 | D15: 901 | E15: 僵尸 | F15: 0 | G15: 19~23 | H15: 比奇矿区 | I15: 从比奇矿区溢出的腐朽尸气，感染了矿工，让它们的身体变成一截截僵硬的尸块，只能在泥土中爬行，无止境的杀戮。 | J15: 0 | K15: 0 | L15: 0 | M15: img://UI_Handbook.monster_23 | N15: 1
A16: 13 | B16: htNpc_Normal | C16: 12 | D16: 902 | E16: 僵尸 | F16: 0 | G16: 19~23 | H16: 比奇矿区 | I16: 蹒跚在矿井附近的僵尸，没有思想，没有意识，只剩下杀戮的欲望。一旦被它们缠上，定然不死不休。 | J16: 0 | K16: 0 | L16: 0 | M16: img://UI_Handbook.monster_24 | N16: 1
A17: 14 | B17: htNpc_Normal | C17: 13 | D17: 903 | E17: 僵尸 | F17: 0 | G17: 19~23 | H17: 比奇矿区 | I17: 蹒跚在矿井附近的僵尸，没有思想，没有意识，只剩下杀戮的欲望。一旦被它们缠上，定然不死不休。 | J17: 0 | K17: 0 | L17: 0 | M17: img://UI_Handbook.monster_21 | N17: 1
A18: 15 | B18: htNpc_Normal | C18: 14 | D18: 904,908 | E18: 僵尸 | F18: 0 | G18: 19~23 | H18: 比奇矿区 | I18: 由比奇城主聘请的和尚，前往矿洞净化尸毒，却感染尸毒而变异，从头到脚渗透出毒液，让人畏惧。 | J18: 0 | K18: 0 | L18: 0 | M18: img://UI_Handbook.monster_22 | N18: 0.9
A19: 16 | B19: htNpc_Normal | C19: 15 | D19: 905, | E19: 僵尸 | F19: 0 | G19: 19~23 | H19: 比奇矿区 | I19: 由比奇城主聘请的道士，前往矿洞净化尸毒，却被矿洞中的惨景吓疯，引爆雷电之术，对视线范围内的一切进行毁灭。 | J19: 0 | K19: 0 | L19: 0 | M19: img://UI_Handbook.monster_20 | N19: 1
A20: 17 | B20: htNpc_Normal | C20: 16 | D20: 3110,948 | E20: 山洞蝙蝠 | F20: 0 | G20: 19~27 | H20: 比奇矿区、沃玛寺庙 | I20: 在山洞深处筑巢的嗜血蝙蝠，无法满足吸血的愿望，因此变得越发狂躁，见人而噬。 | J20: 0 | K20: 0 | L20: 0 | M20: img://UI_Handbook.bianfu | N20: 0.8
A21: 18 | B21: htNpc_Normal | C21: 17 | D21: 3118 | E21: 雷术鬼尸 | F21: 0 | G21: 19~23 | H21: 比奇矿区 | I21: 身具雷术属性，不论从那个方面来看都是令人生畏的怪物，有脑子的冒险者都不会想去招惹它。 | J21: 0 | K21: 0 | L21: 0 | M21: img://UI_Handbook.monster_20 | N21: 1
A22: 19 | B22: htNpc_Normal | C22: 18 | D22: 941 | E22: 暗黑战士 | F22: 0 | G22: 24~27 | H22: 沃玛寺庙 | I22: 沃玛教主对于教中的叛徒和逃兵处罚极为严酷：斩去牛角，打断脊骨，变成不惧死亡的战士，没有人能轻易突破它们的防线。 | J22: 0 | K22: 0 | L22: 0 | M22: img://UI_Handbook.monster_1 | N22: 0.6
A23: 20 | B23: htNpc_Normal | C23: 19 | D23: 949,1031 | E23: 恶蛆 | F23: 0 | G23: 24~35 | H23: 沃玛寺庙、石墓 | I23: 石墓中死去的蛆虫，在感染到虹魔猪妖复活的魔气后，也再次复活。它们保持着尸体的蜷曲状，行动犹如飞轮，让人难以攻击。 | J23: 0 | K23: 0 | L23: 0 | M23: img://UI_Handbook.monster_9 | N23: 0.8
A24: 21 | B24: htNpc_Normal | C24: 20 | D24: 942 | E24: 沃玛战士 | F24: 0 | G24: 24~27 | H24: 沃玛寺庙 | I24: 沃玛半兽人自出生起就是沃玛教主的忠实奴仆，在渡过幼年期的考验后，便被大祭司烙上带有魔力的烙印，训练成只为教主而战的勇士。 | J24: 0 | K24: 0 | L24: 0 | M24: img://UI_Handbook.monster_35 | N24: 0.8
A25: 22 | B25: htNpc_Normal | C25: 21 | D25: 943 | E25: 沃玛勇士 | F25: 0 | G25: 24~27 | H25: 沃玛寺庙 | I25: 沃玛半兽人自出生起就是沃玛教主的忠实奴仆，在渡过幼年期的考验后，便被大祭司烙上带有魔力的烙印，训练成只为教主而战的勇士。 | J25: 0 | K25: 0 | L25: 0 | M25: img://UI_Handbook.monster_36 | N25: 0.8
A26: 23 | B26: htNpc_Normal | C26: 22 | D26: 944 | E26: 沃玛战将 | F26: 0 | G26: 24~27 | H26: 沃玛寺庙 | I26: 沃玛半兽人自出生起就是沃玛教主的忠实奴仆，在渡过幼年期的考验后，便被大祭司烙上带有魔力的烙印，训练成只为教主而战的勇士。 | J26: 0 | K26: 0 | L26: 0 | M26: img://UI_Handbook.monster_37 | N26: 0.8
A27: 24 | B27: htNpc_Normal | C27: 23 | D27: 951 | E27: 火焰沃玛 | F27: 0 | G27: 24~27 | H27: 沃玛寺庙 | I27: 沃玛半兽人自出生起就是沃玛教主的忠实奴仆，在渡过幼年期的考验后，便被大祭司烙上带有魔力的烙印，训练成只为教主而战的勇士。 | J27: 0 | K27: 0 | L27: 0 | M27: img://UI_Handbook.monster_16 | N27: 1.1
A28: 25 | B28: htNpc_Normal | C28: 24 | D28: 953 | E28: 毒针魔战士 | F28: 0 | G28: 19~23 | H28: 沃玛寺庙 | I28: 它们身前曾是最英勇的人类战士，却在死后被沃玛教主变成了如此模样，或许死亡是解除它们桎梏的最好方法。 | J28: 0 | K28: 0 | L28: 0 | M28: img://UI_Handbook.monster_1 | N28: 0.6
A29: 26 | B29: htNpc_Normal | C29: 25 | D29: 1011 | E29: 蜈蚣 | F29: 0 | G29: 28~31 | H29: 死亡峡谷 | I29: 死亡山谷的别名‘蜈蚣洞’，远比它的正名更令人震慑，而这便是来源于遍布山谷中的剧毒蜈蚣们。 | J29: 0 | K29: 0 | L29: 0 | M29: img://UI_Handbook.monster_38 | N29: 0.6
A30: 27 | B30: htNpc_Normal | C30: 26 | D30: 1012 | E30: 巨型蠕虫 | F30: 0 | G30: 28~31 | H30: 死亡峡谷 | I30: 蠕虫经过操虫师一族几十年间的驯化，原本温顺无比。但随着爱弥儿的叛乱，这些巨大蠕虫也随之失去控制，散布谷中，为害一方。 | J30: 0 | K30: 0 | L30: 0 | M30: img://UI_Handbook.monster_18 | N30: 0.6
A31: 28 | B31: htNpc_Normal | C31: 27 | D31: 1013 | E31: 钳虫 | F31: 0 | G31: 28~31 | H31: 死亡峡谷 | I31: 操虫师们在驯化蜈蚣时，变异产生的魔法生物。它们的体节更短，但身躯极为坚固，在失去操虫师的钳制后，成为让来往行人头疼的生物。 | J31: 0 | K31: 0 | L31: 0 | M31: img://UI_Handbook.monster_28 | N31: 1
A32: 29 | B32: htNpc_Normal | C32: 28 | D32: 1014 | E32: 跳跳蜂 | F32: 0 | G32: 28~31 | H32: 死亡峡谷 | I32: 被某些操虫师改造的魔法产物，将山谷中的巨大蜂群变化成靠跳跃行进的跳跳蜂。没人能预估它们的下一次进攻是从哪个方向而来。 | J32: 0 | K32: 0 | L32: 0 | M32: img://UI_Handbook.monster_30 | N32: 0.8
A33: 30 | B33: htNpc_Normal | C33: 29 | D33: 3227 | E33: 摄魂跳跳蜂 | F33: 0 | G33: 14~18 | H33: 死亡峡谷 | I33: 注意，它们可不是普通的跳跳蜂，那赤红的眼睛和羽翼无一不彰显着它变异的事实。总而言之，远离就对了。 | J33: 0 | K33: 0 | L33: 0 | M33: img://UI_Handbook.monster_30 | N33: 0.8
A34: 31 | B34: htNpc_Normal | C34: 30 | D34: 1032 | E34: 红野猪 | F34: 0 | G34: 32~35 | H34: 石墓 | I34: 石墓中猪妖和野猪群产下的生物，具有粗浅的智慧，甚至懂得设陷阱围攻敌人。它们皮糙肉厚，最喜以人肉为食。 | J34: 0 | K34: 0 | L34: 0 | M34: img://UI_Handbook.monster_11 | N34: 1
A35: 32 | B35: htNpc_Normal | C35: 31 | D35: 1033 | E35: 黑野猪 | F35: 0 | G35: 32~35 | H35: 石墓 | I35: 石墓中猪妖和野猪群产下的生物，具有粗浅的智慧，甚至懂得设陷阱围攻敌人。它们皮糙肉厚，最喜以人肉为食。 | J35: 0 | K35: 0 | L35: 0 | M35: img://UI_Handbook.monster_10 | N35: 1
A36: 33 | B36: htNpc_Normal | C36: 32 | D36: 1034 | E36: 白野猪 | F36: 0 | G36: 32~35 | H36: 石墓 | I36: 石墓中猪妖和野猪群产下的生物，具有粗浅的智慧，甚至懂得设陷阱围攻敌人。它们皮糙肉厚，最喜以人肉为食。 | J36: 0 | K36: 0 | L36: 0 | M36: img://UI_Handbook.monster_2 | N36: 0.9
A37: 34 | B37: htNpc_Normal | C37: 33 | D37: 3248 | E37: 白野猪暴徒 | F37: 0 | G37: 19~23 | H37: 石墓 | I37: 这些曾被虹魔教徒打败过的白野猪，死而复生后都变成了虹魔教的忠实信徒，并且更加狂暴了。 | J37: 0 | K37: 0 | L37: 0 | M37: img://UI_Handbook.monster_2 | N37: 0.9
A38: 35 | B38: htNpc_Normal | C38: 34 | D38: 2119 | E38: 饥饿僵尸 | F38: 0 | G38: 1~8 | H38: 九层妖塔 | I38: 生前就从没吃饱过的穷人，被猪妖欺骗后关入妖塔，在魔气的侵染下变成永远饥饿的僵尸。 | J38: 0 | K38: 0 | L38: 0 | M38: img://UI_Handbook.monster_23 | N38: 1
A39: 36 | B39: htNpc_Normal | C39: 35 | D39: 2120 | E39: 怨恨僵尸 | F39: 0 | G39: 1~8 | H39: 九层妖塔 | I39: 生前被人抛弃，沦为猪妖的食物，让这些僵尸体内充满怨恨，光是靠近就忍不住浑身战栗起来。 | J39: 0 | K39: 0 | L39: 0 | M39: img://UI_Handbook.monster_24 | N39: 1
A40: 37 | B40: htNpc_Normal | C40: 36 | D40: 2121 | E40: 脏污僵尸 | F40: 0 | G40: 1~13 | H40: 九层妖塔 | I40: 虽然没见过会洗澡的僵尸，但这些怪物也实在太肮脏了点，也许生前都是无家可归的乞丐吧。 | J40: 0 | K40: 0 | L40: 0 | M40: img://UI_Handbook.monster_23 | N40: 1
A41: 38 | B41: htNpc_Normal | C41: 37 | D41: 2122 | E41: 复仇僵尸 | F41: 0 | G41: 1~13 | H41: 九层妖塔 | I41: 他们曾是最忠诚的人类士兵，却由于长官叛逃被遗弃在妖塔里，直到临死前的最后一刻，他们还在诅咒着背叛者。 | J41: 0 | K41: 0 | L41: 0 | M41: img://UI_Handbook.monster_24 | N41: 1
A42: 39 | B42: htNpc_Normal | C42: 38 | D42: 2123 | E42: 血战士 | F42: 0 | G42: 1~13 | H42: 九层妖塔 | I42: 外形像一只长嘴的天牛，它们爬行速度极快，对血液特别是新鲜的人血抱有极大的爱好，落在它们口中可是生不如死。 | J42: 0 | K42: 0 | L42: 0 | M42: img://UI_Handbook.monster_9 | N42: 0.8
A43: 40 | B43: htNpc_Normal | C43: 39 | D43: 2124 | E43: 魔塔刀卫 | F43: 0 | G43: 1~13 | H43: 九层妖塔 | I43: 猪妖将他手下最心腹的一批白野猪，炼化成了不生不死的魔物，它们没有思想也不会饥饿，最忠诚的履行杀戮的任务。 | J43: 0 | K43: 0 | L43: 0 | M43: img://UI_Handbook.monster_35 | N43: 0.8
A44: 41 | B44: htNpc_Normal | C44: 40 | D44: 2125 | E44: 诅咒战士 | F44: 0 | G44: 8~13 | H44: 九层妖塔 | I44: 它们是虹魔手下最强悍的战士之一，只要魔塔的力量不消失，它们就会源源不断的再生。 | J44: 0 | K44: 0 | L44: 0 | M44: img://UI_Handbook.monster_9 | N44: 0.8
A45: 42 | B45: htNpc_Normal | C45: 41 | D45: 2126 | E45: 魔塔剑卫 | F45: 0 | G45: 8~18 | H45: 九层妖塔 | I45: 猪妖将他手下最心腹的一批红野猪，炼化成了不生不死的魔物，它们没有思想也不会饥饿，最忠诚的履行杀戮的任务。 | J45: 0 | K45: 0 | L45: 0 | M45: img://UI_Handbook.monster_35 | N45: 0.8
A46: 43 | B46: htNpc_Normal | C46: 42 | D46: 2127 | E46: 长尾毒蜈蚣 | F46: 0 | G46: 8~13 | H46: 九层妖塔 | I46: 和普通的蜈蚣比起来，这些魔化物体型尤为巨大，当然毒性也是不可小觑的。 | J46: 0 | K46: 0 | L46: 0 | M46: img://UI_Handbook.monster_38 | N46: 0.6
A47: 44 | B47: htNpc_Normal | C47: 43 | D47: 2128 | E47: 广翅多角虫 | F47: 0 | G47: 14~18 | H47: 九层妖塔 | I47: 它们可不是一般的多角虫，轻视它们的敌人都将变成塔底无尽的尸骨之一。 | J47: 0 | K47: 0 | L47: 0 | M47: img://UI_Handbook.monster_8 | N47: 0.8
A48: 45 | B48: htNpc_Normal | C48: 44 | D48: 2129 | E48: 鳞甲毒蜈蚣 | F48: 0 | G48: 14~18 | H48: 九层妖塔 | I48: 传说中玛法大陆最厉害的毒物之一，也有人说是被丧心病狂猪妖复活的上古毒虫，总而言之离它远点就对了。 | J48: 0 | K48: 0 | L48: 0 | M48: img://UI_Handbook.monster_38 | N48: 0.6
A49: 46 | B49: htNpc_Normal | C49: 45 | D49: 2130 | E49: 星斑多角虫 | F49: 0 | G49: 19~23 | H49: 九层妖塔 | I49: 原本是非常普通的小虫，却在妖塔中魔气的感染下越长越大，如今已经到了令人害怕的体积。 | J49: 0 | K49: 0 | L49: 0 | M49: img://UI_Handbook.monster_8 | N49: 0.8
A50: 47 | B50: htNpc_Normal | C50: 46 | D50: 2131 | E50: 红猪妖 | F50: 0 | G50: 19~23 | H50: 九层妖塔 | I50: 由于相似的长相，它们就是虹魔教主最宠爱的战士，最信任的部下，当然也是妖塔最忠实的守卫者。 | J50: 0 | K50: 0 | L50: 0 | M50: img://UI_Handbook.monster_11 | N50: 1
... A59: 56 | B59: htNpc_Normal | C59: 55 | D59: 2105 | E59: 尖刺鱼人 | F59: 0 | G59: 24~27 | H59: 幽冥海 | I59: 它们也曾是一群善良的鱼人，和人类相安无事，但在赤月恶魔的邪力感召下，这一切都改变了。 | J59: 0 | K59: 0 | L59: 0 | M59: img://UI_Handbook.jianciyuren | N59: 1
A60: 57 | B60: htNpc_Normal | C60: 56 | D60: 2191 | E60: 双刀鱼人 | F60: 0 | G60: 24~27 | H60: 幽冥海 | I60: 海魔族的武士，曾在深海中修行双刀技艺数百年，最喜欢硬碰硬的对手，被砍一刀可不是小瞧的。 | J60: 0 | K60: 0 | L60: 0 | M60: img://UI_Handbook.shuangdaowushi | N60: 1
A61: 58 | B61: htNpc_Normal | C61: 57 | D61: 2107 | E61: 海妖战士 | F61: 0 | G61: 24~27 | H61: 幽冥海 | I61: 海魔族最强大的战士之一，强健有力的体魄和迅猛的速度是它们的标志，履行赤月恶魔的意志毫不迟疑。 | J61: 0 | K61: 0 | L61: 0 | M61: img://UI_Handbook.haiyaozhanshi | N61: 1
A62: 59 | B62: htNpc_Normal | C62: 58 | D62: 2108 | E62: 海妖弓手 | F62: 0 | G62: 28~31 | H62: 幽冥海 | I62: 妖艳美貌的海怪，在人类被她的容貌迷惑，想要上前触碰之前，早已被她冰冷的利箭刺穿心胸。 | J62: 0 | K62: 0 | L62: 0 | M62: img://UI_Handbook.haiyaogongshou | N62: 1
A63: 60 | B63: htNpc_Normal | C63: 59 | D63: 2109 | E63: 海妖法师 | F63: 0 | G63: 28~31 | H63: 幽冥海 | I63: 海魔族拜月而生，它们的魔力也承袭于月亮，随潮汐生生不绝。在赤月恶魔的影响下，这些法力变得更加强大了。 | J63: 0 | K63: 0 | L63: 0 | M63: img://UI_Handbook.haiyaofashi | N63: 1
A64: 61 | B64: htNpc_Normal | C64: 60 | D64: 2110 | E64: 僵尸海盗 | F64: 0 | G64: 28~31 | H64: 幽冥海 | I64: 当幽冥海的封印被揭开时，曾经深埋海底的强盗尸骸也被驱动，成为只听令于赤月的行尸走肉。 | J64: 0 | K64: 0 | L64: 0 | M64: img://UI_Handbook.jiangshihaidao | N64: 1.3
A65: 62 | B65: htNpc_Normal | C65: 61 | D65: 2111 | E65: 僵尸剑客 | F65: 0 | G65: 28~31 | H65: 幽冥海 | I65: 当幽冥海的封印被揭开时，曾经深埋海底的龙卫战士遗体也被驱动，成为只听令于赤月的行尸走肉。 | J65: 0 | K65: 0 | L65: 0 | M65: img://UI_Handbook.jiangshijianke | N65: 1.3
A66: 63 | B66: htNpc_Normal | C66: 62 | D66: 2112 | E66: 僵尸掷矛手 | F66: 0 | G66: 32~35 | H66: 幽冥海 | I66: 当幽冥海的封印被揭开时，曾经深埋海底的人类士兵也被驱动，成为只听令于赤月的行尸走肉。 | J66: 0 | K66: 0 | L66: 0 | M66: img://UI_Handbook.jiangshizhimaoshou | N66: 1.3
A67: 64 | B67: htNpc_Normal | C67: 63 | D67: 2113 | E67: 毒魔 | F67: 0 | G67: 32~35 | H67: 幽冥海 | I67: 它们曾是海魔族最尊贵的长老，当选择向赤月臣服时，昔日的所有荣光都归于尘土，如今它们有了新的名字‘毒魔’。 | J67: 0 | K67: 0 | L67: 0 | M67: img://UI_Handbook.dumo | N67: 0.8
A68: 65 | B68: htNpc_Normal | C68: 64 | D68: 2114 | E68: 独眼魔 | F68: 0 | G68: 32~35 | H68: 幽冥海 | I68: 在诞生之时它们就选择把一只眼睛吃入肚中，这样它们在观测外界的时候也能观察自身，是一种极为狡诈的怪物。 | J68: 0 | K68: 0 | L68: 0 | M68: img://UI_Handbook.duyanmo | N68: 1
A69: 66 | B69: htNpc_Normal | C69: 65 | D69: 2116 | E69: 鱼人死士 | F69: 0 | G69: 1~8 | H69: 幽冥海 | I69: 作为海魔族的孤儿，它们从小就被收集起来当做死士培养，全部都有钢铁般的意志和视死如归的勇气。 | J69: 0 | K69: 0 | L69: 0 | M69: img://UI_Handbook.yurensishi | N69: 0.9
A70: 67 | B70: htNpc_Normal | C70: 66 | D70: 2164 | E70: 幻魔 | F70: 0 | G70: 1~8 | H70: 幽冥海 | I70: 幻魔本身并不可怕，它们几乎没有攻击力，但若你因为轻视而陷入它们的幻境，那就是真正可怕了…… | J70: 0 | K70: 0 | L70: 0 | M70: img://UI_Handbook.huanmo | N70: 1
A71: 68 | B71: htNpc_Normal | C71: 67 | D71: 2165 | E71: 熔岩魔 | F71: 0 | G71: 1~13 | H71: 幽冥海 | I71: 在海底居然有火属性的怪物也是奇怪的事，但你如果能想到深埋在海底下的炙热岩浆，那就没什么好意外了。 | J71: 0 | K71: 0 | L71: 0 | M71: img://UI_Handbook.lieyanemo | N71: 1
A72: 69 | B72: htNpc_Normal | C72: 68 | D72: 1071 | E72: 祖玛老鼠 | F72: 0 | G72: 1~13 | H72: 祖玛寺庙 | I72: 虽然只是普通的老鼠，但是在祖玛魔力的影响下，似乎也和别的老鼠不一样了。 | J72: 0 | K72: 0 | L72: 0 | M72: img://UI_Handbook.zumalaoshu | N72: 0.8
... A76: 73 | B76: htNpc_Normal | C76: 72 | D76: 1075 | E76: 蝙蝠 | F76: 0 | G76: 8~18 | H76: 祖玛寺庙 | I76: 就是你想的那样，普通的蝙蝠，但不知何时也有了攻击人类的癖好。 | J76: 0 | K76: 0 | L76: 0 | M76: img://UI_Handbook.efu | N76: 1
A77: 74 | B77: htNpc_Normal | C77: 73 | D77: 1076,3249 | E77: 角蝇 | F77: 0 | G77: 8~13 | H77: 石墓、祖玛寺庙 | I77: 活人的血肉是它们最爱的食物，只要闻到人味就会发狂。 | J77: 0 | K77: 0 | L77: 0 | M77: img://UI_Handbook.jiaoying | N77: 0.6
A78: 75 | B78: htNpc_Normal | C78: 74 | D78: 1077,3250 | E78: 楔蛾 | F78: 0 | G78: 14~18 | H78: 石墓、祖玛寺庙 | I78: 这可是祖玛寺庙中最出名的动物之一，会隐身的英雄们可千万不要靠近它。 | J78: 0 | K78: 0 | L78: 0 | M78: img://UI_Handbook.qie | N78: 1
A79: 76 | B79: htNpc_Normal | C79: 75 | D79: 1078 | E79: 邪箭弓手 | F79: 0 | G79: 19~23 | H79: 石墓、祖玛寺庙 | I79: 它们所有的弓箭都粹染了同族的血，因此邪魅无比，只要被轻轻擦伤，就再也难逃它们的追踪。 | J79: 0 | K79: 0 | L79: 0 | M79: img://UI_Handbook.zumagongshou | N79: 1
A80: 77 | B80: htNpc_Normal | C80: 76 | D80: 1092 | E80: 月魔蜘蛛 | F80: 0 | G80: 8~18 | H80: 赤月峡谷 | I80: 曾经被称作“阎罗王”的变异蜘蛛，嗅觉极其灵敏，对生人气息十分敏感，在生出类似蝙蝠一般的翅膀后行动也变得迅速起来。 | J80: 0 | K80: 0 | L80: 0 | M80: img://UI_Handbook.yuemozhizhu | N80: 1
A81: 78 | B81: htNpc_Normal | C81: 77 | D81: 1093 | E81: 天狼蜘蛛 | F81: 0 | G81: 8~13 | H81: 赤月峡谷 | I81: 存在于赤月峡谷的生灵曾经有过一场大规模的自相残杀，它们忽然变得嗜血残暴，甚至同类之间互相吞噬，最终获胜的物种竟然是蜘蛛。从此，各种蜘蛛开始大规模繁衍并逐步魔化，天狼蜘蛛便是其中体型巨大，力量强悍的一种，尖刺一般的利爪宣告自己是天生的杀人机器。 | J81: 0 | K81: 0 | L81: 0 | M81: img://UI_Handbook.tianlangzhizhu | N81: 0.6
A82: 79 | B82: htNpc_Normal | C82: 78 | D82: 1094 | E82: 钢牙蜘蛛 | F82: 0 | G82: 14~18 | H82: 赤月峡谷 | I82: 这种魔蛛有着镰刀一般的长牙，很难想象这样锋利的牙齿为何不会伤到它自己。 | J82: 0 | K82: 0 | L82: 0 | M82: img://UI_Handbook.gangyazhizhu | N82: 0.7
A83: 80 | B83: htNpc_Normal | C83: 79 | D83: 1112 | E83: 暴牙蜘蛛 | F83: 0 | G83: 14~18 | H83: 赤月峡谷 | I83: 这种魔蛛有着镰刀一般的长牙，很难想象这样锋利的牙齿为何不会伤到它自己。 | J83: 0 | K83: 0 | L83: 0 | M83: img://UI_Handbook.gangyazhizhu | N83: 0.7
A84: 81 | B84: htNpc_Normal | C84: 80 | D84: 1095 | E84: 花吻蜘蛛 | F84: 0 | G84: 14~18 | H84: 赤月峡谷 | I84: 如鬼魅一般穿梭于赤月峡谷的各个角落，普通人只要被它咬上一口便会入坠迷梦，之后便笑着死去。 | J84: 0 | K84: 0 | L84: 0 | M84: img://UI_Handbook.huawenzhizhu | N84: 0.6
A85: 82 | B85: htNpc_Normal | C85: 81 | D85: 1096 | E85: 黑锷蜘蛛 | F85: 0 | G85: 19~23 | H85: 赤月峡谷 | I85: 最初很多人将它认作螃蟹，直到有人亲眼看到这种变异魔蛛破茧而出时才知道，原来蜘蛛也能长着螃蟹一般的鳌足，稍大一些的黑锷蜘蛛甚至能轻松钳断铁制兵器，杀伤力惊人。 | J85: 0 | K85: 0 | L85: 0 | M85: img://UI_Handbook.heiezhizhu | N85: 0.5
A86: 83 | B86: htNpc_Normal | C86: 82 | D86: 1098 | E86: 血巨人 | F86: 0 | G86: 19~23 | H86: 赤月峡谷 | I86: 赤月峡谷中难得一见的人形生物，据说是此前死在洞中的人魔化所致，虽然生前是人，但早已成为赤月恶魔最忠实的仆人。 | J86: 0 | K86: 0 | L86: 0 | M86: img://UI_Handbook.xuejuren | N86: 1
A87: 84 | B87: htNpc_Normal | C87: 83 | D87: 1113 | E87: 血僵尸 | F87: 0 | G87: 19~23 | H87: 赤月峡谷 | I87: 身体魁梧力大无穷的魔化生物，破坏欲极强，想要徒手撕开所见的一切东西，如果没有超强的实力，面对它时千万别犹豫，赶快逃吧！ | J87: 0 | K87: 0 | L87: 0 | M87: img://UI_Handbook.xuejuren | N87: 1
A88: 85 | B88: htNpc_Normal | C88: 84 | D88: 1100 | E88: 爆裂蜘蛛 | F88: 0 | G88: 19~23 | H88: 赤月峡谷 | I88: 火红的腹部在夜晚都会熠熠生辉，但千万不要把它当做萤火虫一样可爱的虫子，它爆炸起来连它自己都害怕。 | J88: 0 | K88: 0 | L88: 0 | M88: img://UI_Handbook.baoliezhizhu | N88: 1.8
A89: 86 | B89: htNpc_Normal | C89: 85 | D89: 1102 | E89: 猎魔蜘蛛 | F89: 0 | G89: 19~27 | H89: 赤月峡谷 | I89: 具有极强的消化能力，所以就像一个无底洞一样需要一刻不停的进食，又被成为“蛛中貔貅”。 | J89: 0 | K89: 0 | L89: 0 | M89: img://UI_Handbook.liemozhizhu | N89: 0.2
A90: 87 | B90: htNpc_Elite | C90: 0 | D90: 841 | E90: 兵俑 铁皮 | F90: 0 | G90: 1~8 | H90: 边界村 | I90: 曾经只是一个做成士兵形象的稻草人，有顽皮的孩子给它披上铁皮，为了让它看起来‘更凶恶’一点。没想到却变成了真正的穷凶极恶。 | J90: 0 | K90: 0 | L90: 0 | M90: img://UI_Handbook.monster_31 | N90: 1
A91: 88 | B91: htNpc_Elite | C91: 1 | D91: 842 | E91: 稻草人 符命 | F91: 0 | G91: 1~8 | H91: 边界村 | I91: 自命不凡的稻草人。它坚信只有自己才是正宗的稻草人，但无知的人类却将它与普通稻草人混为一谈，这令它十分暴躁。 | J91: 0 | K91: 0 | L91: 0 | M91: img://UI_Handbook.monster_31 | N91: 1
A92: 89 | B92: htNpc_Elite | C92: 2 | D92: 845 | E92: 稻草人 巧魔 | F92: 0 | G92: 1~8 | H92: 边界村 | I92: 有一颗爱美之心的稻草人。也许是受到邪恶力量的影响，它无法容忍比自己更精致更美丽的人类。“那么就把他们都杀掉好了”，它这么想着。 | J92: 0 | K92: 0 | L92: 0 | M92: img://UI_Handbook.monster_31 | N92: 1
A93: 90 | B93: htNpc_Elite | C93: 3 | D93: 848 | E93: 稻草人 魂十五 | F93: 0 | G93: 1~13 | H93: 边界村 | I93: 被未知的邪恶力量影响着的稻草人，十分嗜杀。曾有许多不知情的过路商人和边界村村民遭到它的毒手。 | J93: 0 | K93: 0 | L93: 0 | M93: img://UI_Handbook.monster_31 | N93: 1
A94: 91 | B94: htNpc_Elite | C94: 4 | D94: 839 | E94: 钉耙猫 九命 | F94: 0 | G94: 1~13 | H94: 边界村 | I94: 它曾经也是一只善良的猫妖，为帮助其他妖魔而舍去了八条尾巴，却发现它们都只是欺骗它而已。愤怒和仇恨充满它的内心，它已经不再是过去的它了…… | J94: 0 | K94: 0 | L94: 0 | M94: img://UI_Handbook.monster_7 | N94: 0.9
A95: 92 | B95: htNpc_Elite | C95: 5 | D95: 843 | E95: 钉耙猫 稻田偷儿 | F95: 0 | G95: 1~13 | H95: 边界村 | I95: 喜欢躲藏在稻田里的钉耙猫。虽然钉耙猫是种极为贪婪的魔灵，但是贪婪到连一块碎布都不放过的，大概也就只有这么一个了吧。 | J95: 0 | K95: 0 | L95: 0 | M95: img://UI_Handbook.monster_7 | N95: 0.9
... A129: 126 | B129: htNpc_Elite | C129: 39 | D129: 3128 | E129: 蛮战士 铜须 | F129: 0 | G129: 1~13 | H129: 沃玛森林 | I129: 生性好色的半兽人勇士，常因不合时宜的争风吃醋而被惩罚。但这并不意味着它一无是处。相反，它内心十分精明，且留恋权力，绝对不会放过任何可以提升战绩、积攒战功的机会，也因此比其他的半兽人勇士更为残忍可怕。 | J129: 0 | K129: 0 | L129: 0 | M129: img://UI_Handbook.monster_3 | N129: 1.3
A130: 127 | B130: htNpc_Elite | C130: 40 | D130: 3150 | E130: 堕落恶灵 守宫 | F130: 0 | G130: 8~13 | H130: 沃玛寺庙 | I130: 从尸山血海里爬出来的暗黑战士。残忍嗜血，暴虐无常。为了获得可以维持自己生存的新鲜血液，它时常主动攻击前来寺庙冒险的勇士。而它的攻击，一般的勇士可抵御不了。 | J130: 0 | K130: 99900019,99900018,99900021,99980413,99990413,99980423,99990423,99980433,99990433,99930018,99930017,99930014 | L130: 0 | M130: img://UI_Handbook.monster_1 | N130: 0.6
A131: 128 | B131: htNpc_Elite | C131: 41 | D131: 3151 | E131: 堕落恶灵 刃魔 | F131: 0 | G131: 8~18 | H131: 沃玛寺庙 | I131: 叛逃被抓的沃玛教成员，遭受了极为残忍的处罚，被剥夺了人性和理智，沦为人不人鬼不鬼的怪物，只一心替沃玛教看守神殿。任何接近神庙的人都会遭到它猛烈的攻击。 | J131: 0 | K131: 99900019,99900018,99900021,99980413,99990413,99980423,99990423,99980433,99990433,99930018,99930017,99930014 | L131: 0 | M131: img://UI_Handbook.monster_1 | N131: 0.6
A132: 129 | B132: htNpc_Elite | C132: 42 | D132: 3152 | E132: 堕落恶灵 血主 | F132: 0 | G132: 8~13 | H132: 沃玛寺庙 | I132: 原为盟重冒险者中的一员，但却受不住沃玛教主的诱惑，抛弃尊严，投入邪恶的怀抱。为获得沃玛教主更多的认可，它甚至还亲自诱杀了昔日的同伴。所有老一辈勇士都对它深恶痛绝。 | J132: 0 | K132: 99900019,99900018,99900021,99980413,99990413,99980423,99990423,99980433,99990433,99930018,99930017,99930014 | L132: 0 | M132: img://UI_Handbook.monster_1 | N132: 0.6
A133: 130 | B133: htNpc_Elite | C133: 43 | D133: 3153 | E133: 疯魔卫 无畏 | F133: 0 | G133: 14~18 | H133: 沃玛寺庙 | I133: 沃玛教主的忠实奴仆，曾亲眼目睹沃玛教主的复生，坚信沃玛教主才是玛法大陆唯一强大的王者，任何反抗或阻拦沃玛教主的人都是它的敌人。虽然它无法走出沃玛寺庙，但它的存在确实给不少冒险者带来更多的危险。 | J133: 0 | K133: 99900019,99900018,99900021,99980413,99990413,99980423,99990423,99980433,99990433,99930018,99930017,99930014 | L133: 0 | M133: img://UI_Handbook.monster_36 | N133: 1
A134: 131 | B134: htNpc_Elite | C134: 44 | D134: 3154 | E134: 疯魔卫 铁蹄 | F134: 0 | G134: 14~18 | H134: 沃玛寺庙 | I134: 它清楚的记得自己已经死在了龙卫手下，但如今却又如此真实的活着，甚至于，还拥有了比以前更强大的力量。虽然这些事确实无法解释，不过它并不在乎。既然又活了，那就让沃玛寺庙里的杀戮来得更猛烈些吧！ | J134: 0 | K134: 99900019,99900018,99900021,99980413,99990413,99980423,99990423,99980433,99990433,99930018,99930017,99930014 | L134: 0 | M134: img://UI_Handbook.monster_36 | N134: 1
A135: 132 | B135: htNpc_Elite | C135: 45 | D135: 3155 | E135: 疯魔卫 钢角 | F135: 0 | G135: 19~23 | H135: 沃玛寺庙 | I135: 原是普通的沃玛教成员，但在沃玛教主的复生献祭中却奇迹般地活了下来。大祭司为更好的控制它，便夺去它的神智。从此后，它就变得疯疯癫癫，彻底沦为了沃玛邪教的杀戮工具。 | J135: 0 | K135: 99900019,99900018,99900021,99980413,99990413,99980423,99990423,99980433,99990433,99930018,99930017,99930014 | L135: 0 | M135: img://UI_Handbook.monster_36 | N135: 1
A136: 133 | B136: htNpc_Elite | C136: 46 | D136: 3156 | E136: 鬼域守卫 鬼面 | F136: 0 | G136: 19~23 | H136: 沃玛寺庙 | I136: 因其可怕的折磨人手段而恶名远扬的沃玛战将，落入它手中的人，无一不死相凄惨。常有冒险者来沃玛寺庙寻它为亲人朋友复仇。对此，它的反应是更加兴奋，而手段也愈加残暴了。 | J136: 0 | K136: 99900019,99900018,99900021,99980413,99990413,99980423,99990423,99980433,99990433,99930018,99930017,99930014 | L136: 0 | M136: img://UI_Handbook.monster_37 | N136: 1
A137: 134 | B137: htNpc_Elite | C137: 47 | D137: 3157 | E137: 鬼域守卫 羊钉 | F137: 0 | G137: 19~23 | H137: 沃玛寺庙 | I137: 多年前沃玛教主曾带领一队人马攻打人类的城池，羊钉正是其中的先锋。在龙卫斩杀沃玛教主之后，这场战争很快就结束了。大祭司带着残余兵力逃回沃玛寺庙，谋划着沃玛教主的复生，力量过人的羊钉便被任命为寺庙的护卫。 | J137: 0 | K137: 99900019,99900018,99900021,99980413,99990413,99980423,99990423,99980433,99990433,99930018,99930017,99930014 | L137: 0 | M137: img://UI_Handbook.monster_37 | N137: 1
A138: 135 | B138: htNpc_Elite | C138: 48 | D138: 3158 | E138: 鬼域守卫 怒锤 | F138: 0 | G138: 19~23 | H138: 沃玛寺庙 | I138: 完全遗忘了过去的沃玛战将，它渴望找回自己的记忆，但却无法离开沃玛寺庙。大祭司便以此为条件，让它心甘情愿成为神庙的守卫，阻拦所有前来破坏沃玛教主复活的冒险者。 | J138: 0 | K138: 99900019,99900018,99900021,99980413,99990413,99980423,99990423,99980433,99990433,99930018,99930017,99930014 | L138: 0 | M138: img://UI_Handbook.monster_37 | N138: 1
A139: 136 | B139: htNpc_Elite | C139: 49 | D139: 3159 | E139: 烈焰神卫 炽目 | F139: 0 | G139: 19~23 | H139: 沃玛寺庙 | I139: 由沃玛教主亲自挑选出来的贴身护卫，浑身缠绕着黑暗的力量，巨大的兽蹄仿佛可以踩碎一切。要小心它的眼睛，也许会让你失明。 | J139: 0 | K139: 99900019,99900018,99900021,99980413,99990413,99980423,99990423,99980433,99990433,99930018,99930017,99930014 | L139: 0 | M139: img://UI_Handbook.monster_33 | N139: 1
A140: 137 | B140: htNpc_Elite | C140: 50 | D140: 3160 | E140: 烈焰神卫 炎足 | F140: 0 | G140: 19~27 | H140: 沃玛寺庙 | I140: 身为沃玛教主的护卫，它并未将自己的忠诚献给教主，相反，它只相信自己和握在手中的力量。它的野心和它对力量的饥渴，使它成为一个不可预知的危险对手。 | J140: 0 | K140: 99900019,99900018,99900021,99980413,99990413,99980423,99990423,99980433,99990433,99930018,99930017,99930014 | L140: 0 | M140: img://UI_Handbook.monster_33 | N140: 1
A141: 138 | B141: htNpc_Elite | C141: 51 | D141: 3161 | E141: 烈焰神卫 沸血 | F141: 0 | G141: 24~27 | H141: 沃玛寺庙 | I141: 相传它是在火焰中重生的沃玛护卫，每一次重生都能让它的力量变得更为强大。而冒险者们至今未找到阻止它重生的办法。 | J141: 0 | K141: 99900019,99900018,99900021,99980413,99990413,99980423,99990423,99980433,99990433,99930018,99930017,99930014 | L141: 0 | M141: img://UI_Handbook.monster_33 | N141: 1
... A144: 141 | B144: htNpc_Elite | C144: 54 | D144: 3164 | E144: 裂地巨魔 断空 | F144: 0 | G144: 1~8 | H144: 沃玛寺庙 | I144: 昔日大战前，沃玛教主曾留下了一位最为信任的护卫守护它的圣地——沃玛寺庙。那护卫名为断空，利爪和蝠翼是它的标志。它是许多来沃玛寺庙冒险勇士们的噩梦，但打败它更是勇士们的毕生追求。 | J144: 0 | K144: 99900019,99900018,99900021,99980413,99990413,99980423,99990423,99980433,99990433,99930018,99930017,99930014 | L144: 0 | M144: img://UI_Handbook.monster_16 | N144: 1
A145: 142 | B145: htNpc_Elite | C145: 55 | D145: 3180 | E145: 盔甲虫 魔蝇 | F145: 0 | G145: 1~8 | H145: 盟重省 | I145: 十分凶残的杀人魔虫，传说它可以从腐尸中获得力量。虽然这种说法并未得到验证，但无法否认的是，它的力量正在一天天增强。 | J145: 0 | K145: 0 | L145: 0 | M145: img://UI_Handbook.monster_26 | N145: 1.2
A146: 143 | B146: htNpc_Elite | C146: 56 | D146: 3181 | E146: 盔甲虫 龙须 | F146: 0 | G146: 1~13 | H146: 盟重省 | I146: 不满足于活在自己世界里的怪虫，它热衷于让自己的外形看起来更威武英气，但却常遭到土城冒险者的追杀。“那些无知而愚蠢的人类一定是在嫉妒我的美貌！”这么想着，它决定要让他们知道些厉害！ | J146: 0 | K146: 0 | L146: 0 | M146: img://UI_Handbook.monster_26 | N146: 1.2
...

Sheet Sheet2
B7: 基本剑术[旋风] | C7: 10311 | D7: =LEFT(C7,4) -> 1031 | E7: =RIGHT(C7) -> 1 | F7: {=VLOOKUP(D7&E7,IF({1,0},[3]spell_var!$A$3:$A$16841&[3]spell_var!$B$3:$B$16841,[3]spell_var!$L$3:$L$16841),2,FALSE)} -> 旋风印 | G7: {=VLOOKUP(D7&0,IF({1,0},[3]spell_var!$A$3:$A$16841&[3]spell_var!$B$3:$B$16841,[3]spell_var!$L$3:$L$16841),2,FALSE)} -> 基本剑术 | H7: =G7&"["&F7&"]" -> 基本剑术[旋风印] | I7: 基本剑术 | J7: 旋风印
B8: 基本剑术[主宰] | C8: 10312 | D8: =LEFT(C8,4) -> 1031 | E8: =RIGHT(C8) -> 2 | F8: {=VLOOKUP(D8&E8,IF({1,0},[3]spell_var!$A$3:$A$16841&[3]spell_var!$B$3:$B$16841,[3]spell_var!$L$3:$L$16841),2,FALSE)} -> 主宰印 | G8: {=VLOOKUP(D8&0,IF({1,0},[3]spell_var!$A$3:$A$16841&[3]spell_var!$B$3:$B$16841,[3]spell_var!$L$3:$L$16841),2,FALSE)} -> 基本剑术 | H8: =G8&"["&F8&"]" -> 基本剑术[主宰印] | I8: 基本剑术 | J8: 主宰印
B9: 基本剑术[幽速] | C9: 10313 | D9: =LEFT(C9,4) -> 1031 | E9: =RIGHT(C9) -> 3 | F9: {=VLOOKUP(D9&E9,IF({1,0},[3]spell_var!$A$3:$A$16841&[3]spell_var!$B$3:$B$16841,[3]spell_var!$L$3:$L$16841),2,FALSE)} -> 幽速印 | G9: {=VLOOKUP(D9&0,IF({1,0},[3]spell_var!$A$3:$A$16841&[3]spell_var!$B$3:$B$16841,[3]spell_var!$L$3:$L$16841),2,FALSE)} -> 基本剑术 | H9: =G9&"["&F9&"]" -> 基本剑术[幽速印] | I9: 基本剑术 | J9: 幽速印
B10: 基本剑术[压制] | C10: 10314 | D10: =LEFT(C10,4) -> 1031 | E10: =RIGHT(C10) -> 4 | F10: {=VLOOKUP(D10&E10,IF({1,0},[3]spell_var!$A$3:$A$16841&[3]spell_var!$B$3:$B$16841,[3]spell_var!$L$3:$L$16841),2,FALSE)} -> 压制印 | G10: {=VLOOKUP(D10&0,IF({1,0},[3]spell_var!$A$3:$A$16841&[3]spell_var!$B$3:$B$16841,[3]spell_var!$L$3:$L$16841),2,FALSE)} -> 基本剑术 | H10: =G10&"["&F10&"]" -> 基本剑术[压制印] | I10: 基本剑术 | J10: 压制印
B11: 攻杀剑术[暴君] | C11: 10321 | D11: =LEFT(C11,4) -> 1032 | E11: =RIGHT(C11) -> 1 | F11: {=VLOOKUP(D11&E11,IF({1,0},[3]spell_var!$A$3:$A$16841&[3]spell_var!$B$3:$B$16841,[3]spell_var!$L$3:$L$16841),2,FALSE)} -> 暴君印 | G11: {=VLOOKUP(D11&0,IF({1,0},[3]spell_var!$A$3:$A$16841&[3]spell_var!$B$3:$B$16841,[3]spell_var!$L$3:$L$16841),2,FALSE)} -> 攻杀剑术 | H11: =G11&"["&F11&"]" -> 攻杀剑术[暴君印] | I11: 攻杀剑术 | J11: 暴君印
B12: 攻杀剑术[银光] | C12: 10322 | D12: =LEFT(C12,4) -> 1032 | E12: =RIGHT(C12) -> 2 | F12: {=VLOOKUP(D12&E12,IF({1,0},[3]spell_var!$A$3:$A$16841&[3]spell_var!$B$3:$B$16841,[3]spell_var!$L$3:$L$16841),2,FALSE)} -> 银光印 | G12: {=VLOOKUP(D12&0,IF({1,0},[3]spell_var!$A$3:$A$16841&[3]spell_var!$B$3:$B$16841,[3]spell_var!$L$3:$L$16841),2,FALSE)} -> 攻杀剑术 | H12: =G12&"["&F12&"]" -> 攻杀剑术[银光印] | I12: 攻杀剑术 | J12: 银光印
B13: 攻杀剑术[血杀] | C13: 10323 | D13: =LEFT(C13,4) -> 1032 | E13: =RIGHT(C13) -> 3 | F13: {=VLOOKUP(D13&E13,IF({1,0},[3]spell_var!$A$3:$A$16841&[3]spell_var!$B$3:$B$16841,[3]spell_var!$L$3:$L$16841),2,FALSE)} -> 血杀印 | G13: {=VLOOKUP(D13&0,IF({1,0},[3]spell_var!$A$3:$A$16841&[3]spell_var!$B$3:$B$16841,[3]spell_var!$L$3:$L$16841),2,FALSE)} -> 攻杀剑术 | H13: =G13&"["&F13&"]" -> 攻杀剑术[血杀印] | I13: 攻杀剑术 | J13: 血杀印
B14: 攻杀剑术[碧落] | C14: 10324 | D14: =LEFT(C14,4) -> 1032 | E14: =RIGHT(C14) -> 4 | F14: {=VLOOKUP(D14&E14,IF({1,0},[3]spell_var!$A$3:$A$16841&[3]spell_var!$B$3:$B$16841,[3]spell_var!$L$3:$L$16841),2,FALSE)} -> 煌龙印 | G14: {=VLOOKUP(D14&0,IF({1,0},[3]spell_var!$A$3:$A$16841&[3]spell_var!$B$3:$B$16841,[3]spell_var!$L$3:$L$16841),2,FALSE)} -> 攻杀剑术 | H14: =G14&"["&F14&"]" -> 攻杀剑术[煌龙印] | I14: 攻杀剑术 | J14: 煌龙印
B15: 刺杀剑术[破法] | C15: 10331 | D15: =LEFT(C15,4) -> 1033 | E15: =RIGHT(C15) -> 1 | F15: {=VLOOKUP(D15&E15,IF({1,0},[3]spell_var!$A$3:$A$16841&[3]spell_var!$B$3:$B$16841,[3]spell_var!$L$3:$L$16841),2,FALSE)} -> 破法印 | G15: {=VLOOKUP(D15&0,IF({1,0},[3]spell_var!$A$3:$A$16841&[3]spell_var!$B$3:$B$16841,[3]spell_var!$L$3:$L$16841),2,FALSE)} -> 刺杀剑术 | H15: =G15&"["&F15&"]" -> 刺杀剑术[破法印] | I15: 刺杀剑术 | J15: 破法印
B16: 刺杀剑术[耀光] | C16: 10332 | D16: =LEFT(C16,4) -> 1033 | E16: =RIGHT(C16) -> 2 | F16: {=VLOOKUP(D16&E16,IF({1,0},[3]spell_var!$A$3:$A$16841&[3]spell_var!$B$3:$B$16841,[3]spell_var!$L$3:$L$16841),2,FALSE)} -> 耀光印 | G16: {=VLOOKUP(D16&0,IF({1,0},[3]spell_var!$A$3:$A$16841&[3]spell_var!$B$3:$B$16841,[3]spell_var!$L$3:$L$16841),2,FALSE)} -> 刺杀剑术 | H16: =G16&"["&F16&"]" -> 刺杀剑术[耀光印] | I16: 刺杀剑术 | J16: 耀光印
B17: 刺杀剑术[破山] | C17: 10333 | D17: =LEFT(C17,4) -> 1033 | E17: =RIGHT(C17) -> 3 | F17: {=VLOOKUP(D17&E17,IF({1,0},[3]spell_var!$A$3:$A$16841&[3]spell_var!$B$3:$B$16841,[3]spell_var!$L$3:$L$16841),2,FALSE)} -> 破山印 | G17: {=VLOOKUP(D17&0,IF({1,0},[3]spell_var!$A$3:$A$16841&[3]spell_var!$B$3:$B$16841,[3]spell_var!$L$3:$L$16841),2,FALSE)} -> 刺杀剑术 | H17: =G17&"["&F17&"]" -> 刺杀剑术[破山印] | I17: 刺杀剑术 | J17: 破山印
B18: 半月弯刀[月华] | C18: 10341 | D18: =LEFT(C18,4) -> 1034 | E18: =RIGHT(C18) -> 1 | F18: {=VLOOKUP(D18&E18,IF({1,0},[3]spell_var!$A$3:$A$16841&[3]spell_var!$B$3:$B$16841,[3]spell_var!$L$3:$L$16841),2,FALSE)} -> 月华印 | G18: {=VLOOKUP(D18&0,IF({1,0},[3]spell_var!$A$3:$A$16841&[3]spell_var!$B$3:$B$16841,[3]spell_var!$L$3:$L$16841),2,FALSE)} -> 半月弯刀 | H18: =G18&"["&F18&"]" -> 半月弯刀[月华印] | I18: 半月弯刀 | J18: 月华印
... B96: 噬血术[夺魂] | C96: 30102 | D96: =LEFT(C96,4) -> 3010 | E96: =RIGHT(C96) -> 2 | F96: {=VLOOKUP(D96&E96,IF({1,0},[3]spell_var!$A$3:$A$16841&[3]spell_var!$B$3:$B$16841,[3]spell_var!$L$3:$L$16841),2,FALSE)} -> 夺魂印 | G96: {=VLOOKUP(D96&0,IF({1,0},[3]spell_var!$A$3:$A$16841&[3]spell_var!$B$3:$B$16841,[3]spell_var!$L$3:$L$16841),2,FALSE)} -> 噬血术 | H96: =G96&"["&F96&"]" -> 噬血术[夺魂印] | I96: 噬血术 | J96: 夺魂印
B101: 10110 | C101: =VLOOKUP(B101,[1]item!$A$4:$BB$894,2,FALSE) -> 驭朱灵石1级
B102: 10120 | C102: =VLOOKUP(B102,[1]item!$A$4:$BB$894,2,FALSE) -> 命朱灵石1级
B103: 10220 | C103: =VLOOKUP(B103,[1]item!$A$4:$BB$894,2,FALSE) -> 守阳灵石1级
B104: 10320 | C104: =VLOOKUP(B104,[1]item!$A$4:$BB$894,2,FALSE) -> 蔚蓝灵石1级
B105: 10420 | C105: =VLOOKUP(B105,[1]item!$A$4:$BB$894,2,FALSE) -> 精绿灵石1级
B106: 10520 | C106: =VLOOKUP(B106,[1]item!$A$4:$BB$894,2,FALSE) -> 纯紫灵石1级

Sheet Sheet3
A1: 6682 | B1: =VLOOKUP(A1,J1:N1178,5,FALSE) -> 朴无界 | C1: =VLOOKUP(A1,J1:O1178,6,FALSE) -> 书店 | J1: TemplateID | K1: NameID | L1: Level | M1: GroupID | N1: DisplayName | O1: IdentityName
A2: 6679 | B2: =VLOOKUP(A2,J2:N1179,5,FALSE) -> 王大锤 | C2: =VLOOKUP(A2,J2:O1179,6,FALSE) -> 0 | J2: Both | K2: Both | L2: Both | M2: Both | N2: Both | O2: Client
A3: 6672 | B3: =VLOOKUP(A3,J3:N1180,5,FALSE) -> 王铁匠 | C3: =VLOOKUP(A3,J3:O1180,6,FALSE) -> 武器店 | J3: 0 | K3: 0 | N3: N/A
A4: 6662 | B4: =VLOOKUP(A4,J4:N1181,5,FALSE) -> 白玉兰 | C4: =VLOOKUP(A4,J4:O1181,6,FALSE) -> 防具店 | J4: 6911 | K4: 沙巴克报名官 | L4: 1 | M4: 0 | N4: 沙巴克报名官
A5: 6663 | B5: =VLOOKUP(A5,J5:N1182,5,FALSE) -> 药老 | C5: =VLOOKUP(A5,J5:O1182,6,FALSE) -> 药店 | J5: 6912 | K5: 沙巴克饰品店 | L5: 1 | M5: 0 | N5: 沙巴克饰品店
A6: 6664 | B6: =VLOOKUP(A6,J6:N1183,5,FALSE) -> 醉爷 | C6: =VLOOKUP(A6,J6:O1183,6,FALSE) -> 杂货店 | J6: 6913 | K6: 沙巴克武器店 | L6: 1 | M6: 0 | N6: 沙巴克武器店
A7: 6665 | B7: =VLOOKUP(A7,J7:N1184,5,FALSE) -> 阿吉 | C7: =VLOOKUP(A7,J7:O1184,6,FALSE) -> 仓库 | J7: 6914 | K7: 沙巴克书店 | L7: 1 | M7: 0 | N7: 沙巴克书店
A8: 6666 | B8: =VLOOKUP(A8,J8:N1185,5,FALSE) -> 公会使者 | C8: =VLOOKUP(A8,J8:O1185,6,FALSE) -> 公会 | J8: 6915 | K8: 沙巴克服装店 | L8: 1 | M8: 0 | N8: 沙巴克服装店
A9: 6667 | B9: =VLOOKUP(A9,J9:N1186,5,FALSE) -> 百火 | C9: =VLOOKUP(A9,J9:O1186,6,FALSE) -> 公会仓库 | J9: 6916 | K9: 沙巴克仓库 | L9: 1 | M9: 0 | N9: 沙巴克仓库
A10: 6668 | B10: =VLOOKUP(A10,J10:N1187,5,FALSE) -> 金银手 | C10: =VLOOKUP(A10,J10:O1187,6,FALSE) -> 公会银库 | J10: 6917 | K10: 沙巴克药店 | L10: 1 | M10: 0 | N10: 沙巴克药店
A11: 6670 | B11: =VLOOKUP(A11,J11:N1188,5,FALSE) -> 洛儿 | C11: =VLOOKUP(A11,J11:O1188,6,FALSE) -> 拍卖 | J11: 6918 | K11: 沙巴克杂货店 | L11: 1 | M11: 0 | N11: 沙巴克杂货店
A12: 6713 | B12: =VLOOKUP(A12,J12:N1189,5,FALSE) -> 丘伯 | C12: =VLOOKUP(A12,J12:O1189,6,FALSE) -> 铭文洗练 | J12: 6919 | K12: 沙巴克工会使者 | L12: 1 | M12: 0 | N12: 沙巴克工会使者
A13: 6714 | B13: =VLOOKUP(A13,J13:N1190,5,FALSE) -> 紫容 | C13: =VLOOKUP(A13,J13:O1190,6,FALSE) -> 灵石镶嵌 | J13: 8611 | K13: 雕像 | L13: 1 | M13: 0 | N13: 雕像
A14: 6716 | B14: =VLOOKUP(A14,J14:N1191,5,FALSE) -> 齐山 | C14: =VLOOKUP(A14,J14:O1191,6,FALSE) -> 成就商店 | J14: 8610 | K14: 皇宫门2 | L14: 1 | M14: 0 | N14: 皇宫门2
A15: 6717 | B15: =VLOOKUP(A15,J15:N1192,5,FALSE) -> 香毒 | C15: =VLOOKUP(A15,J15:O1192,6,FALSE) -> 药店 | J15: 8609 | K15: 沙巴克城门2 | L15: 1 | M15: 0 | N15: 沙巴克城门2
... A55: 6816 | B55: =VLOOKUP(A55,J55:N1232,5,FALSE) -> 胡大福 | C55: =VLOOKUP(A55,J55:O1232,6,FALSE) -> 首饰 | J55: 5287 | K55: 触龙神01 | L55: 60 | M55: 0 | N55: 触龙神01
B56: =VLOOKUP(A56,J56:N1233,5,FALSE) -> #N/A | C56: =VLOOKUP(A56,J56:O1233,6,FALSE) -> #N/A | J56: 5268 | K56: 尸王01 | L56: 45 | M56: 10006 | N56: 尸王01
B57: =VLOOKUP(A57,J57:N1234,5,FALSE) -> #N/A | C57: =VLOOKUP(A57,J57:O1234,6,FALSE) -> #N/A | J57: 5270 | K57: 诅咒之棺02 | L57: 25 | M57: 0 | N57: 诅咒之棺02
B58: =VLOOKUP(A58,J58:N1235,5,FALSE) -> #N/A | C58: =VLOOKUP(A58,J58:O1235,6,FALSE) -> #N/A | J58: 5266 | K58: 怨毒和尚僵尸01 | L58: 25 | M58: 10006 | N58: 怨毒和尚僵尸01
B59: =VLOOKUP(A59,J59:N1236,5,FALSE) -> #N/A | C59: =VLOOKUP(A59,J59:O1236,6,FALSE) -> #N/A | J59: 5267 | K59: 怨毒闪电僵尸02 | L59: 25 | M59: 10006 | N59: 怨毒闪电僵尸02
A60: 6661 | B60: =VLOOKUP(A60,J60:N1237,5,FALSE) -> 玲月04 | C60: =VLOOKUP(A60,J60:O1237,6,FALSE) -> 0 | J60: 5269 | K60: 怨毒利爪僵尸03 | L60: 25 | M60: 10006 | N60: 怨毒利爪僵尸03
A61: 6685 | B61: =VLOOKUP(A61,J61:N1238,5,FALSE) -> 朴十八 | C61: =VLOOKUP(A61,J61:O1238,6,FALSE) -> 信差 | J61: 5271 | K61: 稀有双头金刚02 | L61: 50 | M61: 0 | N61: 双头金刚02
A62: 6686 | B62: =VLOOKUP(A62,J62:N1239,5,FALSE) -> 铁牛 | C62: =VLOOKUP(A62,J62:O1239,6,FALSE) -> 除猫队队长 | J62: 5272 | K62: 稀有半兽人头领03 | L62: 50 | M62: 10009 | N62: 半兽人统领03
A63: 6683 | B63: =VLOOKUP(A63,J63:N1240,5,FALSE) -> 南苍公 | C63: =VLOOKUP(A63,J63:O1240,6,FALSE) -> 村长 | J63: 5273 | K63: 黄泉教主01 | L63: 60 | M63: 0 | N63: 黄泉教主01
A64: 6684 | B64: =VLOOKUP(A64,J64:N1241,5,FALSE) -> 阿九08 | C64: =VLOOKUP(A64,J64:O1241,6,FALSE) -> 0 | J64: 5276 | K64: 稀有沃玛护卫01 | L64: 50 | M64: 10012 | N64: 稀有沃玛护卫01
A65: 6669 | B65: =VLOOKUP(A65,J65:N1242,5,FALSE) -> 边界村老兵02 | C65: =VLOOKUP(A65,J65:O1242,6,FALSE) -> 师徒 | J65: 5277 | K65: 稀有火焰沃玛01 | L65: 50 | M65: 10012 | N65: 稀有火焰沃玛01
A66: 6691 | B66: =VLOOKUP(A66,J66:N1243,5,FALSE) -> 城门守将 | C66: =VLOOKUP(A66,J66:O1243,6,FALSE) -> 卫士头领 | J66: 5278 | K66: 沃玛教主01 | L66: 60 | M66: 10012 | N66: 沃玛教主01
A67: 6692 | B67: =VLOOKUP(A67,J67:N1244,5,FALSE) -> 龙相君 | C67: =VLOOKUP(A67,J67:O1244,6,FALSE) -> 城主 | J67: 3159 | K67: 稀有沃玛护卫1 | L67: 50 | M67: 10012 | N67: 烈焰神卫 炽目
A68: 6693 | B68: =VLOOKUP(A68,J68:N1245,5,FALSE) -> 奇云公 | C68: =VLOOKUP(A68,J68:O1245,6,FALSE) -> 书店 | J68: 3160 | K68: 稀有沃玛护卫2 | L68: 50 | M68: 10012 | N68: 鬼刃焰魔 炎足
A69: 6694 | B69: =VLOOKUP(A69,J69:N1246,5,FALSE) -> 防务官 | C69: =VLOOKUP(A69,J69:O1246,6,FALSE) -> 防务 | J69: 3161 | K69: 稀有沃玛护卫3 | L69: 50 | M69: 10012 | N69: 熔火守护者 沸血
A70: 6695 | B70: =VLOOKUP(A70,J70:N1247,5,FALSE) -> 卫常 | C70: =VLOOKUP(A70,J70:O1247,6,FALSE) -> 马夫 | J70: 3162 | K70: 稀有火焰沃玛1 | L70: 50 | M70: 10012 | N70: 炎角煞星 折锐
A71: 6741 | B71: =VLOOKUP(A71,J71:N1248,5,FALSE) -> 飞虎 | C71: =VLOOKUP(A71,J71:O1248,6,FALSE) -> 护卫 | J71: 3163 | K71: 稀有火焰沃玛2 | L71: 50 | M71: 10012 | N71: 狂野之翼 风吼
... A92: 6820 | B92: =VLOOKUP(A92,J92:N1269,5,FALSE) -> 女战士03 | C92: =VLOOKUP(A92,J92:O1269,6,FALSE) -> 女战士 | J92: 5160 | K92: 人形态石目 | L92: 1 | M92: 0 | N92: 石目09
J93: 5156 | K93: 独角鲸人头目 | L93: 1 | M93: 0 | N93: 独角鲸人头目02
J94: 5159 | K94: 海盗女法师头目 | L94: 1 | M94: 0 | N94: 海盗女法师头目
J95: 5161 | K95: 佣兵男射手头目 | L95: 1 | M95: 0 | N95: 佣兵男射手头目
J96: 5162 | K96: 镰蟹03 | L96: 1 | M96: 0 | N96: 海怪镰蟹03
J97: 5176 | K97: 蜃龙兽（大） | L97: 1 | M97: 0 | N97: 蜃龙
J98: 5177 | K98: 稀有剑盾海盗僵尸 | L98: 1 | M98: 0 | N98: 稀有剑盾海盗僵尸09
J99: 5179 | K99: 人形态石目2 | L99: 1 | M99: 0 | N99: 石目10
J100: 5178 | K100: 真·沃玛教主 | L100: 1 | M100: 0 | N100: 真·沃玛教主
J101: 5311 | K101: 蜥蜴人首领02 | L101: 1 | M101: 0 | N101: 天关蜥蜴人首领02
J102: 5312 | K102: 天关龙神01 | L102: 1 | M102: 0 | N102: 天关龙神01
J103: 5313 | K103: 血焰领主02 | L103: 1 | M103: 0 | N103: 天关领主
J104: 5412 | K104: 龙人Boss公会版 | L104: 1 | M104: 0 | N104: 恐怖之牙
... J175: 8478 | K175: 变异矿工尸体03 | L175: 1 | M175: 0 | N175: 变异矿工尸体03
J176: 8468 | K176: 比奇矿区药剂商 | L176: 1 | M176: 0 | N176: 药不灵 | O176: 药店老板
J177: 8469 | K177: 比奇矿区军需官 | L177: 1 | M177: 0 | N177: 金不换 | O177: 军需官
J178: 8473 | K178: 武器铭文大师03 | L178: 1 | M178: 0 | N178: 丘柏 | O178: 铭文师
J179: 8474 | K179: 矿工尸体01 | L179: 1 | M179: 0 | N179: 矿工尸体01
J180: 8475 | K180: 矿工尸体02 | L180: 1 | M180: 0 | N180: 矿工尸体02
J181: 8476 | K181: 矿工尸体03 | L181: 1 | M181: 0 | N181: 矿工尸体03
J182: 8477 | K182: 菱铁矿8477 | L182: 1 | M182: 0 | N182: 菱铁矿8477
J183: 8472 | K183: 矿洞弓箭守卫 | L183: 1 | M183: 0 | N183: 卫兵4 | O183: 狮卫弓手
J184: 8466 | K184: 拖尸体的战士 | L184: 1 | M184: 0 | N184: 拖尸体的战士
J185: 8467 | K185: 小火车 | L185: 1 | M185: 0 | N185: 小火车
J186: 8470 | K186: 塔防护送NPC | L186: 1 | M186: 0 | N186: 流浪武士01 | O186: 刺客
J187: 8471 | K187: 矿洞大刀守卫 | L187: 1 | M187: 0 | N187: 卫兵3 | O187: 狮卫刀兵
J188: 8479 | K188: 尸王殿入口 | L188: 1 | M188: 0 | N188: 尸王殿入口
J189: 8513 | K189: 盟重项链店老板 | L189: 1 | M189: 0 | N189: 项链店老板02 | O189: 首饰
J190: 8514 | K190: 盟重手镯店老板 | L190: 1 | M190: 0 | N190: 手镯店老板02
J191: 8515 | K191: 盟重戒指店老板 | L191: 1 | M191: 0 | N191: 戒指店老板02
J192: 4791 | K192: 活动大使 | L192: 0 | M192: 0 | N192: 活动大使
J193: 4792 | K193: 神秘老人 | L193: 0 | M193: 0 | N193: 神秘老人
J194: 4793 | K194: 招财童子 | L194: 0 | M194: 0 | N194: 招财童子
J195: 4794 | K195: 典狱官 | L195: 0 | M195: 0 | N195: 典狱官
J196: 4795 | K196: 经验武斗场进入 | L196: 0 | M196: 0 | N196: 经验武斗场进入
J197: 4796 | K197: 经验武斗场离开 | L197: 0 | M197: 0 | N197: 经验武斗场离开
J198: 8511 | K198: 临时光束 | L198: 1 | M198: 0 | N198: 门10
J199: 8512 | K199: 盟重省公告牌 | L199: 1 | M199: 0 | N199: 盟重省公告牌1
J200: 8516 | K200: 搬运工02 | L200: 0 | M200: 0 | N200: 搬运工02
J201: 8517 | K201: 搬运工03 | L201: 0 | M201: 0 | N201: 搬运工03
... J222: 8462 | K222: 临时光束 | L222: 1 | M222: 0 | N222: 门09
J223: 8465 | K223: 打捆 | L223: 1 | M223: 0 | N223: 林达 | O223: 捆道具
J224: 4750 | K224: 边界村男青年01 | L224: 1 | M224: 0 | N224: 小潘01
J225: 4751 | K225: 边界村女妇人01 | L225: 1 | M225: 0 | N225: 辛大娘01
J226: 4752 | K226: 边界村屠夫01 | L226: 1 | M226: 0 | N226: 张屠夫01
J227: 4753 | K227: 边界村屠夫之妻01 | L227: 1 | M227: 0 | N227: 张氏01
J228: 4757 | K228: 边界村女妇人02 | L228: 1 | M228: 0 | N228: 武大娘01
J229: 4758 | K229: 边界村屠夫02 | L229: 1 | M229: 0 | N229: 王屠夫01
J230: 4759 | K230: 边界村劳工01 | L230: 1 | M230: 0 | N230: 扫地劳工01
J231: 4760 | K231: 边界村休业的店主 | L231: 1 | M231: 0 | N231: 赵婶01
J232: 8456 | K232: 召唤僵尸02 | L232: 1 | M232: 0 | N232: 召唤僵尸01
J233: 8457 | K233: 召唤僵尸02 | L233: 1 | M233: 0 | N233: 召唤僵尸02
J234: 8458 | K234: 召唤僵尸03 | L234: 1 | M234: 0 | N234: 召唤僵尸03
J235: 8460 | K235: 边界村女居民01 | L235: 0 | M235: 0 | N235: 王氏01
... J826: 811 | K826: 植物03 | L826: 1 | M826: 0 | N826: 植物03
J827: 6101 | K827: 1号 | L827: 1 | M827: 0 | N827: 1号 | O827: 富贵传送员
J828: 6102 | K828: 2号 | L828: 1 | M828: 0 | N828: 2号
J829: 6804 | K829: 杂货商人09 | L829: 1 | M829: 0 | N829: 老吉 | O829: 杂货
J830: 6805 | K830: 药剂商09 | L830: 1 | M830: 0 | N830: 圆圆 | O830: 药店
J831: 6801 | K831: 虾老大死亡峡谷01 | L831: 1 | M831: 0 | N831: 虾老大06
J832: 6802 | K832: 受伤的法师 | L832: 1 | M832: 0 | N832: 受伤的法师
J833: 6803 | K833: 虾老大死亡峡谷02 | L833: 1 | M833: 0 | N833: 虾老大07
J834: 6813 | K834: 杂货商人04 | L834: 1 | M834: 0 | N834: 麻花02 | O834: 杂货店
J835: 6814 | K835: 武器大师05 | L835: 1 | M835: 0 | N835: 魏铁生02 | O835: 武器店
J836: 6815 | K836: 药剂商04 | L836: 1 | M836: 0 | N836: 钱一万 | O836: 药店
J837: 6816 | K837: 1级首饰店02 | L837: 1 | M837: 0 | N837: 胡大福 | O837: 首饰
J838: 6812 | K838: 虾老大一层 | L838: 1 | M838: 0 | N838: 虾老大01 | O838: 虾老大
J839: 6817 | K839: 虾老大二层 | L839: 1 | M839: 0 | N839: 虾老大02 | O839: 虾老大
...
