Workbook

Sheet item
A1: ID | B1: Name | C1: Type | D1: SubType | E1: RequireLevel | F1: RequireClass | G1: RequireGender | H1: MaxEquip | I1: MaxOwn | J1: Color | K1: BindType | L1: DurType | M1: Dur | N1: Weight | O1: SpellID | P1: SpellLevel | Q1: SelfCoolDown | R1: GroupCoolDown | S1: Price | T1: UsedStatus | U1: CanDecompose | V1: CanDrop | W1: Storage | X1: Script | Y1: DisplayIcon | Z1: Description | AA1: DropMesh | AB1: SoundMaterialType | AC1: SoundActionType | AD1: ClothNoiseType | AE1: ItemLevel | AF1: CanSell | AG1: DisplayLargeIcon | AH1: DisplayLargeIconFemale | AI1: LimitDuration0 | AJ1: LimitCount0 | AK1: LimitDuration1 | AL1: LimitCount1 | AM1: LimitDuration2 | AN1: LimitCount2 | AO1: ServerStart | AP1: Log | AQ1: Stat | AR1: Expensive | AS1: DropBroadcast | AT1: PkDrop | AU1: CanUseInArena | AV1: TeamAuction | AW1: Auction | AX1: AuctionFee | AY1: AuctionFee1 | AZ1: AuctionFee2 | BA1: AuctionFee3 | BB1: AuctionType | BC1: AuctionSubType | BD1: AuctionDefaultPrice | BE1: PlayerDropTime | BF1: DropGroupID | BG1: ShopTypeSell | BH1: TradeNeedIntimacy | BI1: ItemPack | BJ1: ItemPack2 | BK1: ClearGambleCount | BL1: TradeOverWeight | BM1: Resource
A2: Both | B2: Both | C2: Both | D2: Both | E2: Both | F2: Both | G2: Both | H2: Client | I2: Client | J2: Both | K2: Both | L2: Both | M2: Both | N2: Both | O2: Both | P2: Both | Q2: Both | R2: Both | S2: Both | T2: Server | U2: Both | V2: Both | W2: Server | X2: Both | Y2: Client | Z2: Client | AA2: Client | AB2: Client | AC2: Client | AD2: Client | AE2: Both | AF2: Both | AG2: Client | AH2: Client | AI2: Server | AJ2: Server | AK2: Server | AL2: Server | AM2: Server | AN2: Server | AO2: Server | AP2: Server | AQ2: Server | AR2: Both | AS2: Server | AT2: Server | AU2: Server | AV2: Server | AW2: Both | AY2: Both | AZ2: Both | BA2: Both | BB2: Both | BC2: Both | BD2: Both | BE2: Server | BF2: Server | BG2: Both | BH2: Both | BI2: Both | BJ2: Both | BK2: Server | BL2: Server | BM2: Both
A3: -1 | C3: 0 | D3: 0 | E3: 1 | F3: 0 | G3: 0 | H3: 0 | I3: 0 | J3: 0 | K3: 0 | L3: 0 | M3: 0 | N3: 0 | O3: 0 | P3: 0 | Q3: 0 | R3: 0 | S3: 0 | T3: 0 | U3: 0 | V3: 0 | W3: 0 | AE3: 0 | AF3: 0 | AI3: 0 | AJ3: 0 | AK3: 0 | AL3: 0 | AM3: 0 | AN3: 0 | AO3: 0 | AP3: 0 | AQ3: 0 | AR3: 0 | AS3: 0 | AT3: 0 | AU3: 1 | AV3: 0 | AW3: 0 | AY3: 0 | AZ3: 0 | BA3: 0 | BB3: 0 | BC3: 0 | BD3: 0 | BE3: 60 | BF3: 0 | BG3: 0 | BH3: 0 | BK3: 0 | BL3: 0 | BM3: 0
A4: 0 | B4: 未知道具 | C4: ITEMTYPE_MISC | D4: ITEMSUBTYPE_MISC_DEFAULT | E4: 1 | F4: clsWarrior,clsMage,clsRogue,clsArcher,clsTaoist | G4: 0 | H4: 0 | I4: 0 | J4: 0 | K4: 0 | L4: DURTYPE_STACK | M4: 0 | P4: 0 | Q4: 0 | S4: 1 | T4: 0 | V4: 0 | W4: 0 | Y4: Texture2D MMO_ItemIcon_Supplies.img_BindMoney | AA4: StaticMesh Money.Copper_3 | AB4: 0 | AC4: 7 | AD4: 0 | AE4: 0 | AF4: 0 | AI4: 0 | AJ4: 0 | AK4: 0 | AL4: 0 | AM4: 0 | AN4: 0 | AP4: 0 | AR4: 0 | AS4: 0 | BE4: 240 | BL4: 0
A5: 1 | B5: 金币 | C5: ITEMTYPE_MISC | D5: ITEMSUBTYPE_MISC_DEFAULT | E5: 1 | F5: clsWarrior,clsMage,clsRogue,clsArcher,clsTaoist | G5: 0 | H5: 0 | I5: 0 | J5: 0 | K5: 0 | L5: DURTYPE_STACK | M5: 0 | P5: 0 | Q5: 0 | S5: 1 | T5: 0 | V5: 0 | W5: 0 | Y5: Texture2D MMO_ItemIcon_Supplies.img_Money | AA5: StaticMesh Money.Dro_Gold_4 | AB5: 0 | AC5: 7 | AD5: 0 | AE5: 0 | AF5: 0 | AI5: 0 | AJ5: 0 | AK5: 0 | AL5: 0 | AM5: 0 | AN5: 0 | AP5: 0 | AR5: 0 | AS5: 0 | AY5: 1 | BE5: 240 | BL5: 0
A6: 10 | B6: 经验 | C6: ITEMTYPE_MISC | D6: ITEMSUBTYPE_MISC_DEFAULT | E6: 1 | F6: clsWarrior,clsMage,clsRogue,clsArcher,clsTaoist | G6: 0 | H6: 0 | I6: 0 | J6: 0 | K6: 0 | L6: DURTYPE_STACK | M6: 0 | P6: 0 | Q6: 0 | S6: 1 | T6: 0 | V6: 0 | W6: 0 | Y6: Texture2D MMO_ItemIcon_Supplies.item_144 | AA6: StaticMesh Money.Dro_Gold_4 | AB6: 0 | AC6: 7 | AD6: 0 | AE6: 0 | AF6: 0 | AI6: 0 | AJ6: 0 | AK6: 0 | AL6: 0 | AM6: 0 | AN6: 0 | AP6: 0 | AR6: 0 | AS6: 0 | BE6: 240 | BL6: 0
A7: 15 | B7: 擂台积分 | C7: ITEMTYPE_MISC | D7: ITEMSUBTYPE_MISC_DEFAULT | E7: 1 | F7: clsWarrior,clsMage,clsRogue,clsArcher,clsTaoist | G7: 0 | H7: 0 | I7: 0 | J7: 0 | K7: 0 | L7: DURTYPE_STACK | M7: 0 | P7: 0 | Q7: 0 | S7: 1 | T7: 0 | V7: 0 | W7: 0 | Y7: Texture2D MMO_ItemIcon_Supplies.Item_190 | AA7: StaticMesh Money.Dro_Gold_4 | AB7: 0 | AC7: 7 | AD7: 0 | AE7: 0 | AF7: 0 | AI7: 0 | AJ7: 0 | AK7: 0 | AL7: 0 | AM7: 0 | AN7: 0 | AP7: 0 | AR7: 0 | AS7: 0 | BE7: 240 | BL7: 0
A8: 16 | B8: 声威值 | C8: ITEMTYPE_MISC | D8: ITEMSUBTYPE_MISC_DEFAULT | E8: 1 | F8: clsWarrior,clsMage,clsRogue,clsArcher,clsTaoist | G8: 0 | H8: 0 | I8: 0 | J8: 0 | K8: 0 | L8: DURTYPE_STACK | M8: 0 | P8: 0 | Q8: 0 | S8: 1 | T8: 0 | V8: 0 | W8: 0 | Y8: Texture2D MMO_ItemIcon_Supplies.Item_191 | AA8: StaticMesh Money.Dro_Gold_4 | AB8: 0 | AC8: 7 | AD8: 0 | AE8: 0 | AF8: 0 | AI8: 0 | AJ8: 0 | AK8: 0 | AL8: 0 | AM8: 0 | AN8: 0 | AP8: 0 | AR8: 0 | AS8: 0 | BE8: 240 | BL8: 0
A9: 20 | B9: 公会贡献 | C9: ITEMTYPE_MISC | D9: ITEMSUBTYPE_MISC_DEFAULT | E9: 1 | F9: clsWarrior,clsMage,clsRogue,clsArcher,clsTaoist | G9: 0 | H9: 0 | I9: 0 | J9: 0 | K9: 0 | L9: DURTYPE_STACK | M9: 0 | P9: 0 | Q9: 0 | S9: 1 | T9: 0 | V9: 0 | W9: 0 | Y9: Texture2D MMO_ItemIcon_Supplies.gonghuigongxian | AA9: StaticMesh Money.Dro_Gold_4 | AB9: 0 | AC9: 7 | AD9: 0 | AE9: 0 | AF9: 0 | AI9: 0 | AJ9: 0 | AK9: 0 | AL9: 0 | AM9: 0 | AN9: 0 | AP9: 0 | AR9: 0 | AS9: 0 | BE9: 240 | BL9: 0
A10: 301 | B10: 金创药(小量) | C10: ITEMTYPE_USABLE | D10: ITEMSUBTYPE_USABLE_POTION | E10: 1 | F10: clsWarrior,clsMage,clsRogue,clsArcher,clsTaoist | G10: 0 | H10: 0 | I10: 99999 | J10: 0 | K10: 0 | L10: DURTYPE_STACK | M10: 1 | N10: 1 | O10: 4562 | P10: 0 | Q10: 0 | S10: 40 | T10: 0 | V10: 1 | W10: 1 | Y10: Texture2D MMO_ItemIcon_Supplies.medicament.jcy1 | Z10: 恢复20点体力值。 | AA10: StaticMesh Bottle.Dro_Posin_Gold_1 | AB10: 0 | AC10: 15 | AD10: 0 | AE10: 0 | AF10: 1 | AI10: 0 | AJ10: 0 | AK10: 0 | AL10: 0 | AM10: 0 | AN10: 0 | AP10: 0 | AR10: 0 | AS10: 0 | BE10: 240 | BG10: 1 | BI10: 361 | BL10: 1
A11: 302 | B11: 金创药(中量) | C11: ITEMTYPE_USABLE | D11: ITEMSUBTYPE_USABLE_POTION | E11: 1 | F11: clsWarrior,clsMage,clsRogue,clsArcher,clsTaoist | G11: 0 | H11: 0 | I11: 99999 | J11: 0 | K11: 0 | L11: DURTYPE_STACK | M11: 1 | N11: 2 | O11: 4563 | P11: 0 | Q11: 0 | S11: 130 | T11: 0 | V11: 1 | W11: 1 | Y11: Texture2D MMO_ItemIcon_Supplies.medicament.jcy2 | Z11: 恢复50点体力值。 | AA11: StaticMesh Bottle.Dro_Posin_Gold_1 | AB11: 0 | AC11: 15 | AD11: 0 | AE11: 0 | AF11: 1 | AI11: 0 | AJ11: 0 | AK11: 0 | AL11: 0 | AM11: 0 | AN11: 0 | AP11: 0 | AQ11: 1 | AR11: 0 | AS11: 0 | BE11: 240 | BG11: 1 | BI11: 362 | BL11: 1
A12: 303 | B12: 强效金创药 | C12: ITEMTYPE_USABLE | D12: ITEMSUBTYPE_USABLE_POTION | E12: 1 | F12: clsWarrior,clsMage,clsRogue,clsArcher,clsTaoist | G12: 0 | H12: 0 | I12: 99999 | J12: 0 | K12: 0 | L12: DURTYPE_STACK | M12: 1 | N12: 3 | O12: 4564 | P12: 0 | Q12: 0 | S12: 350 | T12: 0 | V12: 1 | W12: 1 | Y12: Texture2D MMO_ItemIcon_Supplies.medicament.jcy3 | Z12: 恢复90点体力值。 | AA12: StaticMesh lsy.Dro_lsy01 | AB12: 0 | AC12: 15 | AD12: 0 | AE12: 0 | AF12: 1 | AI12: 0 | AJ12: 0 | AK12: 0 | AL12: 0 | AM12: 0 | AN12: 0 | AP12: 0 | AQ12: 1 | AR12: 0 | AS12: 0 | BE12: 240 | BG12: 1 | BI12: 363 | BL12: 1
A13: 304 | B13: 超强金创药（占位） | C13: ITEMTYPE_USABLE | D13: ITEMSUBTYPE_USABLE_POTION | E13: 1 | F13: clsWarrior,clsMage,clsRogue,clsArcher,clsTaoist | G13: 0 | H13: 0 | I13: 99999 | J13: 0 | K13: 0 | L13: DURTYPE_STACK | M13: 1 | N13: 1 | P13: 0 | Q13: 0 | S13: 1 | T13: 0 | V13: 1 | W13: 1 | Y13: Texture2D MMO_ItemIcon_Supplies.medicament.jcy4 | Z13: 恢复91点体力值。 | AA13: StaticMesh Bottle.Dro_Posin_Gold_1 | AB13: 0 | AC13: 15 | AD13: 0 | AE13: 0 | AF13: 1 | AI13: 0 | AJ13: 0 | AK13: 0 | AL13: 0 | AM13: 0 | AN13: 0 | AP13: 0 | AR13: 0 | AS13: 0 | BE13: 240 | BG13: 1 | BL13: 1
A14: 305 | B14: 金创药（占位） | C14: ITEMTYPE_USABLE | D14: ITEMSUBTYPE_USABLE_POTION | E14: 1 | F14: clsWarrior,clsMage,clsRogue,clsArcher,clsTaoist | G14: 0 | H14: 0 | I14: 99999 | J14: 0 | K14: 0 | L14: DURTYPE_STACK | M14: 1 | N14: 1 | P14: 0 | Q14: 0 | S14: 1 | T14: 0 | V14: 1 | W14: 1 | Y14: Texture2D MMO_ItemIcon_Supplies.medicament.jcy5 | Z14: 恢复92点体力值。 | AA14: StaticMesh Bottle.Dro_Posin_Gold_1 | AB14: 0 | AC14: 15 | AD14: 0 | AE14: 0 | AF14: 1 | AI14: 0 | AJ14: 0 | AK14: 0 | AL14: 0 | AM14: 0 | AN14: 0 | AP14: 0 | AR14: 0 | AS14: 0 | BE14: 240 | BG14: 1 | BL14: 1
A15: 306 | B15: 金创药(小量)1 | C15: ITEMTYPE_USABLE | D15: ITEMSUBTYPE_USABLE_POTION | E15: 1 | F15: clsWarrior,clsMage,clsRogue,clsArcher,clsTaoist | G15: 0 | H15: 0 | I15: 99999 | J15: 0 | K15: 3 | L15: DURTYPE_STACK | M15: 1 | N15: 1 | O15: 4562 | P15: 0 | Q15: 0 | S15: 40 | T15: 0 | V15: 1 | W15: 1 | Y15: Texture2D MMO_ItemIcon_Supplies.medicament.jcy1 | Z15: 恢复20点体力值。 | AA15: StaticMesh Bottle.Dro_Posin_Gold_1 | AB15: 0 | AC15: 15 | AD15: 0 | AE15: 0 | AF15: 1 | AI15: 0 | AJ15: 0 | AK15: 0 | AL15: 0 | AM15: 0 | AN15: 0 | AP15: 0 | AR15: 0 | AS15: 0 | BE15: 240 | BG15: 1 | BI15: 366 | BL15: 1
A16: 307 | B16: 金创药(中量)1 | C16: ITEMTYPE_USABLE | D16: ITEMSUBTYPE_USABLE_POTION | E16: 1 | F16: clsWarrior,clsMage,clsRogue,clsArcher,clsTaoist | G16: 0 | H16: 0 | I16: 99999 | J16: 0 | K16: 3 | L16: DURTYPE_STACK | M16: 1 | N16: 2 | O16: 4563 | P16: 0 | Q16: 0 | S16: 130 | T16: 0 | V16: 1 | W16: 1 | Y16: Texture2D MMO_ItemIcon_Supplies.medicament.jcy2 | Z16: 恢复50点体力值。 | AA16: StaticMesh Bottle.Dro_Posin_Gold_1 | AB16: 0 | AC16: 15 | AD16: 0 | AE16: 0 | AF16: 1 | AI16: 0 | AJ16: 0 | AK16: 0 | AL16: 0 | AM16: 0 | AN16: 0 | AP16: 0 | AQ16: 1 | AR16: 0 | AS16: 0 | BE16: 240 | BG16: 1 | BI16: 367 | BL16: 1
A17: 308 | B17: 强效金创药1 | C17: ITEMTYPE_USABLE | D17: ITEMSUBTYPE_USABLE_POTION | E17: 1 | F17: clsWarrior,clsMage,clsRogue,clsArcher,clsTaoist | G17: 0 | H17: 0 | I17: 99999 | J17: 0 | K17: 3 | L17: DURTYPE_STACK | M17: 1 | N17: 3 | O17: 4564 | P17: 0 | Q17: 0 | S17: 350 | T17: 0 | V17: 1 | W17: 1 | Y17: Texture2D MMO_ItemIcon_Supplies.medicament.jcy3 | Z17: 恢复90点体力值。 | AA17: StaticMesh lsy.Dro_lsy01 | AB17: 0 | AC17: 15 | AD17: 0 | AE17: 0 | AF17: 1 | AI17: 0 | AJ17: 0 | AK17: 0 | AL17: 0 | AM17: 0 | AN17: 0 | AP17: 0 | AQ17: 1 | AR17: 0 | AS17: 0 | BE17: 240 | BG17: 1 | BI17: 368 | BL17: 1
A18: 311 | B18: 小金创药(绑定) | C18: ITEMTYPE_USABLE | D18: ITEMSUBTYPE_USABLE_POTION | E18: 1 | F18: clsWarrior,clsMage,clsRogue,clsArcher,clsTaoist | G18: 0 | H18: 0 | I18: 99999 | J18: 0 | K18: 3 | L18: DURTYPE_STACK | M18: 1 | N18: 1 | O18: 4562 | P18: 0 | Q18: 0 | S18: 1 | T18: 0 | V18: 1 | W18: 1 | Y18: Texture2D MMO_ItemIcon_Supplies.medicament.jcy1 | Z18: 恢复20点体力值 。 | AA18: StaticMesh Bottle.Dro_Posin_Gold_1 | AB18: 0 | AC18: 15 | AD18: 0 | AE18: 0 | AF18: 0 | AI18: 0 | AJ18: 0 | AK18: 0 | AL18: 0 | AM18: 0 | AN18: 0 | AP18: 0 | AR18: 0 | AS18: 0 | AT18: 1 | BE18: 240 | BG18: 1 | BL18: 1
A19: 312 | B19: 中金创药(绑定) | C19: ITEMTYPE_USABLE | D19: ITEMSUBTYPE_USABLE_POTION | E19: 1 | F19: clsWarrior,clsMage,clsRogue,clsArcher,clsTaoist | G19: 0 | H19: 0 | I19: 99999 | J19: 0 | K19: 3 | L19: DURTYPE_STACK | M19: 1 | N19: 2 | O19: 4563 | P19: 0 | Q19: 0 | S19: 1 | T19: 0 | V19: 1 | W19: 1 | Y19: Texture2D MMO_ItemIcon_Supplies.medicament.jcy2 | Z19: 恢复50点体力值。 | AA19: StaticMesh Bottle.Dro_Posin_Gold_1 | AB19: 0 | AC19: 15 | AD19: 0 | AE19: 0 | AF19: 0 | AI19: 0 | AJ19: 0 | AK19: 0 | AL19: 0 | AM19: 0 | AN19: 0 | AP19: 0 | AR19: 0 | AS19: 0 | AT19: 1 | BE19: 240 | BG19: 1 | BL19: 1
A20: 321 | B20: 魔法药(小量) | C20: ITEMTYPE_USABLE | D20: ITEMSUBTYPE_USABLE_POTION | E20: 1 | F20: clsWarrior,clsMage,clsRogue,clsArcher,clsTaoist | G20: 0 | H20: 0 | I20: 99999 | J20: 0 | K20: 0 | L20: DURTYPE_STACK | M20: 1 | N20: 1 | O20: 4565 | P20: 0 | Q20: 0 | S20: 40 | T20: 0 | V20: 1 | W20: 1 | Y20: Texture2D MMO_ItemIcon_Supplies.medicament.mfy1 | Z20: 恢复30点魔法值。 | AA20: StaticMesh Bottle.Dro_Posin_Magic_1 | AB20: 0 | AC20: 15 | AD20: 0 | AE20: 0 | AF20: 1 | AI20: 0 | AJ20: 0 | AK20: 0 | AL20: 0 | AM20: 0 | AN20: 0 | AP20: 0 | AR20: 0 | AS20: 0 | BE20: 240 | BG20: 1 | BI20: 371 | BL20: 1
A21: 322 | B21: 魔法药(中量) | C21: ITEMTYPE_USABLE | D21: ITEMSUBTYPE_USABLE_POTION | E21: 1 | F21: clsWarrior,clsMage,clsRogue,clsArcher,clsTaoist | G21: 0 | H21: 0 | I21: 99999 | J21: 0 | K21: 0 | L21: DURTYPE_STACK | M21: 1 | N21: 2 | O21: 4566 | P21: 0 | Q21: 0 | S21: 130 | T21: 0 | V21: 1 | W21: 1 | Y21: Texture2D MMO_ItemIcon_Supplies.medicament.mfy2 | Z21: 恢复80点魔法值。 | AA21: StaticMesh Bottle.Dro_Posin_Magic_1 | AB21: 0 | AC21: 15 | AD21: 0 | AE21: 0 | AF21: 1 | AI21: 0 | AJ21: 0 | AK21: 0 | AL21: 0 | AM21: 0 | AN21: 0 | AP21: 0 | AQ21: 1 | AR21: 0 | AS21: 0 | BE21: 240 | BG21: 1 | BI21: 372 | BL21: 1
A22: 323 | B22: 强效魔法药 | C22: ITEMTYPE_USABLE | D22: ITEMSUBTYPE_USABLE_POTION | E22: 1 | F22: clsWarrior,clsMage,clsRogue,clsArcher,clsTaoist | G22: 0 | H22: 0 | I22: 99999 | J22: 0 | K22: 0 | L22: DURTYPE_STACK | M22: 1 | N22: 3 | O22: 4567 | P22: 0 | Q22: 0 | S22: 350 | T22: 0 | V22: 1 | W22: 1 | Y22: Texture2D MMO_ItemIcon_Supplies.medicament.mfy3 | Z22: 恢复150点魔法值。 | AA22: StaticMesh Bottle.Dro_Posin_Magic_1 | AB22: 0 | AC22: 15 | AD22: 0 | AE22: 0 | AF22: 1 | AI22: 0 | AJ22: 0 | AK22: 0 | AL22: 0 | AM22: 0 | AN22: 0 | AP22: 0 | AQ22: 1 | AR22: 0 | AS22: 0 | BE22: 240 | BG22: 1 | BI22: 373 | BL22: 1
A23: 326 | B23: 魔法药(小量)1 | C23: ITEMTYPE_USABLE | D23: ITEMSUBTYPE_USABLE_POTION | E23: 1 | F23: clsWarrior,clsMage,clsRogue,clsArcher,clsTaoist | G23: 0 | H23: 0 | I23: 99999 | J23: 0 | K23: 3 | L23: DURTYPE_STACK | M23: 1 | N23: 1 | O23: 4565 | P23: 0 | Q23: 0 | S23: 40 | T23: 0 | V23: 1 | W23: 1 | Y23: Texture2D MMO_ItemIcon_Supplies.medicament.mfy1 | Z23: 恢复30点魔法值。 | AA23: StaticMesh Bottle.Dro_Posin_Magic_1 | AB23: 0 | AC23: 15 | AD23: 0 | AE23: 0 | AF23: 1 | AI23: 0 | AJ23: 0 | AK23: 0 | AL23: 0 | AM23: 0 | AN23: 0 | AP23: 0 | AR23: 0 | AS23: 0 | BE23: 240 | BG23: 1 | BI23: 376 | BL23: 1
A24: 327 | B24: 魔法药(中量)1 | C24: ITEMTYPE_USABLE | D24: ITEMSUBTYPE_USABLE_POTION | E24: 1 | F24: clsWarrior,clsMage,clsRogue,clsArcher,clsTaoist | G24: 0 | H24: 0 | I24: 99999 | J24: 0 | K24: 3 | L24: DURTYPE_STACK | M24: 1 | N24: 2 | O24: 4566 | P24: 0 | Q24: 0 | S24: 130 | T24: 0 | V24: 1 | W24: 1 | Y24: Texture2D MMO_ItemIcon_Supplies.medicament.mfy2 | Z24: 恢复80点魔法值。 | AA24: StaticMesh Bottle.Dro_Posin_Magic_1 | AB24: 0 | AC24: 15 | AD24: 0 | AE24: 0 | AF24: 1 | AI24: 0 | AJ24: 0 | AK24: 0 | AL24: 0 | AM24: 0 | AN24: 0 | AP24: 0 | AQ24: 1 | AR24: 0 | AS24: 0 | BE24: 240 | BG24: 1 | BI24: 377 | BL24: 1
A25: 328 | B25: 强效魔法药1 | C25: ITEMTYPE_USABLE | D25: ITEMSUBTYPE_USABLE_POTION | E25: 1 | F25: clsWarrior,clsMage,clsRogue,clsArcher,clsTaoist | G25: 0 | H25: 0 | I25: 99999 | J25: 0 | K25: 3 | L25: DURTYPE_STACK | M25: 1 | N25: 3 | O25: 4567 | P25: 0 | Q25: 0 | S25: 350 | T25: 0 | V25: 1 | W25: 1 | Y25: Texture2D MMO_ItemIcon_Supplies.medicament.mfy3 | Z25: 恢复150点魔法值。 | AA25: StaticMesh Bottle.Dro_Posin_Magic_1 | AB25: 0 | AC25: 15 | AD25: 0 | AE25: 0 | AF25: 1 | AI25: 0 | AJ25: 0 | AK25: 0 | AL25: 0 | AM25: 0 | AN25: 0 | AP25: 0 | AQ25: 1 | AR25: 0 | AS25: 0 | BE25: 240 | BG25: 1 | BI25: 378 | BL25: 1
A26: 324 | B26: 超强魔法药(占位） | C26: ITEMTYPE_USABLE | D26: ITEMSUBTYPE_USABLE_POTION | E26: 1 | F26: clsWarrior,clsMage,clsRogue,clsArcher,clsTaoist | G26: 0 | H26: 0 | I26: 99999 | J26: 0 | K26: 0 | L26: DURTYPE_STACK | M26: 1 | N26: 1 | P26: 0 | Q26: 0 | S26: 1 | T26: 0 | V26: 1 | W26: 1 | Y26: Texture2D MMO_ItemIcon_Supplies.medicament.mfy4 | Z26: 恢复152点魔法值。 | AA26: StaticMesh Bottle.Dro_Posin_GMagic_1 | AB26: 0 | AC26: 15 | AD26: 0 | AE26: 0 | AF26: 1 | AI26: 0 | AJ26: 0 | AK26: 0 | AL26: 0 | AM26: 0 | AN26: 0 | AP26: 0 | AR26: 0 | AS26: 0 | BE26: 240 | BG26: 1 | BL26: 1
A27: 331 | B27: 新手药水(绑定) | C27: ITEMTYPE_USABLE | D27: ITEMSUBTYPE_USABLE_POTION | E27: 1 | F27: clsWarrior,clsMage,clsRogue,clsArcher,clsTaoist | G27: 0 | H27: 0 | I27: 99999 | J27: 0 | K27: 3 | L27: DURTYPE_STACK | M27: 1 | N27: 1 | O27: 4562 | P27: 0 | Q27: 0 | S27: 1 | T27: 0 | V27: 1 | W27: 1 | Y27: Texture2D MMO_ItemIcon_Supplies.Item_68 | Z27: 恢复20点体力值。 | AA27: StaticMesh Bottle.Dro_Posin_Gold_1 | AB27: 0 | AC27: 15 | AD27: 0 | AE27: 0 | AF27: 0 | AI27: 0 | AJ27: 0 | AK27: 0 | AL27: 0 | AM27: 0 | AN27: 0 | AP27: 0 | AR27: 0 | AS27: 0 | AT27: 1 | BE27: 240 | BG27: 1 | BL27: 1
A28: 351 | B28: 太阳水 | C28: ITEMTYPE_USABLE | D28: ITEMSUBTYPE_USABLE_POTION | E28: 1 | F28: clsWarrior,clsMage,clsRogue,clsArcher,clsTaoist | G28: 0 | H28: 0 | I28: 99999 | J28: 0 | K28: 0 | L28: DURTYPE_STACK | M28: 1 | N28: 1 | O28: 4560 | P28: 0 | Q28: 0 | S28: 500 | T28: 0 | V28: 1 | W28: 1 | Y28: Texture2D MMO_ItemIcon_Supplies.medicament.tys1 | Z28: 立刻恢复30点体力，40点魔法。 | AA28: StaticMesh Bottle.Dro_Posin_Sun_1 | AB28: 0 | AC28: 15 | AD28: 0 | AE28: 0 | AF28: 1 | AI28: 0 | AJ28: 0 | AK28: 0 | AL28: 0 | AM28: 0 | AN28: 0 | AP28: 0 | AQ28: 1 | AR28: 0 | AS28: 0 | BE28: 240 | BG28: 1 | BI28: 381 | BL28: 1
A29: 352 | B29: 强效太阳水 | C29: ITEMTYPE_USABLE | D29: ITEMSUBTYPE_USABLE_POTION | E29: 1 | F29: clsWarrior,clsMage,clsRogue,clsArcher,clsTaoist | G29: 0 | H29: 0 | I29: 99999 | J29: 0 | K29: 0 | L29: DURTYPE_STACK | M29: 1 | N29: 2 | O29: 4561 | P29: 0 | Q29: 0 | S29: 1250 | T29: 0 | V29: 1 | W29: 1 | Y29: Texture2D MMO_ItemIcon_Supplies.medicament.tys2 | Z29: 立刻恢复50点体力，80点魔法。 | AA29: StaticMesh Bottle.Dro_Posin_Sun_1 | AB29: 0 | AC29: 15 | AD29: 0 | AE29: 0 | AF29: 1 | AI29: 0 | AJ29: 0 | AK29: 0 | AL29: 0 | AM29: 0 | AN29: 0 | AP29: 0 | AQ29: 1 | AR29: 0 | AS29: 0 | BE29: 240 | BG29: 1 | BI29: 382 | BL29: 1
A30: 353 | B30: 疗伤药 | C30: ITEMTYPE_USABLE | D30: ITEMSUBTYPE_USABLE_POTION | E30: 1 | F30: clsWarrior,clsMage,clsRogue,clsArcher,clsTaoist | G30: 0 | H30: 0 | I30: 99999 | J30: 0 | K30: 0 | L30: DURTYPE_STACK | M30: 1 | N30: 1 | O30: 4568 | P30: 0 | Q30: 0 | S30: 2500 | T30: 0 | V30: 1 | W30: 1 | Y30: Texture2D MMO_ItemIcon_Supplies.medicament.lsy | Z30: 立刻恢复100点体力，160点魔法。 | AA30: StaticMesh lsy.Dro_lsy01 | AB30: 0 | AC30: 15 | AD30: 0 | AE30: 0 | AF30: 1 | AI30: 0 | AJ30: 0 | AK30: 0 | AL30: 0 | AM30: 0 | AN30: 0 | AP30: 1 | AQ30: 1 | AR30: 0 | AS30: 0 | BE30: 240 | BG30: 1 | BI30: 383 | BL30: 1
A31: 354 | B31: 万年雪霜 | C31: ITEMTYPE_USABLE | D31: ITEMSUBTYPE_USABLE_POTION | E31: 1 | F31: clsWarrior,clsMage,clsRogue,clsArcher,clsTaoist | G31: 0 | H31: 0 | I31: 99999 | J31: 0 | K31: 0 | L31: DURTYPE_STACK | M31: 1 | N31: 1 | O31: 4576 | P31: 0 | Q31: 0 | S31: 2000 | T31: 0 | V31: 1 | W31: 1 | Y31: Texture2D MMO_ItemIcon_Supplies.medicament.wnxs | Z31: 立刻恢复100点体力，100点魔法。 | AA31: StaticMesh ginseng.Dro_ginseng | AB31: 0 | AC31: 15 | AD31: 0 | AE31: 0 | AF31: 1 | AI31: 0 | AJ31: 0 | AK31: 0 | AL31: 0 | AM31: 0 | AN31: 0 | AP31: 1 | AQ31: 1 | AR31: 0 | AS31: 0 | BE31: 240 | BG31: 1 | BI31: 384 | BL31: 1
A32: 356 | B32: 太阳水1 | C32: ITEMTYPE_USABLE | D32: ITEMSUBTYPE_USABLE_POTION | E32: 1 | F32: clsWarrior,clsMage,clsRogue,clsArcher,clsTaoist | G32: 0 | H32: 0 | I32: 99999 | J32: 0 | K32: 3 | L32: DURTYPE_STACK | M32: 1 | N32: 1 | O32: 4560 | P32: 0 | Q32: 0 | S32: 500 | T32: 0 | V32: 1 | W32: 1 | Y32: Texture2D MMO_ItemIcon_Supplies.medicament.tys1 | Z32: 立刻恢复30点体力，40点魔法。 | AA32: StaticMesh Bottle.Dro_Posin_Sun_1 | AB32: 0 | AC32: 15 | AD32: 0 | AE32: 0 | AF32: 1 | AI32: 0 | AJ32: 0 | AK32: 0 | AL32: 0 | AM32: 0 | AN32: 0 | AP32: 0 | AQ32: 1 | AR32: 0 | AS32: 0 | BE32: 240 | BG32: 1 | BI32: 386 | BL32: 1
A33: 357 | B33: 强效太阳水1 | C33: ITEMTYPE_USABLE | D33: ITEMSUBTYPE_USABLE_POTION | E33: 1 | F33: clsWarrior,clsMage,clsRogue,clsArcher,clsTaoist | G33: 0 | H33: 0 | I33: 99999 | J33: 0 | K33: 3 | L33: DURTYPE_STACK | M33: 1 | N33: 2 | O33: 4561 | P33: 0 | Q33: 0 | S33: 1250 | T33: 0 | V33: 1 | W33: 1 | Y33: Texture2D MMO_ItemIcon_Supplies.medicament.tys2 | Z33: 立刻恢复50点体力，80点魔法。 | AA33: StaticMesh Bottle.Dro_Posin_Sun_1 | AB33: 0 | AC33: 15 | AD33: 0 | AE33: 0 | AF33: 1 | AI33: 0 | AJ33: 0 | AK33: 0 | AL33: 0 | AM33: 0 | AN33: 0 | AP33: 0 | AQ33: 1 | AR33: 0 | AS33: 0 | BE33: 240 | BG33: 1 | BI33: 387 | BL33: 1
A34: 358 | B34: 疗伤药1 | C34: ITEMTYPE_USABLE | D34: ITEMSUBTYPE_USABLE_POTION | E34: 1 | F34: clsWarrior,clsMage,clsRogue,clsArcher,clsTaoist | G34: 0 | H34: 0 | I34: 99999 | J34: 0 | K34: 3 | L34: DURTYPE_STACK | M34: 1 | N34: 1 | O34: 4568 | P34: 0 | Q34: 0 | S34: 2500 | T34: 0 | V34: 1 | W34: 1 | Y34: Texture2D MMO_ItemIcon_Supplies.medicament.lsy | Z34: 立刻恢复100点体力，160点魔法。 | AA34: StaticMesh lsy.Dro_lsy01 | AB34: 0 | AC34: 15 | AD34: 0 | AE34: 0 | AF34: 1 | AI34: 0 | AJ34: 0 | AK34: 0 | AL34: 0 | AM34: 0 | AN34: 0 | AP34: 1 | AQ34: 1 | AR34: 0 | AS34: 0 | BE34: 240 | BG34: 1 | BI34: 388 | BL34: 1
A35: 359 | B35: 万年雪霜1 | C35: ITEMTYPE_USABLE | D35: ITEMSUBTYPE_USABLE_POTION | E35: 1 | F35: clsWarrior,clsMage,clsRogue,clsArcher,clsTaoist | G35: 0 | H35: 0 | I35: 99999 | J35: 0 | K35: 3 | L35: DURTYPE_STACK | M35: 1 | N35: 1 | O35: 4576 | P35: 0 | Q35: 0 | S35: 2000 | T35: 0 | V35: 1 | W35: 1 | Y35: Texture2D MMO_ItemIcon_Supplies.medicament.wnxs | Z35: 立刻恢复100点体力，100点魔法。 | AA35: StaticMesh ginseng.Dro_ginseng | AB35: 0 | AC35: 15 | AD35: 0 | AE35: 0 | AF35: 1 | AI35: 0 | AJ35: 0 | AK35: 0 | AL35: 0 | AM35: 0 | AN35: 0 | AP35: 1 | AQ35: 1 | AR35: 0 | AS35: 0 | BE35: 240 | BG35: 1 | BI35: 389 | BL35: 1
A36: 361 | B36: 金创药(小)包 | C36: ITEMTYPE_USABLE | D36: ITEMSUBTYPE_USABLE_MISC | E36: 1 | F36: clsWarrior,clsMage,clsRogue,clsArcher,clsTaoist | G36: 0 | H36: 0 | I36: 99999 | J36: 0 | K36: 0 | L36: DURTYPE_STACK | M36: 1 | N36: 7 | P36: 0 | Q36: 0 | S36: 240 | T36: 0 | V36: 1 | W36: 1 | X36: jcybao1 | Y36: Texture2D MMO_ItemIcon_Supplies.medicament.jcy11 | Z36: 解开成为6个金创药(小量)。 | AA36: StaticMesh Bottle.Dro_Posin_03_all | AB36: 0 | AC36: 15 | AD36: 0 | AE36: 0 | AF36: 1 | AI36: 0 | AJ36: 0 | AK36: 0 | AL36: 0 | AM36: 0 | AN36: 0 | AP36: 0 | AR36: 0 | AS36: 0 | BE36: 240 | BG36: 1 | BL36: 1
A37: 362 | B37: 金创药(中)包 | C37: ITEMTYPE_USABLE | D37: ITEMSUBTYPE_USABLE_MISC | E37: 1 | F37: clsWarrior,clsMage,clsRogue,clsArcher,clsTaoist | G37: 0 | H37: 0 | I37: 99999 | J37: 0 | K37: 0 | L37: DURTYPE_STACK | M37: 1 | N37: 14 | P37: 0 | Q37: 0 | S37: 780 | T37: 0 | V37: 1 | W37: 1 | X37: jcybao2 | Y37: Texture2D MMO_ItemIcon_Supplies.medicament.jcy21 | Z37: 解开成为6个金创药(中量)。 | AA37: StaticMesh Bottle.Dro_Posin_03_all | AB37: 0 | AC37: 15 | AD37: 0 | AE37: 0 | AF37: 1 | AI37: 0 | AJ37: 0 | AK37: 0 | AL37: 0 | AM37: 0 | AN37: 0 | AP37: 0 | AQ37: 1 | AR37: 0 | AS37: 0 | BE37: 240 | BG37: 1 | BL37: 1
A38: 363 | B38: 超级金创药 | C38: ITEMTYPE_USABLE | D38: ITEMSUBTYPE_USABLE_MISC | E38: 1 | F38: clsWarrior,clsMage,clsRogue,clsArcher,clsTaoist | G38: 0 | H38: 0 | I38: 99999 | J38: 0 | K38: 0 | L38: DURTYPE_STACK | M38: 1 | N38: 21 | P38: 0 | Q38: 0 | S38: 2100 | T38: 0 | V38: 1 | W38: 1 | X38: jcybao3 | Y38: Texture2D MMO_ItemIcon_Supplies.medicament.jcy31 | Z38: 解开成为6个强效金创药。 | AA38: StaticMesh lsy.Dro_lsy02 | AB38: 0 | AC38: 15 | AD38: 0 | AE38: 0 | AF38: 1 | AI38: 0 | AJ38: 0 | AK38: 0 | AL38: 0 | AM38: 0 | AN38: 0 | AP38: 0 | AQ38: 1 | AR38: 0 | AS38: 0 | BE38: 240 | BG38: 1 | BL38: 1
A39: 366 | B39: 金创药(小)包1 | C39: ITEMTYPE_USABLE | D39: ITEMSUBTYPE_USABLE_MISC | E39: 1 | F39: clsWarrior,clsMage,clsRogue,clsArcher,clsTaoist | G39: 0 | H39: 0 | I39: 99999 | J39: 0 | K39: 0 | L39: DURTYPE_STACK | M39: 1 | N39: 7 | P39: 0 | Q39: 0 | S39: 240 | T39: 0 | V39: 1 | W39: 1 | X39: jcybao6 | Y39: Texture2D MMO_ItemIcon_Supplies.medicament.jcy11 | Z39: 解开成为6个金创药(小量)。 | AA39: StaticMesh Bottle.Dro_Posin_03_all | AB39: 0 | AC39: 15 | AD39: 0 | AE39: 0 | AF39: 1 | AI39: 0 | AJ39: 0 | AK39: 0 | AL39: 0 | AM39: 0 | AN39: 0 | AP39: 0 | AR39: 0 | AS39: 0 | BE39: 240 | BG39: 1 | BL39: 1
A40: 367 | B40: 金创药(中)包1 | C40: ITEMTYPE_USABLE | D40: ITEMSUBTYPE_USABLE_MISC | E40: 1 | F40: clsWarrior,clsMage,clsRogue,clsArcher,clsTaoist | G40: 0 | H40: 0 | I40: 99999 | J40: 0 | K40: 0 | L40: DURTYPE_STACK | M40: 1 | N40: 14 | P40: 0 | Q40: 0 | S40: 780 | T40: 0 | V40: 1 | W40: 1 | X40: jcybao7 | Y40: Texture2D MMO_ItemIcon_Supplies.medicament.jcy21 | Z40: 解开成为6个金创药(中量)。 | AA40: StaticMesh Bottle.Dro_Posin_03_all | AB40: 0 | AC40: 15 | AD40: 0 | AE40: 0 | AF40: 1 | AI40: 0 | AJ40: 0 | AK40: 0 | AL40: 0 | AM40: 0 | AN40: 0 | AP40: 0 | AQ40: 1 | AR40: 0 | AS40: 0 | BE40: 240 | BG40: 1 | BL40: 1
A41: 368 | B41: 超级金创药1 | C41: ITEMTYPE_USABLE | D41: ITEMSUBTYPE_USABLE_MISC | E41: 1 | F41: clsWarrior,clsMage,clsRogue,clsArcher,clsTaoist | G41: 0 | H41: 0 | I41: 99999 | J41: 0 | K41: 0 | L41: DURTYPE_STACK | M41: 1 | N41: 21 | P41: 0 | Q41: 0 | S41: 2100 | T41: 0 | V41: 1 | W41: 1 | X41: jcybao8 | Y41: Texture2D MMO_ItemIcon_Supplies.medicament.jcy31 | Z41: 解开成为6个强效金创药。 | AA41: StaticMesh lsy.Dro_lsy02 | AB41: 0 | AC41: 15 | AD41: 0 | AE41: 0 | AF41: 1 | AI41: 0 | AJ41: 0 | AK41: 0 | AL41: 0 | AM41: 0 | AN41: 0 | AP41: 0 | AQ41: 1 | AR41: 0 | AS41: 0 | BE41: 240 | BG41: 1 | BL41: 1
A42: 371 | B42: 魔法药(小)包 | C42: ITEMTYPE_USABLE | D42: ITEMSUBTYPE_USABLE_MISC | E42: 1 | F42: clsWarrior,clsMage,clsRogue,clsArcher,clsTaoist | G42: 0 | H42: 0 | I42: 99999 | J42: 0 | K42: 0 | L42: DURTYPE_STACK | M42: 1 | N42: 7 | P42: 0 | Q42: 0 | S42: 240 | T42: 0 | V42: 1 | W42: 1 | X42: mfybao1 | Y42: Texture2D MMO_ItemIcon_Supplies.medicament.mfy11 | Z42: 解开成为6个魔法药(小量)。 | AA42: StaticMesh Bottle.Dro_Posin_017_all | AB42: 0 | AC42: 15 | AD42: 0 | AE42: 0 | AF42: 1 | AI42: 0 | AJ42: 0 | AK42: 0 | AL42: 0 | AM42: 0 | AN42: 0 | AP42: 0 | AR42: 0 | AS42: 0 | BE42: 240 | BG42: 1 | BL42: 1
A43: 372 | B43: 魔法药(中)包 | C43: ITEMTYPE_USABLE | D43: ITEMSUBTYPE_USABLE_MISC | E43: 1 | F43: clsWarrior,clsMage,clsRogue,clsArcher,clsTaoist | G43: 0 | H43: 0 | I43: 99999 | J43: 0 | K43: 0 | L43: DURTYPE_STACK | M43: 1 | N43: 14 | P43: 0 | Q43: 0 | S43: 780 | T43: 0 | V43: 1 | W43: 1 | X43: mfybao2 | Y43: Texture2D MMO_ItemIcon_Supplies.medicament.mfy21 | Z43: 解开成为6个魔法药(中量)。 | AA43: StaticMesh Bottle.Dro_Posin_017_all | AB43: 0 | AC43: 15 | AD43: 0 | AE43: 0 | AF43: 1 | AI43: 0 | AJ43: 0 | AK43: 0 | AL43: 0 | AM43: 0 | AN43: 0 | AP43: 0 | AQ43: 1 | AR43: 0 | AS43: 0 | BE43: 240 | BG43: 1 | BL43: 1
A44: 373 | B44: 超级魔法药 | C44: ITEMTYPE_USABLE | D44: ITEMSUBTYPE_USABLE_MISC | E44: 1 | F44: clsWarrior,clsMage,clsRogue,clsArcher,clsTaoist | G44: 0 | H44: 0 | I44: 99999 | J44: 0 | K44: 0 | L44: DURTYPE_STACK | M44: 1 | N44: 21 | P44: 0 | Q44: 0 | S44: 2100 | T44: 0 | V44: 1 | W44: 1 | X44: mfybao3 | Y44: Texture2D MMO_ItemIcon_Supplies.medicament.mfy31 | Z44: 解开成为6个强效魔法药。 | AA44: StaticMesh Bottle.Dro_Posin_017_all | AB44: 0 | AC44: 15 | AD44: 0 | AE44: 0 | AF44: 1 | AI44: 0 | AJ44: 0 | AK44: 0 | AL44: 0 | AM44: 0 | AN44: 0 | AP44: 0 | AQ44: 1 | AR44: 0 | AS44: 0 | BE44: 240 | BG44: 1 | BL44: 1
A45: 376 | B45: 魔法药(小)包1 | C45: ITEMTYPE_USABLE | D45: ITEMSUBTYPE_USABLE_MISC | E45: 1 | F45: clsWarrior,clsMage,clsRogue,clsArcher,clsTaoist | G45: 0 | H45: 0 | I45: 99999 | J45: 0 | K45: 0 | L45: DURTYPE_STACK | M45: 1 | N45: 7 | P45: 0 | Q45: 0 | S45: 240 | T45: 0 | V45: 1 | W45: 1 | X45: mfybao6 | Y45: Texture2D MMO_ItemIcon_Supplies.medicament.mfy11 | Z45: 解开成为6个魔法药(小量)。 | AA45: StaticMesh Bottle.Dro_Posin_017_all | AB45: 0 | AC45: 15 | AD45: 0 | AE45: 0 | AF45: 1 | AI45: 0 | AJ45: 0 | AK45: 0 | AL45: 0 | AM45: 0 | AN45: 0 | AP45: 0 | AR45: 0 | AS45: 0 | BE45: 240 | BG45: 1 | BL45: 1
A46: 377 | B46: 魔法药(中)包1 | C46: ITEMTYPE_USABLE | D46: ITEMSUBTYPE_USABLE_MISC | E46: 1 | F46: clsWarrior,clsMage,clsRogue,clsArcher,clsTaoist | G46: 0 | H46: 0 | I46: 99999 | J46: 0 | K46: 0 | L46: DURTYPE_STACK | M46: 1 | N46: 14 | P46: 0 | Q46: 0 | S46: 780 | T46: 0 | V46: 1 | W46: 1 | X46: mfybao7 | Y46: Texture2D MMO_ItemIcon_Supplies.medicament.mfy21 | Z46: 解开成为6个魔法药(中量)。 | AA46: StaticMesh Bottle.Dro_Posin_017_all | AB46: 0 | AC46: 15 | AD46: 0 | AE46: 0 | AF46: 1 | AI46: 0 | AJ46: 0 | AK46: 0 | AL46: 0 | AM46: 0 | AN46: 0 | AP46: 0 | AQ46: 1 | AR46: 0 | AS46: 0 | BE46: 240 | BG46: 1 | BL46: 1
A47: 378 | B47: 超级魔法药1 | C47: ITEMTYPE_USABLE | D47: ITEMSUBTYPE_USABLE_MISC | E47: 1 | F47: clsWarrior,clsMage,clsRogue,clsArcher,clsTaoist | G47: 0 | H47: 0 | I47: 99999 | J47: 0 | K47: 0 | L47: DURTYPE_STACK | M47: 1 | N47: 21 | P47: 0 | Q47: 0 | S47: 2100 | T47: 0 | V47: 1 | W47: 1 | X47: mfybao8 | Y47: Texture2D MMO_ItemIcon_Supplies.medicament.mfy31 | Z47: 解开成为6个强效魔法药。 | AA47: StaticMesh Bottle.Dro_Posin_017_all | AB47: 0 | AC47: 15 | AD47: 0 | AE47: 0 | AF47: 1 | AI47: 0 | AJ47: 0 | AK47: 0 | AL47: 0 | AM47: 0 | AN47: 0 | AP47: 0 | AQ47: 1 | AR47: 0 | AS47: 0 | BE47: 240 | BG47: 1 | BL47: 1
A48: 381 | B48: 太阳水包 | C48: ITEMTYPE_USABLE | D48: ITEMSUBTYPE_USABLE_MISC | E48: 1 | F48: clsWarrior,clsMage,clsRogue,clsArcher,clsTaoist | G48: 0 | H48: 0 | I48: 99999 | J48: 0 | K48: 0 | L48: DURTYPE_STACK | M48: 1 | N48: 7 | P48: 0 | Q48: 0 | S48: 3000 | T48: 0 | V48: 1 | W48: 1 | X48: tysbao1 | Y48: Texture2D MMO_ItemIcon_Supplies.medicament.tys11 | Z48: 解开成为6个太阳水。 | AA48: StaticMesh Bottle.Dro_Posin_09_all | AB48: 0 | AC48: 15 | AD48: 0 | AE48: 0 | AF48: 1 | AI48: 0 | AJ48: 0 | AK48: 0 | AL48: 0 | AM48: 0 | AN48: 0 | AP48: 0 | AQ48: 1 | AR48: 0 | AS48: 0 | BE48: 240 | BG48: 1 | BL48: 1
A49: 382 | B49: 强效太阳水包 | C49: ITEMTYPE_USABLE | D49: ITEMSUBTYPE_USABLE_MISC | E49: 1 | F49: clsWarrior,clsMage,clsRogue,clsArcher,clsTaoist | G49: 0 | H49: 0 | I49: 99999 | J49: 0 | K49: 0 | L49: DURTYPE_STACK | M49: 1 | N49: 14 | P49: 0 | Q49: 0 | S49: 7500 | T49: 0 | V49: 1 | W49: 1 | X49: tysbao2 | Y49: Texture2D MMO_ItemIcon_Supplies.medicament.tys21 | Z49: 解开成为6个强效太阳水。 | AA49: StaticMesh Bottle.Dro_Posin_09_all | AB49: 0 | AC49: 15 | AD49: 0 | AE49: 0 | AF49: 1 | AI49: 0 | AJ49: 0 | AK49: 0 | AL49: 0 | AM49: 0 | AN49: 0 | AP49: 0 | AQ49: 1 | AR49: 0 | AS49: 0 | BE49: 240 | BG49: 1 | BL49: 1
A50: 383 | B50: 疗伤药包 | C50: ITEMTYPE_USABLE | D50: ITEMSUBTYPE_USABLE_MISC | E50: 1 | F50: clsWarrior,clsMage,clsRogue,clsArcher,clsTaoist | G50: 0 | H50: 0 | I50: 99999 | J50: 0 | K50: 0 | L50: DURTYPE_STACK | M50: 1 | N50: 7 | P50: 0 | Q50: 0 | S50: 15000 | T50: 0 | V50: 1 | W50: 1 | X50: lsybao | Y50: Texture2D MMO_ItemIcon_Supplies.medicament.lsy1 | Z50: 解开成为6个疗伤药。 | AA50: StaticMesh lsy.Dro_lsy02 | AB50: 0 | AC50: 15 | AD50: 0 | AE50: 0 | AF50: 1 | AI50: 0 | AJ50: 0 | AK50: 0 | AL50: 0 | AM50: 0 | AN50: 0 | AP50: 1 | AR50: 0 | AS50: 0 | BE50: 240 | BG50: 1 | BL50: 1
A51: 384 | B51: 万年雪霜包 | C51: ITEMTYPE_USABLE | D51: ITEMSUBTYPE_USABLE_MISC | E51: 1 | F51: clsWarrior,clsMage,clsRogue,clsArcher,clsTaoist | G51: 0 | H51: 0 | I51: 99999 | J51: 0 | K51: 0 | L51: DURTYPE_STACK | M51: 1 | N51: 7 | P51: 0 | Q51: 0 | S51: 12000 | T51: 0 | V51: 1 | W51: 1 | X51: wnxsbao | Y51: Texture2D MMO_ItemIcon_Supplies.wnxsk | Z51: 解开成为6个万年雪霜。 | AA51: StaticMesh ginseng.Dro_ginseng02 | AB51: 0 | AC51: 15 | AD51: 0 | AE51: 0 | AF51: 1 | AI51: 0 | AJ51: 0 | AK51: 0 | AL51: 0 | AM51: 0 | AN51: 0 | AP51: 1 | AR51: 0 | AS51: 0 | BE51: 240 | BG51: 1 | BL51: 1
A52: 386 | B52: 太阳水包1 | C52: ITEMTYPE_USABLE | D52: ITEMSUBTYPE_USABLE_MISC | E52: 1 | F52: clsWarrior,clsMage,clsRogue,clsArcher,clsTaoist | G52: 0 | H52: 0 | I52: 99999 | J52: 0 | K52: 0 | L52: DURTYPE_STACK | M52: 1 | N52: 7 | P52: 0 | Q52: 0 | S52: 3000 | T52: 0 | V52: 1 | W52: 1 | X52: tysbao6 | Y52: Texture2D MMO_ItemIcon_Supplies.medicament.tys11 | Z52: 解开成为6个太阳水。 | AA52: StaticMesh Bottle.Dro_Posin_09_all | AB52: 0 | AC52: 15 | AD52: 0 | AE52: 0 | AF52: 1 | AI52: 0 | AJ52: 0 | AK52: 0 | AL52: 0 | AM52: 0 | AN52: 0 | AP52: 0 | AQ52: 1 | AR52: 0 | AS52: 0 | BE52: 240 | BG52: 1 | BL52: 1
A53: 387 | B53: 强效太阳水包1 | C53: ITEMTYPE_USABLE | D53: ITEMSUBTYPE_USABLE_MISC | E53: 1 | F53: clsWarrior,clsMage,clsRogue,clsArcher,clsTaoist | G53: 0 | H53: 0 | I53: 99999 | J53: 0 | K53: 0 | L53: DURTYPE_STACK | M53: 1 | N53: 14 | P53: 0 | Q53: 0 | S53: 7500 | T53: 0 | V53: 1 | W53: 1 | X53: tysbao7 | Y53: Texture2D MMO_ItemIcon_Supplies.medicament.tys21 | Z53: 解开成为6个强效太阳水。 | AA53: StaticMesh Bottle.Dro_Posin_09_all | AB53: 0 | AC53: 15 | AD53: 0 | AE53: 0 | AF53: 1 | AI53: 0 | AJ53: 0 | AK53: 0 | AL53: 0 | AM53: 0 | AN53: 0 | AP53: 0 | AQ53: 1 | AR53: 0 | AS53: 0 | BE53: 240 | BG53: 1 | BL53: 1
A54: 388 | B54: 疗伤药包1 | C54: ITEMTYPE_USABLE | D54: ITEMSUBTYPE_USABLE_MISC | E54: 1 | F54: clsWarrior,clsMage,clsRogue,clsArcher,clsTaoist | G54: 0 | H54: 0 | I54: 99999 | J54: 0 | K54: 0 | L54: DURTYPE_STACK | M54: 1 | N54: 7 | P54: 0 | Q54: 0 | S54: 15000 | T54: 0 | V54: 1 | W54: 1 | X54: lsybao2 | Y54: Texture2D MMO_ItemIcon_Supplies.medicament.lsy1 | Z54: 解开成为6个疗伤药。 | AA54: StaticMesh lsy.Dro_lsy02 | AB54: 0 | AC54: 15 | AD54: 0 | AE54: 0 | AF54: 1 | AI54: 0 | AJ54: 0 | AK54: 0 | AL54: 0 | AM54: 0 | AN54: 0 | AP54: 1 | AR54: 0 | AS54: 0 | BE54: 240 | BG54: 1 | BL54: 1
A55: 389 | B55: 万年雪霜包1 | C55: ITEMTYPE_USABLE | D55: ITEMSUBTYPE_USABLE_MISC | E55: 1 | F55: clsWarrior,clsMage,clsRogue,clsArcher,clsTaoist | G55: 0 | H55: 0 | I55: 99999 | J55: 0 | K55: 0 | L55: DURTYPE_STACK | M55: 1 | N55: 7 | P55: 0 | Q55: 0 | S55: 12000 | T55: 0 | V55: 1 | W55: 1 | X55: wnxsbao2 | Y55: Texture2D MMO_ItemIcon_Supplies.wnxsk | Z55: 解开成为6个万年雪霜。 | AA55: StaticMesh ginseng.Dro_ginseng02 | AB55: 0 | AC55: 15 | AD55: 0 | AE55: 0 | AF55: 1 | AI55: 0 | AJ55: 0 | AK55: 0 | AL55: 0 | AM55: 0 | AN55: 0 | AP55: 1 | AR55: 0 | AS55: 0 | BE55: 240 | BG55: 1 | BL55: 1
A56: 401 | B56: 气血石 | C56: ITEMTYPE_RECOVER | D56: ITEMSUBTYPE_RECOVER_HP | E56: 1 | F56: clsWarrior,clsMage,clsRogue,clsArcher,clsTaoist | G56: 0 | H56: 0 | I56: 99999 | J56: 0 | K56: 0 | L56: DURTYPE_RECOVER | M56: 100000 | N56: 1 | P56: 0 | Q56: 0 | S56: 1 | T56: 0 | V56: 0 | W56: 1 | Y56: Texture2D MMO_ItemIcon_Supplies.qxs_small | Z56: 蕴含灵力的神石，可持续回复体力。<br>点击右键装备。 | AA56: StaticMesh Bottle.Dro_Posin_GMagic_1 | AB56: 0 | AC56: 15 | AD56: 0 | AE56: 0 | AF56: 1 | AI56: 0 | AJ56: 0 | AK56: 0 | AL56: 0 | AM56: 0 | AN56: 0 | AP56: 1 | AR56: 0 | AS56: 0 | AT56: 1 | BE56: 240 | BL56: 0
A57: 411 | B57: 幻魔石 | C57: ITEMTYPE_RECOVER | D57: ITEMSUBTYPE_RECOVER_MP | E57: 1 | F57: clsWarrior,clsMage,clsRogue,clsArcher,clsTaoist | G57: 0 | H57: 0 | I57: 99999 | J57: 0 | K57: 0 | L57: DURTYPE_RECOVER | M57: 100000 | N57: 1 | P57: 0 | Q57: 0 | S57: 1 | T57: 0 | V57: 0 | W57: 1 | Y57: Texture2D MMO_ItemIcon_Supplies.mhs_small | Z57: 蕴含灵力的神石，可持续回复魔法。<br>点击右键装备。 | AA57: StaticMesh Bottle.Dro_Posin_GMagic_1 | AB57: 0 | AC57: 15 | AD57: 0 | AE57: 0 | AF57: 1 | AI57: 0 | AJ57: 0 | AK57: 0 | AL57: 0 | AM57: 0 | AN57: 0 | AP57: 1 | AR57: 0 | AS57: 0 | AT57: 1 | BE57: 240 | BL57: 0
A58: 421 | B58: 魔血石 | C58: ITEMTYPE_RECOVER | D58: ITEMSUBTYPE_RECOVER_HPMP | E58: 1 | F58: clsWarrior,clsMage,clsRogue,clsArcher,clsTaoist | G58: 0 | H58: 0 | I58: 99999 | J58: 0 | K58: 0 | L58: DURTYPE_RECOVER | M58: 100000 | N58: 1 | P58: 0 | Q58: 0 | S58: 1 | T58: 0 | V58: 0 | W58: 1 | Y58: Texture2D MMO_ItemIcon_Supplies.mxs_small | Z58: 蕴含灵力的神石，可持续回复体力和魔法。<br>点击右键装备。 | AA58: StaticMesh Bottle.Dro_Posin_GMagic_1 | AB58: 0 | AC58: 15 | AD58: 0 | AE58: 0 | AF58: 1 | AI58: 0 | AJ58: 0 | AK58: 0 | AL58: 0 | AM58: 0 | AN58: 0 | AP58: 1 | AR58: 0 | AS58: 0 | AT58: 1 | BE58: 240 | BL58: 0
A59: 501 | B59: 肉 | C59: ITEMTYPE_MISC | D59: ITEMSUBTYPE_MISC_DEFAULT | E59: 1 | F59: clsWarrior,clsMage,clsRogue,clsArcher,clsTaoist | G59: 0 | H59: 0 | I59: 99999 | J59: 0 | K59: 0 | L59: DURTYPE_STACK | M59: 1 | N59: 1 | P59: 0 | Q59: 0 | S59: 100 | T59: 0 | V59: 1 | W59: 1 | Y59: Texture2D MMO_ItemIcon_Supplies.rou | Z59: 新鲜的肉块，可以卖给杂货店。 | AA59: StaticMesh Dro_New.Dro_New_5 | AB59: 0 | AC59: 8 | AD59: 0 | AE59: 0 | AF59: 1 | AI59: 0 | AJ59: 0 | AK59: 0 | AL59: 0 | AM59: 0 | AN59: 0 | AR59: 0 | AS59: 0 | BE59: 240 | BG59: 2 | BL59: 0
A60: 502 | B60: 鹿血 | C60: ITEMTYPE_USABLE | D60: ITEMSUBTYPE_USABLE_POTION | E60: 1 | F60: clsWarrior,clsMage,clsRogue,clsArcher,clsTaoist | G60: 0 | H60: 0 | I60: 99999 | J60: 0 | K60: 0 | L60: DURTYPE_STACK | M60: 1 | N60: 1 | O60: 4569 | P60: 0 | Q60: 0 | S60: 50 | T60: 0 | V60: 1 | W60: 1 | Y60: Texture2D MMO_ItemIcon_Supplies.luxue | Z60: 立刻恢复20点体力，20点魔法。 | AA60: StaticMesh Dro_New.Dro_New_4 | AB60: 0 | AC60: 15 | AD60: 0 | AE60: 0 | AF60: 1 | AI60: 0 | AJ60: 0 | AK60: 0 | AL60: 0 | AM60: 0 | AN60: 0 | AR60: 0 | AS60: 0 | BE60: 240 | BG60: 2 | BL60: 0
A61: 601 | B61: 肉干 | C61: ITEMTYPE_USABLE | D61: ITEMSUBTYPE_USABLE_MISC | E61: 1 | F61: clsWarrior,clsMage,clsRogue,clsArcher,clsTaoist | G61: 0 | H61: 0 | I61: 0 | J61: 0 | K61: 0 | L61: DURTYPE_STACK | M61: 99 | N61: 1 | P61: 0 | Q61: 0 | S61: 100 | T61: 0 | V61: 1 | W61: 1 | X61: RouGanDecPKValue | Y61: Texture2D MMO_ItemIcon_Supplies.item_jerky | Z61: 点右键使用，有概率降低1点PK值。 | AA61: StaticMesh meat.Dro_meat01 | AB61: 0 | AC61: 11 | AD61: 0 | AE61: 0 | AF61: 1 | AI61: 0 | AJ61: 0 | AK61: 0 | AL61: 0 | AM61: 0 | AN61: 0 | AP61: 1 | AQ61: 1 | AR61: 0 | AS61: 0 | BE61: 240 | BG61: 2 | BL61: 0
A62: 701 | B62: 攻击神水 | C62: ITEMTYPE_USABLE | D62: ITEMSUBTYPE_USABLE_POTION | E62: 1 | F62: clsWarrior,clsMage,clsRogue,clsArcher,clsTaoist | G62: 0 | H62: 0 | I62: 99999 | J62: 0 | K62: 0 | L62: DURTYPE_STACK | M62: 1 | N62: 2 | O62: 4570 | P62: 0 | Q62: 0 | S62: 500 | T62: 0 | V62: 1 | W62: 1 | Y62: Texture2D MMO_ItemIcon_Supplies.medicament.ss_atk | Z62: 最大攻击提高5，持续180秒。 | AA62: StaticMesh Holywater.Dro_Holywater_01 | AB62: 0 | AC62: 15 | AD62: 0 | AE62: 0 | AF62: 1 | AI62: 0 | AJ62: 0 | AK62: 0 | AL62: 0 | AM62: 0 | AN62: 0 | AP62: 1 | AQ62: 1 | AR62: 0 | AS62: 0 | BE62: 240 | BG62: 1 | BL62: 0
A63: 702 | B63: 魔力神水 | C63: ITEMTYPE_USABLE | D63: ITEMSUBTYPE_USABLE_POTION | E63: 1 | F63: clsWarrior,clsMage,clsRogue,clsArcher,clsTaoist | G63: 0 | H63: 0 | I63: 99999 | J63: 0 | K63: 0 | L63: DURTYPE_STACK | M63: 1 | N63: 2 | O63: 4571 | P63: 0 | Q63: 0 | S63: 500 | T63: 0 | V63: 1 | W63: 1 | Y63: Texture3D MMO_ItemIcon_Supplies.medicament.ss_mag | Z63: 最大魔法提高3，持续180秒。 | AA63: StaticMesh Holywater.Dro_Holywater_05 | AB63: 0 | AC63: 15 | AD63: 0 | AE63: 0 | AF63: 1 | AI63: 0 | AJ63: 0 | AK63: 0 | AL63: 0 | AM63: 0 | AN63: 0 | AP63: 1 | AQ63: 1 | AR63: 0 | AS63: 0 | BE63: 240 | BG63: 1 | BL63: 0
A64: 703 | B64: 精神神水 | C64: ITEMTYPE_USABLE | D64: ITEMSUBTYPE_USABLE_POTION | E64: 1 | F64: clsWarrior,clsMage,clsRogue,clsArcher,clsTaoist | G64: 0 | H64: 0 | I64: 99999 | J64: 0 | K64: 0 | L64: DURTYPE_STACK | M64: 1 | N64: 2 | O64: 4572 | P64: 0 | Q64: 0 | S64: 500 | T64: 0 | V64: 1 | W64: 1 | Y64: Texture4D MMO_ItemIcon_Supplies.medicament.ss_int | Z64: 最大道术提高3，持续180秒。 | AA64: StaticMesh Holywater.Dro_Holywater_03 | AB64: 0 | AC64: 15 | AD64: 0 | AE64: 0 | AF64: 1 | AI64: 0 | AJ64: 0 | AK64: 0 | AL64: 0 | AM64: 0 | AN64: 0 | AP64: 1 | AQ64: 1 | AR64: 0 | AS64: 0 | BE64: 240 | BG64: 1 | BL64: 0
A65: 704 | B65: 极速神水 | C65: ITEMTYPE_USABLE | D65: ITEMSUBTYPE_USABLE_POTION | E65: 1 | F65: clsWarrior,clsMage,clsRogue,clsArcher,clsTaoist | G65: 0 | H65: 0 | I65: 99999 | J65: 0 | K65: 0 | L65: DURTYPE_STACK | M65: 1 | N65: 2 | O65: 4573 | P65: 0 | Q65: 0 | S65: 500 | T65: 0 | V65: 1 | W65: 1 | Y65: Texture5D MMO_ItemIcon_Supplies.medicament.ss_agi | Z65: 攻击速度提高1，持续180秒。 | AA65: StaticMesh Holywater.Dro_Holywater_02 | AB65: 0 | AC65: 15 | AD65: 0 | AE65: 0 | AF65: 1 | AI65: 0 | AJ65: 0 | AK65: 0 | AL65: 0 | AM65: 0 | AN65: 0 | AP65: 1 | AQ65: 1 | AR65: 0 | AS65: 0 | BE65: 240 | BG65: 1 | BL65: 0
A66: 705 | B66: 体力强效神水 | C66: ITEMTYPE_USABLE | D66: ITEMSUBTYPE_USABLE_POTION | E66: 1 | F66: clsWarrior,clsMage,clsRogue,clsArcher,clsTaoist | G66: 0 | H66: 0 | I66: 99999 | J66: 0 | K66: 0 | L66: DURTYPE_STACK | M66: 1 | N66: 2 | O66: 4574 | P66: 0 | Q66: 0 | S66: 500 | T66: 0 | V66: 1 | W66: 1 | Y66: Texture6D MMO_ItemIcon_Supplies.medicament.qxss_vit | Z66: 最大体力值提高50，持续120秒。 | AA66: StaticMesh Holywater.Dro_Holywater_04 | AB66: 0 | AC66: 15 | AD66: 0 | AE66: 0 | AF66: 1 | AI66: 0 | AJ66: 0 | AK66: 0 | AL66: 0 | AM66: 0 | AN66: 0 | AP66: 1 | AQ66: 1 | AR66: 0 | AS66: 0 | BE66: 240 | BG66: 1 | BL66: 0
A67: 706 | B67: 魔力强效神水 | C67: ITEMTYPE_USABLE | D67: ITEMSUBTYPE_USABLE_POTION | E67: 1 | F67: clsWarrior,clsMage,clsRogue,clsArcher,clsTaoist | G67: 0 | H67: 0 | I67: 99999 | J67: 0 | K67: 0 | L67: DURTYPE_STACK | M67: 1 | N67: 2 | O67: 4575 | P67: 0 | Q67: 0 | S67: 500 | T67: 0 | V67: 1 | W67: 1 | Y67: Texture7D MMO_ItemIcon_Supplies.medicament.qxss_mag | Z67: 最大魔法值提高50，持续120秒。 | AA67: StaticMesh Holywater.Dro_Holywater_06 | AB67: 0 | AC67: 15 | AD67: 0 | AE67: 0 | AF67: 1 | AI67: 0 | AJ67: 0 | AK67: 0 | AL67: 0 | AM67: 0 | AN67: 0 | AP67: 1 | AQ67: 1 | AR67: 0 | AS67: 0 | BE67: 240 | BG67: 1 | BL67: 0
A68: 1201 | B68: 先祖典籍 | C68: ITEMTYPE_USABLE | D68: ITEMSUBTYPE_USABLE_POTION | E68: 1 | F68: clsWarrior,clsMage,clsRogue,clsArcher,clsTaoist | G68: 0 | H68: 0 | I68: 99999 | J68: 0 | K68: 0 | L68: DURTYPE_STACK | M68: 1 | N68: 1 | O68: 124 | P68: 0 | Q68: 0 | S68: 1 | T68: 0 | V68: 1 | W68: 1 | Y68: Texture2D MMO_ItemIcon_Supplies.item_80 | Z68: 点击右键使用，增加英雄经验。 | AA68: StaticMesh Dro_Gem.Dro_Gem02 | AB68: 0 | AC68: 15 | AD68: 0 | AE68: 0 | AF68: 1 | AI68: 0 | AJ68: 0 | AK68: 0 | AL68: 0 | AM68: 0 | AN68: 0 | AP68: 1 | AR68: 0 | AS68: 0 | BE68: 240 | BL68: 0
A69: 2001 | B69: 魂瓶 | C69: ITEMTYPE_DEPOSIT | D69: ITEMSUBTYPE_DEPOSIT_SOUL | E69: 1 | F69: clsWarrior,clsMage,clsRogue,clsArcher,clsTaoist | G69: 0 | H69: 0 | I69: 99999 | J69: 0 | K69: 0 | L69: DURTYPE_DEPOSIT | M69: 5000 | N69: 1 | P69: 0 | Q69: 0 | S69: 1 | T69: 0 | V69: 1 | W69: 1 | Y69: Texture2D MMO_ItemIcon_Supplies.Item_hunping_1 | Z69: 魂瓶未满时装备到境界界面，之后获得的魂值将储存在混瓶中，魂瓶装满后可以把瓶中的魂值转移到角色身上。<br>点击邮件使用。 | AA69: StaticMesh Dro_Gem.Dro_Gem02 | AB69: 0 | AC69: 15 | AD69: 0 | AE69: 0 | AF69: 0 | AI69: 0 | AJ69: 0 | AK69: 0 | AL69: 0 | AM69: 0 | AN69: 0 | AP69: 1 | AR69: 0 | AS69: 0 | AT69: 1 | BE69: 240 | BL69: 0
A70: 2011 | B70: 龙卫灵匣 | C70: ITEMTYPE_DEPOSIT | D70: ITEMSUBTYPE_DEPOSIT_EXP | E70: 30 | F70: clsWarrior,clsMage,clsRogue,clsArcher,clsTaoist | G70: 0 | H70: 0 | I70: 99999 | J70: 0 | K70: 0 | L70: DURTYPE_DEPOSIT | M70: 150000 | N70: 1 | P70: 0 | Q70: 0 | S70: 3000 | T70: 0 | V70: 1 | W70: 1 | Y70: Texture2D MMO_ItemIcon_Supplies.Item_longweilingxia_1 | Z70: 由龙卫创制，巧夺天工，随身携带可将修行所得经验值吸入匣中。<br>右键点击空的龙卫灵匣挂载，存满的龙卫灵匣含有大量经验值，可供他人提取使用。 | AA70: StaticMesh Treasure.Dro_Treasure02 | AB70: 0 | AC70: 15 | AD70: 0 | AE70: 0 | AF70: 1 | AI70: 0 | AJ70: 0 | AK70: 0 | AL70: 0 | AM70: 0 | AN70: 0 | AP70: 1 | AR70: 0 | AS70: 0 | AT70: 1 | BE70: 240 | BG70: 2 | BL70: 0
A71: 2012 | B71: 聚灵匣 | C71: ITEMTYPE_DEPOSIT | D71: ITEMSUBTYPE_DEPOSIT_EXP | E71: 10 | F71: clsWarrior,clsMage,clsRogue,clsArcher,clsTaoist | G71: 0 | H71: 0 | I71: 99999 | J71: 0 | K71: 0 | L71: DURTYPE_DEPOSIT | M71: 50000 | N71: 1 | P71: 0 | Q71: 0 | S71: 1000 | T71: 0 | V71: 1 | W71: 1 | Y71: Texture2D MMO_ItemIcon_Supplies.Item_julingxia_1 | Z71: 简易的灵匣，随身携带可将修行所得经验值吸入匣中。<br>右键点击空的聚灵匣挂载，灵匣吸满经验值后，可供他人提取使用。 | AA71: StaticMesh Treasure.Dro_Treasure01 | AB71: 0 | AC71: 15 | AD71: 0 | AE71: 0 | AF71: 1 | AI71: 0 | AJ71: 0 | AK71: 0 | AL71: 0 | AM71: 0 | AN71: 0 | AP71: 1 | AR71: 0 | AS71: 0 | AT71: 1 | BE71: 240 | BG71: 2 | BL71: 0
A72: 2101 | B72: 白银VIP | C72: ITEMTYPE_USABLE | D72: ITEMSUBTYPE_USABLE_MISC | E72: 1 | F72: clsWarrior,clsMage,clsRogue,clsArcher,clsTaoist | G72: 0 | H72: 0 | I72: 99999 | J72: 0 | K72: 0 | L72: DURTYPE_STACK | M72: 99 | N72: 1 | P72: 0 | Q72: 0 | S72: 1 | T72: 0 | V72: 0 | W72: 1 | X72: OnUseVip1 | Y72: Texture2D MMO_ItemIcon_Supplies.item_83 | Z72: 点击右键使用，使用后可以获得31天的白银VIP。 | AA72: StaticMesh Dro_Gem.Dro_Gem02 | AB72: 0 | AC72: 15 | AD72: 0 | AE72: 0 | AF72: 0 | AI72: 0 | AJ72: 0 | AK72: 0 | AL72: 0 | AM72: 0 | AN72: 0 | AP72: 1 | AR72: 0 | AS72: 0 | AT72: 1 | BE72: 240 | BL72: 0
A73: 2102 | B73: 黄金VIP | C73: ITEMTYPE_USABLE | D73: ITEMSUBTYPE_USABLE_MISC | E73: 1 | F73: clsWarrior,clsMage,clsRogue,clsArcher,clsTaoist | G73: 0 | H73: 0 | I73: 99999 | J73: 0 | K73: 0 | L73: DURTYPE_STACK | M73: 99 | N73: 1 | P73: 0 | Q73: 0 | S73: 1 | T73: 0 | V73: 0 | W73: 1 | X73: OnUseVip2 | Y73: Texture2D MMO_ItemIcon_Supplies.item_83 | Z73: 点击右键使用，使用后可以获得31天的黄金VIP。 | AA73: StaticMesh Dro_Gem.Dro_Gem02 | AB73: 0 | AC73: 15 | AD73: 0 | AE73: 0 | AF73: 0 | AI73: 0 | AJ73: 0 | AK73: 0 | AL73: 0 | AM73: 0 | AN73: 0 | AP73: 1 | AR73: 0 | AS73: 0 | AT73: 1 | BE73: 240 | BL73: 0
A74: 2103 | B74: 钻石VIP | C74: ITEMTYPE_USABLE | D74: ITEMSUBTYPE_USABLE_MISC | E74: 1 | F74: clsWarrior,clsMage,clsRogue,clsArcher,clsTaoist | G74: 0 | H74: 0 | I74: 99999 | J74: 0 | K74: 0 | L74: DURTYPE_STACK | M74: 99 | N74: 1 | P74: 0 | Q74: 0 | S74: 1 | T74: 0 | V74: 0 | W74: 1 | X74: OnUseVip3 | Y74: Texture2D MMO_ItemIcon_Supplies.item_83 | Z74: 点击右键使用，使用后可以获得31天的钻石VIP。 | AA74: StaticMesh Dro_Gem.Dro_Gem02 | AB74: 0 | AC74: 15 | AD74: 0 | AE74: 0 | AF74: 0 | AI74: 0 | AJ74: 0 | AK74: 0 | AL74: 0 | AM74: 0 | AN74: 0 | AP74: 1 | AR74: 0 | AS74: 0 | AT74: 1 | BE74: 240 | BL74: 0
A75: 2201 | B75: 千里传音 | C75: ITEMTYPE_USABLE | D75: ITEMSUBTYPE_USABLE_MISC | E75: 1 | F75: clsWarrior,clsMage,clsRogue,clsArcher,clsTaoist | G75: 0 | H75: 0 | I75: 99999 | J75: 0 | K75: 0 | L75: DURTYPE_STACK | M75: 99 | N75: 0 | P75: 0 | Q75: 0 | S75: 5000 | T75: 0 | V75: 1 | W75: 1 | Y75: Texture2D MMO_ItemIcon_Supplies.item_Trumpet | Z75: 使用传音筒可以在聊天栏的“传音”频道发言，所有玩家都能收到由传音筒发出的短讯。 | AA75: StaticMesh Dro_Laba.Dro_Laba | AB75: 0 | AC75: 15 | AD75: 0 | AE75: 0 | AF75: 1 | AI75: 0 | AJ75: 0 | AK75: 0 | AL75: 0 | AM75: 0 | AN75: 0 | AP75: 1 | AQ75: 1 | AR75: 0 | AS75: 0 | AT75: 1 | BE75: 240 | BG75: 2 | BL75: 0
A76: 2211 | B76: 蛋糕烟花 | C76: ITEMTYPE_USABLE | D76: ITEMSUBTYPE_USABLE_MISC | E76: 1 | F76: clsWarrior,clsMage,clsRogue,clsArcher,clsTaoist | G76: 0 | H76: 0 | I76: 99999 | J76: 0 | K76: 0 | L76: DURTYPE_STACK | M76: 99 | N76: 0 | P76: 0 | Q76: 0 | S76: 25000 | T76: 0 | V76: 1 | W76: 1 | X76: FireWorksCake | Y76: Texture2D MMO_ItemIcon_Supplies.item_fireworks_cake | Z76: 绚丽的蛋糕形焰火，使用后所有的人都将注意到你的存在。 | AA76: StaticMesh Dro_Cake.Dro_Cake | AB76: 0 | AC76: 15 | AD76: 0 | AE76: 0 | AF76: 1 | AI76: 0 | AJ76: 0 | AK76: 0 | AL76: 0 | AM76: 0 | AN76: 0 | AP76: 1 | AQ76: 1 | AR76: 0 | AS76: 0 | AT76: 1 | BE76: 240 | BG76: 2 | BL76: 0
A77: 2212 | B77: 礼花 | C77: ITEMTYPE_USABLE | D77: ITEMSUBTYPE_USABLE_MISC | E77: 1 | F77: clsWarrior,clsMage,clsRogue,clsArcher,clsTaoist | G77: 0 | H77: 0 | I77: 99999 | J77: 0 | K77: 0 | L77: DURTYPE_STACK | M77: 99 | N77: 0 | P77: 0 | Q77: 0 | S77: 1500 | T77: 0 | V77: 1 | W77: 1 | X77: FireWorks1 | Y77: Texture2D MMO_ItemIcon_Supplies.item_fireworks_1 | Z77: 飞火流星礼花，刹那绽开映亮永久。 | AA77: StaticMesh Dro_Fireworks.Dro_Fireworks | AB77: 0 | AC77: 15 | AD77: 0 | AE77: 0 | AF77: 1 | AI77: 0 | AJ77: 0 | AK77: 0 | AL77: 0 | AM77: 0 | AN77: 0 | AP77: 1 | AQ77: 1 | AR77: 0 | AS77: 0 | AT77: 1 | BE77: 240 | BG77: 2 | BL77: 0
A78: 2301 | B78: 佣兵礼包 | C78: ITEMTYPE_USABLE | D78: ITEMSUBTYPE_USABLE_MISC | E78: 1 | F78: clsWarrior,clsMage,clsRogue,clsArcher,clsTaoist | G78: 0 | H78: 0 | I78: 99999 | J78: 0 | K78: 3 | L78: DURTYPE_STACK | M78: 20 | N78: 1 | P78: 0 | Q78: 0 | S78: 1 | T78: 0 | V78: 1 | W78: 1 | X78: YongBingLiBao | Y78: Texture2D MMO_ItemIcon_Supplies.gift04 | Z78: 前往杀敌的佣兵暂存所得财物的包裹。点击后有几率获得珍稀道具。 | AA78: StaticMesh Dro_Gem.Dro_Gem02 | AB78: 0 | AC78: 16 | AD78: 0 | AE78: 0 | AF78: 1 | AI78: 0 | AJ78: 0 | AK78: 0 | AL78: 0 | AM78: 0 | AN78: 0 | AP78: 1 | AQ78: 1 | AR78: 0 | AS78: 0 | AT78: 1 | BE78: 240 | BG78: 2 | BL78: 0
A79: 2302 | B79: 佣兵灵匣 | C79: ITEMTYPE_USABLE | D79: ITEMSUBTYPE_USABLE_MISC | E79: 1 | F79: clsWarrior,clsMage,clsRogue,clsArcher,clsTaoist | G79: 0 | H79: 0 | I79: 99999 | J79: 0 | K79: 3 | L79: DURTYPE_STACK | M79: 99 | N79: 1 | P79: 0 | Q79: 0 | S79: 1 | T79: 0 | V79: 1 | W79: 1 | X79: YongBingLingXia | Y79: Texture2D MMO_ItemIcon_Supplies.Item_yongbinglingxia | Z79: 能够吸纳并存放修行所得功力的灵物，由前往杀敌的佣兵携带，取回后便能轻松获取匣中经验值。<br>点击后获得10000经验。 | AA79: StaticMesh Treasure.Dro_Treasure01 | AB79: 0 | AC79: 15 | AD79: 0 | AE79: 0 | AF79: 1 | AI79: 0 | AJ79: 0 | AK79: 0 | AL79: 0 | AM79: 0 | AN79: 0 | AP79: 1 | AQ79: 1 | AR79: 0 | AS79: 0 | AT79: 1 | BE79: 240 | BG79: 2 | BL79: 0
A80: 10110 | B80: 驭朱灵石1级 | C80: ITEMTYPE_SOUL | D80: ITEMSUBTYPE_SOUL_DEFAULT | E80: 1 | F80: clsWarrior,clsMage,clsRogue,clsArcher,clsTaoist | G80: 0 | H80: 0 | I80: 99999 | J80: 0 | K80: 0 | L80: DURTYPE_STACK | M80: 1 | N80: 1 | P80: 0 | Q80: 0 | S80: 5000 | T80: 0 | V80: 1 | W80: 1 | Y80: Texture2D MMO_ItemIcon_Supplies.item_gem_red01 | Z80: <br><font color='#43FF98'> 最大道术 1</font><br><br>封印强大灵魂能量的红色灵石，可镶入装备的红色插槽中提升装备属性。<br><font color='#B2B2B2'> [找灵石镶嵌师进行灵石镶嵌]</font> | AA80: StaticMesh Dro_Gem.Dro_Gem_hong | AB80: 0 | AC80: 4 | AD80: 0 | AE80: 0 | AF80: 1 | AI80: 24 | AJ80: 8 | AK80: 0 | AL80: 0 | AM80: 0 | AN80: 0 | AP80: 1 | AQ80: 1 | AR80: 1 | AS80: 1 | AV80: 1 | AW80: 1 | AY80: 30000 | AZ80: 40000 | BA80: 50000 | BB80: 4 | BE80: 240 | BG80: 2 | BL80: 0
A81: 10111 | B81: 驭朱灵石2级 | C81: ITEMTYPE_SOUL | D81: ITEMSUBTYPE_SOUL_DEFAULT | E81: 1 | F81: clsWarrior,clsMage,clsRogue,clsArcher,clsTaoist | G81: 0 | H81: 0 | I81: 99999 | J81: 0 | K81: 0 | L81: DURTYPE_STACK | M81: 1 | N81: 1 | P81: 0 | Q81: 0 | S81: 10000 | T81: 0 | V81: 1 | W81: 1 | Y81: Texture2D MMO_ItemIcon_Supplies.item_gem_red02 | Z81: <br><font color='#43FF98'> 最大道术 2<br><br><font color='#F2F2F2'>封印强大灵魂能量的红色灵石，可镶入装备的红色插槽中提升装备属性。<br><font color='#B2B2B2'> [找灵石镶嵌师进行灵石镶嵌] | AA81: StaticMesh Dro_Gem.Dro_Gem_hong | AB81: 0 | AC81: 4 | AD81: 0 | AE81: 0 | AF81: 1 | AI81: 1200 | AJ81: 1 | AK81: 0 | AL81: 0 | AM81: 0 | AN81: 0 | AP81: 1 | AQ81: 1 | AR81: 1 | AS81: 1 | AV81: 1 | AY81: 30000 | AZ81: 40000 | BA81: 50000 | BB81: 4 | BE81: 240 | BG81: 2 | BL81: 0
A82: 10112 | B82: 驭朱灵石3级 | C82: ITEMTYPE_SOUL | D82: ITEMSUBTYPE_SOUL_DEFAULT | E82: 1 | F82: clsWarrior,clsMage,clsRogue,clsArcher,clsTaoist | G82: 0 | H82: 0 | I82: 99999 | J82: 0 | K82: 0 | L82: DURTYPE_STACK | M82: 1 | N82: 1 | P82: 0 | Q82: 0 | S82: 20000 | T82: 0 | V82: 1 | W82: 1 | Y82: Texture2D MMO_ItemIcon_Supplies.item_gem_red03 | Z82: <br><font color='#43FF98'> 最大道术 3<br><br><font color='#F2F2F2'>封印强大灵魂能量的红色灵石，可镶入装备的红色插槽中提升装备属性。<br><font color='#B2B2B2'> [找灵石镶嵌师进行灵石镶嵌] | AA82: StaticMesh Dro_Gem.Dro_Gem02 | AB82: 0 | AC82: 4 | AD82: 0 | AE82: 0 | AF82: 1 | AI82: 0 | AJ82: 0 | AK82: 0 | AL82: 0 | AM82: 0 | AN82: 0 | AP82: 1 | AQ82: 1 | AR82: 1 | AS82: 1 | AV82: 1 | AY82: 30000 | AZ82: 40000 | BA82: 50000 | BB82: 4 | BE82: 240 | BG82: 2 | BL82: 0
A83: 10113 | B83: 驭朱灵石4级 | C83: ITEMTYPE_SOUL | D83: ITEMSUBTYPE_SOUL_DEFAULT | E83: 1 | F83: clsWarrior,clsMage,clsRogue,clsArcher,clsTaoist | G83: 0 | H83: 0 | I83: 99999 | J83: 0 | K83: 0 | L83: DURTYPE_STACK | M83: 1 | N83: 1 | P83: 0 | Q83: 0 | S83: 40000 | T83: 0 | V83: 1 | W83: 1 | Y83: Texture2D MMO_ItemIcon_Supplies.item_gem_red04 | Z83: <br><font color='#43FF98'> 最大道术 4<br><br><font color='#F2F2F2'>封印强大灵魂能量的红色灵石，可镶入装备的红色插槽中提升装备属性。<br><font color='#B2B2B2'> [找灵石镶嵌师进行灵石镶嵌] | AA83: StaticMesh Dro_Gem.Dro_Gem02 | AB83: 0 | AC83: 4 | AD83: 0 | AE83: 0 | AF83: 1 | AI83: 0 | AJ83: 0 | AK83: 0 | AL83: 0 | AM83: 0 | AN83: 0 | AP83: 1 | AQ83: 1 | AR83: 1 | AS83: 1 | AV83: 1 | AY83: 30000 | AZ83: 40000 | BA83: 50000 | BB83: 4 | BE83: 240 | BG83: 2 | BL83: 0
A84: 10114 | B84: 驭朱灵石5级 | C84: ITEMTYPE_SOUL | D84: ITEMSUBTYPE_SOUL_DEFAULT | E84: 1 | F84: clsWarrior,clsMage,clsRogue,clsArcher,clsTaoist | G84: 0 | H84: 0 | I84: 99999 | J84: 0 | K84: 0 | L84: DURTYPE_STACK | M84: 1 | N84: 1 | P84: 0 | Q84: 0 | S84: 80000 | T84: 0 | V84: 1 | W84: 1 | Y84: Texture2D MMO_ItemIcon_Supplies.item_gem_red05 | Z84: <br><font color='#43FF98'> 最大道术 5<br><br><font color='#F2F2F2'>封印强大灵魂能量的红色灵石，可镶入装备的红色插槽中提升装备属性。<br><font color='#B2B2B2'> [找灵石镶嵌师进行灵石镶嵌] | AA84: StaticMesh Dro_Gem.Dro_Gem02 | AB84: 0 | AC84: 4 | AD84: 0 | AE84: 0 | AF84: 1 | AI84: 0 | AJ84: 0 | AK84: 0 | AL84: 0 | AM84: 0 | AN84: 0 | AP84: 1 | AQ84: 1 | AR84: 1 | AS84: 1 | AV84: 1 | AY84: 30000 | AZ84: 40000 | BA84: 50000 | BB84: 4 | BE84: 240 | BG84: 2 | BL84: 0
A85: 10115 | B85: 驭朱灵石6级 | C85: ITEMTYPE_SOUL | D85: ITEMSUBTYPE_SOUL_DEFAULT | E85: 1 | F85: clsWarrior,clsMage,clsRogue,clsArcher,clsTaoist | G85: 0 | H85: 0 | I85: 99999 | J85: 0 | K85: 0 | L85: DURTYPE_STACK | M85: 1 | N85: 1 | P85: 0 | Q85: 0 | S85: 80000 | T85: 0 | V85: 1 | W85: 1 | Y85: Texture2D MMO_ItemIcon_Supplies.item_gem_red06 | Z85: <br><font color='#43FF98'> 最大道术 6<br><br><font color='#F2F2F2'>封印强大灵魂能量的红色灵石，可镶入装备的红色插槽中提升装备属性。<br><font color='#B2B2B2'> [找灵石镶嵌师进行灵石镶嵌] | AA85: StaticMesh Dro_Gem.Dro_Gem02 | AB85: 0 | AC85: 4 | AD85: 0 | AE85: 0 | AF85: 1 | AI85: 0 | AJ85: 0 | AK85: 0 | AL85: 0 | AM85: 0 | AN85: 0 | AP85: 1 | AQ85: 1 | AR85: 1 | AS85: 1 | AV85: 1 | AY85: 30000 | AZ85: 40000 | BA85: 50000 | BB85: 4 | BE85: 240 | BG85: 2 | BL85: 0
A86: 10116 | B86: 驭朱灵石7级 | C86: ITEMTYPE_SOUL | D86: ITEMSUBTYPE_SOUL_DEFAULT | E86: 1 | F86: clsWarrior,clsMage,clsRogue,clsArcher,clsTaoist | G86: 0 | H86: 0 | I86: 99999 | J86: 0 | K86: 0 | L86: DURTYPE_STACK | M86: 1 | N86: 1 | P86: 0 | Q86: 0 | S86: 80000 | T86: 0 | V86: 1 | W86: 1 | Y86: Texture2D MMO_ItemIcon_Supplies.item_gem_red07 | Z86: <br><font color='#43FF98'> 最大道术 7<br><br><font color='#F2F2F2'>封印强大灵魂能量的红色灵石，可镶入装备的红色插槽中提升装备属性。<br><font color='#B2B2B2'> [找灵石镶嵌师进行灵石镶嵌] | AA86: StaticMesh Dro_Gem.Dro_Gem02 | AB86: 0 | AC86: 4 | AD86: 0 | AE86: 0 | AF86: 1 | AI86: 0 | AJ86: 0 | AK86: 0 | AL86: 0 | AM86: 0 | AN86: 0 | AP86: 1 | AQ86: 1 | AR86: 1 | AS86: 1 | AV86: 1 | AY86: 30000 | AZ86: 40000 | BA86: 50000 | BB86: 4 | BE86: 240 | BG86: 2 | BL86: 0
A87: 10117 | B87: 驭朱灵石8级 | C87: ITEMTYPE_SOUL | D87: ITEMSUBTYPE_SOUL_DEFAULT | E87: 1 | F87: clsWarrior,clsMage,clsRogue,clsArcher,clsTaoist | G87: 0 | H87: 0 | I87: 99999 | J87: 0 | K87: 0 | L87: DURTYPE_STACK | M87: 1 | N87: 1 | P87: 0 | Q87: 0 | S87: 80000 | T87: 0 | V87: 1 | W87: 1 | Y87: Texture2D MMO_ItemIcon_Supplies.item_gem_red08 | Z87: <br><font color='#43FF98'> 最大道术 8<br><br><font color='#F2F2F2'>封印强大灵魂能量的红色灵石，可镶入装备的红色插槽中提升装备属性。<br><font color='#B2B2B2'> [找灵石镶嵌师进行灵石镶嵌] | AA87: StaticMesh Dro_Gem.Dro_Gem02 | AB87: 0 | AC87: 4 | AD87: 0 | AE87: 0 | AF87: 1 | AI87: 0 | AJ87: 0 | AK87: 0 | AL87: 0 | AM87: 0 | AN87: 0 | AP87: 1 | AQ87: 1 | AR87: 1 | AS87: 1 | AV87: 1 | AY87: 30000 | AZ87: 40000 | BA87: 50000 | BB87: 4 | BE87: 240 | BG87: 2 | BL87: 0
A88: 10118 | B88: 驭朱灵石9级 | C88: ITEMTYPE_SOUL | D88: ITEMSUBTYPE_SOUL_DEFAULT | E88: 1 | F88: clsWarrior,clsMage,clsRogue,clsArcher,clsTaoist | G88: 0 | H88: 0 | I88: 99999 | J88: 0 | K88: 0 | L88: DURTYPE_STACK | M88: 1 | N88: 1 | P88: 0 | Q88: 0 | S88: 80000 | T88: 0 | V88: 1 | W88: 1 | Y88: Texture2D MMO_ItemIcon_Supplies.item_gem_red09 | Z88: <br><font color='#43FF98'> 最大道术 9<br><br><font color='#F2F2F2'>封印强大灵魂能量的红色灵石，可镶入装备的红色插槽中提升装备属性。<br><font color='#B2B2B2'> [找灵石镶嵌师进行灵石镶嵌] | AA88: StaticMesh Dro_Gem.Dro_Gem02 | AB88: 0 | AC88: 4 | AD88: 0 | AE88: 0 | AF88: 1 | AI88: 0 | AJ88: 0 | AK88: 0 | AL88: 0 | AM88: 0 | AN88: 0 | AP88: 1 | AQ88: 1 | AR88: 1 | AS88: 1 | AV88: 1 | AY88: 30000 | AZ88: 40000 | BA88: 50000 | BB88: 4 | BE88: 240 | BG88: 2 | BL88: 0
A89: 10119 | B89: 驭朱灵石10级 | C89: ITEMTYPE_SOUL | D89: ITEMSUBTYPE_SOUL_DEFAULT | E89: 1 | F89: clsWarrior,clsMage,clsRogue,clsArcher,clsTaoist | G89: 0 | H89: 0 | I89: 99999 | J89: 0 | K89: 0 | L89: DURTYPE_STACK | M89: 1 | N89: 1 | P89: 0 | Q89: 0 | S89: 80000 | T89: 0 | V89: 1 | W89: 1 | Y89: Texture2D MMO_ItemIcon_Supplies.item_gem_red10 | Z89: <br><font color='#43FF98'> 最大道术 10<br><br><font color='#F2F2F2'>封印强大灵魂能量的红色灵石，可镶入装备的红色插槽中提升装备属性。<br><font color='#B2B2B2'> [找灵石镶嵌师进行灵石镶嵌] | AA89: StaticMesh Dro_Gem.Dro_Gem02 | AB89: 0 | AC89: 4 | AD89: 0 | AE89: 0 | AF89: 1 | AI89: 0 | AJ89: 0 | AK89: 0 | AL89: 0 | AM89: 0 | AN89: 0 | AP89: 1 | AQ89: 1 | AR89: 1 | AS89: 1 | AV89: 1 | AY89: 30000 | AZ89: 40000 | BA89: 50000 | BB89: 4 | BE89: 240 | BG89: 2 | BL89: 0
A90: 10120 | B90: 命朱灵石1级 | C90: ITEMTYPE_SOUL | D90: ITEMSUBTYPE_SOUL_DEFAULT | E90: 1 | F90: clsWarrior,clsMage,clsRogue,clsArcher,clsTaoist | G90: 0 | H90: 0 | I90: 99999 | J90: 0 | K90: 0 | L90: DURTYPE_STACK | M90: 1 | N90: 1 | P90: 0 | Q90: 0 | S90: 5000 | T90: 0 | V90: 1 | W90: 1 | Y90: Texture2D MMO_ItemIcon_Supplies.item_gem_red01 | Z90: <br><font color='#43FF98'> 体力值 5<br><br><font color='#F2F2F2'>封印强大灵魂能量的红色灵石，可镶入装备的红色插槽中提升装备属性。<br><font color='#B2B2B2'> [找灵石镶嵌师进行灵石镶嵌] | AA90: StaticMesh Dro_Gem.Dro_Gem_hong | AB90: 0 | AC90: 4 | AD90: 0 | AE90: 0 | AF90: 1 | AI90: 24 | AJ90: 8 | AK90: 0 | AL90: 0 | AM90: 0 | AN90: 0 | AP90: 1 | AQ90: 1 | AR90: 1 | AS90: 1 | AV90: 1 | AW90: 1 | AY90: 30000 | AZ90: 40000 | BA90: 50000 | BB90: 4 | BE90: 240 | BG90: 2 | BL90: 0
A91: 10121 | B91: 命朱灵石2级 | C91: ITEMTYPE_SOUL | D91: ITEMSUBTYPE_SOUL_DEFAULT | E91: 1 | F91: clsWarrior,clsMage,clsRogue,clsArcher,clsTaoist | G91: 0 | H91: 0 | I91: 99999 | J91: 0 | K91: 0 | L91: DURTYPE_STACK | M91: 1 | N91: 1 | P91: 0 | Q91: 0 | S91: 10000 | T91: 0 | V91: 1 | W91: 1 | Y91: Texture2D MMO_ItemIcon_Supplies.item_gem_red02 | Z91: <br><font color='#43FF98'> 体力值 10<br><br><font color='#F2F2F2'>封印强大灵魂能量的红色灵石，可镶入装备的红色插槽中提升装备属性。<br><font color='#B2B2B2'> [找灵石镶嵌师进行灵石镶嵌] | AA91: StaticMesh Dro_Gem.Dro_Gem_hong | AB91: 0 | AC91: 4 | AD91: 0 | AE91: 0 | AF91: 1 | AI91: 1200 | AJ91: 1 | AK91: 0 | AL91: 0 | AM91: 0 | AN91: 0 | AP91: 1 | AQ91: 1 | AR91: 1 | AS91: 1 | AV91: 1 | AY91: 30000 | AZ91: 40000 | BA91: 50000 | BB91: 4 | BE91: 240 | BG91: 2 | BL91: 0
A92: 10122 | B92: 命朱灵石3级 | C92: ITEMTYPE_SOUL | D92: ITEMSUBTYPE_SOUL_DEFAULT | E92: 1 | F92: clsWarrior,clsMage,clsRogue,clsArcher,clsTaoist | G92: 0 | H92: 0 | I92: 99999 | J92: 0 | K92: 0 | L92: DURTYPE_STACK | M92: 1 | N92: 1 | P92: 0 | Q92: 0 | S92: 20000 | T92: 0 | V92: 1 | W92: 1 | Y92: Texture2D MMO_ItemIcon_Supplies.item_gem_red03 | Z92: <br><font color='#43FF98'> 体力值 15<br><br><font color='#F2F2F2'>封印强大灵魂能量的红色灵石，可镶入装备的红色插槽中提升装备属性。<br><font color='#B2B2B2'> [找灵石镶嵌师进行灵石镶嵌] | AA92: StaticMesh Dro_Gem.Dro_Gem_hong | AB92: 0 | AC92: 4 | AD92: 0 | AE92: 0 | AF92: 1 | AI92: 0 | AJ92: 0 | AK92: 0 | AL92: 0 | AM92: 0 | AN92: 0 | AP92: 1 | AQ92: 1 | AR92: 1 | AS92: 1 | AV92: 1 | AY92: 30000 | AZ92: 40000 | BA92: 50000 | BB92: 4 | BE92: 240 | BG92: 2 | BL92: 0
A93: 10123 | B93: 命朱灵石4级 | C93: ITEMTYPE_SOUL | D93: ITEMSUBTYPE_SOUL_DEFAULT | E93: 1 | F93: clsWarrior,clsMage,clsRogue,clsArcher,clsTaoist | G93: 0 | H93: 0 | I93: 99999 | J93: 0 | K93: 0 | L93: DURTYPE_STACK | M93: 1 | N93: 1 | P93: 0 | Q93: 0 | S93: 40000 | T93: 0 | V93: 1 | W93: 1 | Y93: Texture2D MMO_ItemIcon_Supplies.item_gem_red04 | Z93: <br><font color='#43FF98'> 体力值 20<br><br><font color='#F2F2F2'>封印强大灵魂能量的红色灵石，可镶入装备的红色插槽中提升装备属性。<br><font color='#B2B2B2'> [找灵石镶嵌师进行灵石镶嵌] | AA93: StaticMesh Dro_Gem.Dro_Gem_hong | AB93: 0 | AC93: 4 | AD93: 0 | AE93: 0 | AF93: 1 | AI93: 0 | AJ93: 0 | AK93: 0 | AL93: 0 | AM93: 0 | AN93: 0 | AP93: 1 | AQ93: 1 | AR93: 1 | AS93: 1 | AV93: 1 | AY93: 30000 | AZ93: 40000 | BA93: 50000 | BB93: 4 | BE93: 240 | BG93: 2 | BL93: 0
A94: 10124 | B94: 命朱灵石5级 | C94: ITEMTYPE_SOUL | D94: ITEMSUBTYPE_SOUL_DEFAULT | E94: 1 | F94: clsWarrior,clsMage,clsRogue,clsArcher,clsTaoist | G94: 0 | H94: 0 | I94: 99999 | J94: 0 | K94: 0 | L94: DURTYPE_STACK | M94: 1 | N94: 1 | P94: 0 | Q94: 0 | S94: 80000 | T94: 0 | V94: 1 | W94: 1 | Y94: Texture2D MMO_ItemIcon_Supplies.item_gem_red05 | Z94: <br><font color='#43FF98'> 体力值 25<br><br><font color='#F2F2F2'>封印强大灵魂能量的红色灵石，可镶入装备的红色插槽中提升装备属性。<br><font color='#B2B2B2'> [找灵石镶嵌师进行灵石镶嵌] | AA94: StaticMesh Dro_Gem.Dro_Gem_hong | AB94: 0 | AC94: 4 | AD94: 0 | AE94: 0 | AF94: 1 | AI94: 0 | AJ94: 0 | AK94: 0 | AL94: 0 | AM94: 0 | AN94: 0 | AP94: 1 | AQ94: 1 | AR94: 1 | AS94: 1 | AV94: 1 | AY94: 30000 | AZ94: 40000 | BA94: 50000 | BB94: 4 | BE94: 240 | BG94: 2 | BL94: 0
A95: 10125 | B95: 命朱灵石6级 | C95: ITEMTYPE_SOUL | D95: ITEMSUBTYPE_SOUL_DEFAULT | E95: 1 | F95: clsWarrior,clsMage,clsRogue,clsArcher,clsTaoist | G95: 0 | H95: 0 | I95: 99999 | J95: 0 | K95: 0 | L95: DURTYPE_STACK | M95: 1 | N95: 1 | P95: 0 | Q95: 0 | S95: 80000 | T95: 0 | V95: 1 | W95: 1 | Y95: Texture2D MMO_ItemIcon_Supplies.item_gem_red06 | Z95: <br><font color='#43FF98'> 体力值 30<br><br><font color='#F2F2F2'>封印强大灵魂能量的红色灵石，可镶入装备的红色插槽中提升装备属性。<br><font color='#B2B2B2'> [找灵石镶嵌师进行灵石镶嵌] | AA95: StaticMesh Dro_Gem.Dro_Gem_hong | AB95: 0 | AC95: 4 | AD95: 0 | AE95: 0 | AF95: 1 | AI95: 0 | AJ95: 0 | AK95: 0 | AL95: 0 | AM95: 0 | AN95: 0 | AP95: 1 | AQ95: 1 | AR95: 1 | AS95: 1 | AV95: 1 | AY95: 30000 | AZ95: 40000 | BA95: 50000 | BB95: 4 | BE95: 240 | BG95: 2 | BL95: 0
A96: 10126 | B96: 命朱灵石7级 | C96: ITEMTYPE_SOUL | D96: ITEMSUBTYPE_SOUL_DEFAULT | E96: 1 | F96: clsWarrior,clsMage,clsRogue,clsArcher,clsTaoist | G96: 0 | H96: 0 | I96: 99999 | J96: 0 | K96: 0 | L96: DURTYPE_STACK | M96: 1 | N96: 1 | P96: 0 | Q96: 0 | S96: 80000 | T96: 0 | V96: 1 | W96: 1 | Y96: Texture2D MMO_ItemIcon_Supplies.item_gem_red07 | Z96: <br><font color='#43FF98'> 体力值 35<br><br><font color='#F2F2F2'>封印强大灵魂能量的红色灵石，可镶入装备的红色插槽中提升装备属性。<br><font color='#B2B2B2'> [找灵石镶嵌师进行灵石镶嵌] | AA96: StaticMesh Dro_Gem.Dro_Gem_hong | AB96: 0 | AC96: 4 | AD96: 0 | AE96: 0 | AF96: 1 | AI96: 0 | AJ96: 0 | AK96: 0 | AL96: 0 | AM96: 0 | AN96: 0 | AP96: 1 | AQ96: 1 | AR96: 1 | AS96: 1 | AV96: 1 | AY96: 30000 | AZ96: 40000 | BA96: 50000 | BB96: 4 | BE96: 240 | BG96: 2 | BL96: 0
A97: 10127 | B97: 命朱灵石8级 | C97: ITEMTYPE_SOUL | D97: ITEMSUBTYPE_SOUL_DEFAULT | E97: 1 | F97: clsWarrior,clsMage,clsRogue,clsArcher,clsTaoist | G97: 0 | H97: 0 | I97: 99999 | J97: 0 | K97: 0 | L97: DURTYPE_STACK | M97: 1 | N97: 1 | P97: 0 | Q97: 0 | S97: 80000 | T97: 0 | V97: 1 | W97: 1 | Y97: Texture2D MMO_ItemIcon_Supplies.item_gem_red08 | Z97: <br><font color='#43FF98'> 体力值 40<br><br><font color='#F2F2F2'>封印强大灵魂能量的红色灵石，可镶入装备的红色插槽中提升装备属性。<br><font color='#B2B2B2'> [找灵石镶嵌师进行灵石镶嵌] | AA97: StaticMesh Dro_Gem.Dro_Gem_hong | AB97: 0 | AC97: 4 | AD97: 0 | AE97: 0 | AF97: 1 | AI97: 0 | AJ97: 0 | AK97: 0 | AL97: 0 | AM97: 0 | AN97: 0 | AP97: 1 | AQ97: 1 | AR97: 1 | AS97: 1 | AV97: 1 | AY97: 30000 | AZ97: 40000 | BA97: 50000 | BB97: 4 | BE97: 240 | BG97: 2 | BL97: 0
A98: 10128 | B98: 命朱灵石9级 | C98: ITEMTYPE_SOUL | D98: ITEMSUBTYPE_SOUL_DEFAULT | E98: 1 | F98: clsWarrior,clsMage,clsRogue,clsArcher,clsTaoist | G98: 0 | H98: 0 | I98: 99999 | J98: 0 | K98: 0 | L98: DURTYPE_STACK | M98: 1 | N98: 1 | P98: 0 | Q98: 0 | S98: 80000 | T98: 0 | V98: 1 | W98: 1 | Y98: Texture2D MMO_ItemIcon_Supplies.item_gem_red09 | Z98: <br><font color='#43FF98'> 体力值 45<br><br><font color='#F2F2F2'>封印强大灵魂能量的红色灵石，可镶入装备的红色插槽中提升装备属性。<br><font color='#B2B2B2'> [找灵石镶嵌师进行灵石镶嵌] | AA98: StaticMesh Dro_Gem.Dro_Gem_hong | AB98: 0 | AC98: 4 | AD98: 0 | AE98: 0 | AF98: 1 | AI98: 0 | AJ98: 0 | AK98: 0 | AL98: 0 | AM98: 0 | AN98: 0 | AP98: 1 | AQ98: 1 | AR98: 1 | AS98: 1 | AV98: 1 | AY98: 30000 | AZ98: 40000 | BA98: 50000 | BB98: 4 | BE98: 240 | BG98: 2 | BL98: 0
A99: 10129 | B99: 命朱灵石10级 | C99: ITEMTYPE_SOUL | D99: ITEMSUBTYPE_SOUL_DEFAULT | E99: 1 | F99: clsWarrior,clsMage,clsRogue,clsArcher,clsTaoist | G99: 0 | H99: 0 | I99: 99999 | J99: 0 | K99: 0 | L99: DURTYPE_STACK | M99: 1 | N99: 1 | P99: 0 | Q99: 0 | S99: 80000 | T99: 0 | V99: 1 | W99: 1 | Y99: Texture2D MMO_ItemIcon_Supplies.item_gem_red10 | Z99: <br><font color='#43FF98'> 体力值 50<br><br><font color='#F2F2F2'>封印强大灵魂能量的红色灵石，可镶入装备的红色插槽中提升装备属性。<br><font color='#B2B2B2'> [找灵石镶嵌师进行灵石镶嵌] | AA99: StaticMesh Dro_Gem.Dro_Gem_hong | AB99: 0 | AC99: 4 | AD99: 0 | AE99: 0 | AF99: 1 | AI99: 0 | AJ99: 0 | AK99: 0 | AL99: 0 | AM99: 0 | AN99: 0 | AP99: 1 | AQ99: 1 | AR99: 1 | AS99: 1 | AV99: 1 | AY99: 30000 | AZ99: 40000 | BA99: 50000 | BB99: 4 | BE99: 240 | BG99: 2 | BL99: 0
A100: 10210 | B100: 新阳灵石1级 | C100: ITEMTYPE_SOUL | D100: ITEMSUBTYPE_SOUL_DEFAULT | E100: 1 | F100: clsWarrior,clsMage,clsRogue,clsArcher,clsTaoist | G100: 0 | H100: 0 | I100: 99999 | J100: 0 | K100: 0 | L100: DURTYPE_STACK | M100: 1 | N100: 1 | P100: 0 | Q100: 0 | S100: 5000 | T100: 0 | V100: 1 | W100: 1 | Y100: Texture2D MMO_ItemIcon_Supplies.item_gem_yellow01 | Z100: <br><font color='#43FF98'> 暴击率 1%<br><br><font color='#F2F2F2'>封印强大灵魂能量的黄色灵石，可镶入装备的黄色插槽中提升装备属性。<br><font color='#B2B2B2'> [找灵石镶嵌师进行灵石镶嵌] | AA100: StaticMesh Dro_Gem.Dro_Gem_huang | AB100: 0 | AC100: 4 | AD100: 0 | AE100: 0 | AF100: 1 | AI100: 24 | AJ100: 8 | AK100: 0 | AL100: 0 | AM100: 0 | AN100: 0 | AP100: 1 | AQ100: 1 | AR100: 1 | AS100: 1 | AV100: 1 | AY100: 30000 | AZ100: 40000 | BA100: 50000 | BB100: 4 | BE100: 240 | BG100: 2 | BL100: 0
...

Sheet Sheet2
A1: Texture2D MMO_ItemIcon_Supplies.Item_06 | C1: Texture2D MMO_ItemIcon_Supplies.Item_11
A2: Texture2D MMO_ItemIcon_Supplies.Item_07 | C2: Texture2D MMO_ItemIcon_Supplies.Item_12
A3: Texture2D MMO_ItemIcon_Supplies.Item_08 | C3: Texture2D MMO_ItemIcon_Supplies.Item_13
A4: Texture2D MMO_ItemIcon_Supplies.Item_09 | C4: Texture2D MMO_ItemIcon_Supplies.Item_14
A5: Texture2D MMO_ItemIcon_Supplies.Item_10 | C5: Texture2D MMO_ItemIcon_Supplies.Item_15
A6: Texture2D MMO_ItemIcon_Supplies.Item_10 | C6: Texture2D MMO_ItemIcon_Supplies.Item_15
A7: Texture2D MMO_ItemIcon_Supplies.Item_10 | C7: Texture2D MMO_ItemIcon_Supplies.Item_15
A8: Texture2D MMO_ItemIcon_Supplies.Item_10 | C8: Texture2D MMO_ItemIcon_Supplies.Item_15
A9: Texture2D MMO_ItemIcon_Supplies.Item_10 | C9: Texture2D MMO_ItemIcon_Supplies.Item_15
A10: Texture2D MMO_ItemIcon_Supplies.Item_10 | C10: Texture2D MMO_ItemIcon_Supplies.Item_15
A11: Texture2D MMO_ItemIcon_Supplies.Item_06 | C11: Texture2D MMO_ItemIcon_Supplies.Item_11
A12: Texture2D MMO_ItemIcon_Supplies.Item_07 | C12: Texture2D MMO_ItemIcon_Supplies.Item_12
... A30: Texture2D MMO_ItemIcon_Supplies.Item_10 | C30: Texture2D MMO_ItemIcon_Supplies.Item_15

Sheet Sheet1
A1: ID | B1: Name | C1: Type | D1: SubType | E1: RequireLevel | F1: RequireClass | G1: RequireGender | H1: MaxEquip | I1: MaxOwn | J1: Color | K1: BindType | L1: DurType | M1: Dur | N1: SpellID | O1: SpellLevel | P1: SelfCoolDown | Q1: GroupCoolDown | R1: SubSubType | S1: Price | T1: UsedStatus | U1: CanDrop | V1: Trade | W1: Storage | X1: Script | Y1: DisplayIcon | AA1: Description | AC1: MaxStackNum | AD1: DropMesh | AE1: SoundMaterialType | AF1: SoundActionType | AG1: ClothNoiseType | AH1: ItemLevel | AI1: CanSell | AJ1: DisplayLargeIcon | AK1: DisplayLargeIconFemale | AL1: LimitDuration | AM1: LimitCount | AN1: Log | AO1: Expensive | AP1: PkDrop
A2: 0 | C2: 0 | D2: 0 | E2: 0 | F2: 0 | G2: 0 | H2: 0 | I2: 0 | J2: 0 | K2: 0 | L2: 0 | M2: 0 | N2: 0 | O2: 0 | P2: 0 | Q2: 0 | R2: 0 | S2: 0 | T2: 0 | U2: 0 | V2: 0 | W2: 0 | AH2: 0 | AI2: 0 | AL2: 0 | AM2: 0 | AN2: 0 | AO2: 0 | AP2: 0
A3: 10100 | B3: 蛮力朱砂灵石1级 | C3: ITEMTYPE_SOUL | D3: ITEMSUBTYPE_SOUL_DEFAULT | E3: 1 | F3: 15 | G3: 0 | H3: 0 | I3: 99999 | J3: 0 | K3: 0 | L3: 2 | M3: 99 | O3: 0 | P3: 0 | R3: None | S3: 100 | T3: 0 | U3: 1 | V3: 1 | W3: 1 | Y3: Texture2D MMO_ItemIcon_Supplies.Item_01 | Z3: 最小攻击+1 | AA3: <br><font color='#43FF98'> 力量 6<br><br><font color='#F2F2F2'>封印强大灵魂能量的红色灵石，可镶入装备的红色插槽中提升装备属性<br><font color='#B2B2B2'> [按下<font color='#FFa500'>I<font color='#B2B2B2'>键打开灵魂镶嵌界面] | AB3: =LEFT(AA3,52)&Z3&RIGHT(AA3,157) -> <br><font color='#43FF98'> 最小攻击+1<br><br><font color='#F2F2F2'>封印强大灵魂能量的红色灵石，可镶入装备的红色插槽中提升装备属性<br><font color='#B2B2B2'> [按下<font color='#FFa500'>I<font color='#B2B2B2'>键打开灵魂镶嵌界面] | AC3: 20 | AD3: StaticMesh Bottle.Dro_Bottle03 | AE3: 0 | AF3: 15 | AG3: 0 | AH3: 0 | AI3: 1 | AL3: 0 | AM3: 0 | AN3: 0
A4: 10101 | B4: 蛮力朱砂灵石2级 | C4: ITEMTYPE_SOUL | D4: ITEMSUBTYPE_SOUL_DEFAULT | E4: 1 | F4: 15 | G4: 0 | H4: 0 | I4: 99999 | J4: 1 | K4: 0 | L4: 2 | M4: 99 | O4: 0 | P4: 0 | R4: None | S4: 200 | T4: 0 | U4: 1 | V4: 1 | W4: 1 | Y4: Texture2D MMO_ItemIcon_Supplies.Item_02 | Z4: 最小攻击+2 | AA4: <br><font color='#43FF98'> 力量 12<br><br><font color='#F2F2F2'>封印强大灵魂能量的红色灵石，可镶入装备的红色插槽中提升装备属性<br><font color='#B2B2B2'> [按下<font color='#FFa500'>I<font color='#B2B2B2'>键打开灵魂镶嵌界面] | AB4: =LEFT(AA4,52)&Z4&RIGHT(AA4,157) -> <br><font color='#43FF98'> 最小攻击+2<br><br><font color='#F2F2F2'>封印强大灵魂能量的红色灵石，可镶入装备的红色插槽中提升装备属性<br><font color='#B2B2B2'> [按下<font color='#FFa500'>I<font color='#B2B2B2'>键打开灵魂镶嵌界面] | AC4: 20 | AD4: StaticMesh Bottle.Dro_Bottle03 | AE4: 0 | AF4: 15 | AG4: 0 | AH4: 0 | AI4: 1 | AL4: 0 | AM4: 0 | AN4: 0
A5: 10102 | B5: 蛮力朱砂灵石3级 | C5: ITEMTYPE_SOUL | D5: ITEMSUBTYPE_SOUL_DEFAULT | E5: 1 | F5: 15 | G5: 0 | H5: 0 | I5: 99999 | J5: 1 | K5: 0 | L5: 2 | M5: 99 | O5: 0 | P5: 0 | R5: None | S5: 400 | T5: 0 | U5: 1 | V5: 1 | W5: 1 | Y5: Texture2D MMO_ItemIcon_Supplies.Item_03 | Z5: 最小攻击+3 | AA5: <br><font color='#43FF98'> 力量 19<br><br><font color='#F2F2F2'>封印强大灵魂能量的红色灵石，可镶入装备的红色插槽中提升装备属性<br><font color='#B2B2B2'> [按下<font color='#FFa500'>I<font color='#B2B2B2'>键打开灵魂镶嵌界面] | AB5: =LEFT(AA5,52)&Z5&RIGHT(AA5,157) -> <br><font color='#43FF98'> 最小攻击+3<br><br><font color='#F2F2F2'>封印强大灵魂能量的红色灵石，可镶入装备的红色插槽中提升装备属性<br><font color='#B2B2B2'> [按下<font color='#FFa500'>I<font color='#B2B2B2'>键打开灵魂镶嵌界面] | AC5: 20 | AD5: StaticMesh Bottle.Dro_Bottle03 | AE5: 0 | AF5: 15 | AG5: 0 | AH5: 0 | AI5: 1 | AL5: 0 | AM5: 0 | AN5: 0
A6: 10103 | B6: 蛮力朱砂灵石4级 | C6: ITEMTYPE_SOUL | D6: ITEMSUBTYPE_SOUL_DEFAULT | E6: 1 | F6: 15 | G6: 0 | H6: 0 | I6: 99999 | J6: 1 | K6: 0 | L6: 2 | M6: 99 | O6: 0 | P6: 0 | R6: None | S6: 800 | T6: 0 | U6: 1 | V6: 1 | W6: 1 | Y6: Texture2D MMO_ItemIcon_Supplies.Item_04 | Z6: 最小攻击+5 | AA6: <br><font color='#43FF98'> 力量 28<br><br><font color='#F2F2F2'>封印强大灵魂能量的红色灵石，可镶入装备的红色插槽中提升装备属性<br><font color='#B2B2B2'> [按下<font color='#FFa500'>I<font color='#B2B2B2'>键打开灵魂镶嵌界面] | AB6: =LEFT(AA6,52)&Z6&RIGHT(AA6,157) -> <br><font color='#43FF98'> 最小攻击+5<br><br><font color='#F2F2F2'>封印强大灵魂能量的红色灵石，可镶入装备的红色插槽中提升装备属性<br><font color='#B2B2B2'> [按下<font color='#FFa500'>I<font color='#B2B2B2'>键打开灵魂镶嵌界面] | AC6: 20 | AD6: StaticMesh Bottle.Dro_Bottle03 | AE6: 0 | AF6: 15 | AG6: 0 | AH6: 0 | AI6: 1 | AL6: 0 | AM6: 0 | AN6: 0 | AO6: 1
A7: 10104 | B7: 蛮力朱砂灵石5级 | C7: ITEMTYPE_SOUL | D7: ITEMSUBTYPE_SOUL_DEFAULT | E7: 1 | F7: 15 | G7: 0 | H7: 0 | I7: 99999 | J7: 2 | K7: 0 | L7: 2 | M7: 99 | O7: 0 | P7: 0 | R7: None | S7: 1600 | T7: 0 | U7: 1 | V7: 1 | W7: 1 | Y7: Texture2D MMO_ItemIcon_Supplies.Item_05 | Z7: 最小攻击+7 | AA7: <br><font color='#43FF98'> 力量 39<br><br><font color='#F2F2F2'>封印强大灵魂能量的红色灵石，可镶入装备的红色插槽中提升装备属性<br><font color='#B2B2B2'> [按下<font color='#FFa500'>I<font color='#B2B2B2'>键打开灵魂镶嵌界面] | AB7: =LEFT(AA7,52)&Z7&RIGHT(AA7,157) -> <br><font color='#43FF98'> 最小攻击+7<br><br><font color='#F2F2F2'>封印强大灵魂能量的红色灵石，可镶入装备的红色插槽中提升装备属性<br><font color='#B2B2B2'> [按下<font color='#FFa500'>I<font color='#B2B2B2'>键打开灵魂镶嵌界面] | AC7: 20 | AD7: StaticMesh Bottle.Dro_Bottle03 | AE7: 0 | AF7: 15 | AG7: 0 | AH7: 0 | AI7: 1 | AL7: 0 | AM7: 0 | AN7: 0 | AO7: 1
A8: 10105 | B8: 蛮力朱砂灵石6级 | C8: ITEMTYPE_SOUL | D8: ITEMSUBTYPE_SOUL_DEFAULT | E8: 1 | F8: 15 | G8: 0 | H8: 0 | I8: 99999 | J8: 2 | K8: 0 | L8: 2 | M8: 99 | O8: 0 | P8: 0 | R8: None | S8: 100 | T8: 0 | U8: 1 | V8: 1 | W8: 1 | Y8: Texture2D MMO_ItemIcon_Supplies.Item_05 | Z8: 最小攻击+10 | AA8: <br><font color='#43FF98'> 力量 52<br><br><font color='#F2F2F2'>封印强大灵魂能量的红色灵石，可镶入装备的红色插槽中提升装备属性<br><font color='#B2B2B2'> [按下<font color='#FFa500'>I<font color='#B2B2B2'>键打开灵魂镶嵌界面] | AB8: =LEFT(AA8,52)&Z8&RIGHT(AA8,157) -> <br><font color='#43FF98'> 最小攻击+10<br><br><font color='#F2F2F2'>封印强大灵魂能量的红色灵石，可镶入装备的红色插槽中提升装备属性<br><font color='#B2B2B2'> [按下<font color='#FFa500'>I<font color='#B2B2B2'>键打开灵魂镶嵌界面] | AC8: 20 | AD8: StaticMesh Bottle.Dro_Bottle03 | AE8: 0 | AF8: 15 | AG8: 0 | AH8: 0 | AI8: 1 | AL8: 0 | AM8: 0 | AN8: 0 | AO8: 1
A9: 10106 | B9: 蛮力朱砂灵石7级 | C9: ITEMTYPE_SOUL | D9: ITEMSUBTYPE_SOUL_DEFAULT | E9: 1 | F9: 15 | G9: 0 | H9: 0 | I9: 99999 | J9: 2 | K9: 0 | L9: 2 | M9: 99 | O9: 0 | P9: 0 | R9: None | S9: 200 | T9: 0 | U9: 1 | V9: 1 | W9: 1 | Y9: Texture2D MMO_ItemIcon_Supplies.Item_05 | Z9: 最小攻击+13 | AA9: <br><font color='#43FF98'> 力量 67<br><br><font color='#F2F2F2'>封印强大灵魂能量的红色灵石，可镶入装备的红色插槽中提升装备属性<br><font color='#B2B2B2'> [按下<font color='#FFa500'>I<font color='#B2B2B2'>键打开灵魂镶嵌界面] | AB9: =LEFT(AA9,52)&Z9&RIGHT(AA9,157) -> <br><font color='#43FF98'> 最小攻击+13<br><br><font color='#F2F2F2'>封印强大灵魂能量的红色灵石，可镶入装备的红色插槽中提升装备属性<br><font color='#B2B2B2'> [按下<font color='#FFa500'>I<font color='#B2B2B2'>键打开灵魂镶嵌界面] | AC9: 20 | AD9: StaticMesh Bottle.Dro_Bottle03 | AE9: 0 | AF9: 15 | AG9: 0 | AH9: 0 | AI9: 1 | AL9: 0 | AM9: 0 | AN9: 0 | AO9: 1
A10: 10107 | B10: 蛮力朱砂灵石8级 | C10: ITEMTYPE_SOUL | D10: ITEMSUBTYPE_SOUL_DEFAULT | E10: 1 | F10: 15 | G10: 0 | H10: 0 | I10: 99999 | J10: 3 | K10: 0 | L10: 2 | M10: 99 | O10: 0 | P10: 0 | R10: None | S10: 400 | T10: 0 | U10: 1 | V10: 1 | W10: 1 | Y10: Texture2D MMO_ItemIcon_Supplies.Item_05 | Z10: 最小攻击+17 | AA10: <br><font color='#43FF98'> 力量 85<br><br><font color='#F2F2F2'>封印强大灵魂能量的红色灵石，可镶入装备的红色插槽中提升装备属性<br><font color='#B2B2B2'> [按下<font color='#FFa500'>I<font color='#B2B2B2'>键打开灵魂镶嵌界面] | AB10: =LEFT(AA10,52)&Z10&RIGHT(AA10,157) -> <br><font color='#43FF98'> 最小攻击+17<br><br><font color='#F2F2F2'>封印强大灵魂能量的红色灵石，可镶入装备的红色插槽中提升装备属性<br><font color='#B2B2B2'> [按下<font color='#FFa500'>I<font color='#B2B2B2'>键打开灵魂镶嵌界面] | AC10: 20 | AD10: StaticMesh Bottle.Dro_Bottle03 | AE10: 0 | AF10: 15 | AG10: 0 | AH10: 0 | AI10: 1 | AL10: 0 | AM10: 0 | AN10: 0 | AO10: 1
A11: 10108 | B11: 蛮力朱砂灵石9级 | C11: ITEMTYPE_SOUL | D11: ITEMSUBTYPE_SOUL_DEFAULT | E11: 1 | F11: 15 | G11: 0 | H11: 0 | I11: 99999 | J11: 3 | K11: 0 | L11: 2 | M11: 99 | O11: 0 | P11: 0 | R11: None | S11: 800 | T11: 0 | U11: 1 | V11: 1 | W11: 1 | Y11: Texture2D MMO_ItemIcon_Supplies.Item_05 | Z11: 最小攻击+22 | AA11: <br><font color='#43FF98'> 力量 107<br><br><font color='#F2F2F2'>封印强大灵魂能量的红色灵石，可镶入装备的红色插槽中提升装备属性<br><font color='#B2B2B2'> [按下<font color='#FFa500'>I<font color='#B2B2B2'>键打开灵魂镶嵌界面] | AB11: =LEFT(AA11,52)&Z11&RIGHT(AA11,157) -> <br><font color='#43FF98'> 最小攻击+22<br><br><font color='#F2F2F2'>封印强大灵魂能量的红色灵石，可镶入装备的红色插槽中提升装备属性<br><font color='#B2B2B2'> [按下<font color='#FFa500'>I<font color='#B2B2B2'>键打开灵魂镶嵌界面] | AC11: 20 | AD11: StaticMesh Bottle.Dro_Bottle03 | AE11: 0 | AF11: 15 | AG11: 0 | AH11: 0 | AI11: 1 | AL11: 0 | AM11: 0 | AN11: 0 | AO11: 1
A12: 10109 | B12: 蛮力朱砂灵石10级 | C12: ITEMTYPE_SOUL | D12: ITEMSUBTYPE_SOUL_DEFAULT | E12: 1 | F12: 15 | G12: 0 | H12: 0 | I12: 99999 | J12: 3 | K12: 0 | L12: 2 | M12: 99 | O12: 0 | P12: 0 | R12: None | S12: 1600 | T12: 0 | U12: 1 | V12: 1 | W12: 1 | Y12: Texture2D MMO_ItemIcon_Supplies.Item_05 | Z12: 最小攻击+28 | AA12: <br><font color='#43FF98'> 力量 133<br><br><font color='#F2F2F2'>封印强大灵魂能量的红色灵石，可镶入装备的红色插槽中提升装备属性<br><font color='#B2B2B2'> [按下<font color='#FFa500'>I<font color='#B2B2B2'>键打开灵魂镶嵌界面] | AB12: =LEFT(AA12,52)&Z12&RIGHT(AA12,157) -> <br><font color='#43FF98'> 最小攻击+28<br><br><font color='#F2F2F2'>封印强大灵魂能量的红色灵石，可镶入装备的红色插槽中提升装备属性<br><font color='#B2B2B2'> [按下<font color='#FFa500'>I<font color='#B2B2B2'>键打开灵魂镶嵌界面] | AC12: 20 | AD12: StaticMesh Bottle.Dro_Bottle03 | AE12: 0 | AF12: 15 | AG12: 0 | AH12: 0 | AI12: 1 | AL12: 0 | AM12: 0 | AN12: 0 | AO12: 1
A13: 10110 | B13: 统御朱砂灵石1级 | C13: ITEMTYPE_SOUL | D13: ITEMSUBTYPE_SOUL_DEFAULT | E13: 1 | F13: 15 | G13: 0 | H13: 0 | I13: 99999 | J13: 0 | K13: 0 | L13: 2 | M13: 99 | O13: 0 | P13: 0 | R13: None | S13: 100 | T13: 0 | U13: 1 | V13: 1 | W13: 1 | Y13: Texture2D MMO_ItemIcon_Supplies.Item_01 | Z13: #N/A | AA13: <br><font color='#43FF98'> 格挡值 6<br><br><font color='#F2F2F2'>封印强大灵魂能量的红色灵石，可镶入装备的红色插槽中提升装备属性<br><font color='#B2B2B2'> [按下<font color='#FFa500'>I<font color='#B2B2B2'>键打开灵魂镶嵌界面] | AB13: =LEFT(AA13,52)&Z13&RIGHT(AA13,157) -> #N/A | AC13: 20 | AD13: StaticMesh Bottle.Dro_Bottle03 | AE13: 0 | AF13: 15 | AG13: 0 | AH13: 0 | AI13: 1 | AL13: 0 | AM13: 0 | AN13: 0
A14: 10111 | B14: 统御朱砂灵石2级 | C14: ITEMTYPE_SOUL | D14: ITEMSUBTYPE_SOUL_DEFAULT | E14: 1 | F14: 15 | G14: 0 | H14: 0 | I14: 99999 | J14: 1 | K14: 0 | L14: 2 | M14: 99 | O14: 0 | P14: 0 | R14: None | S14: 200 | T14: 0 | U14: 1 | V14: 1 | W14: 1 | Y14: Texture2D MMO_ItemIcon_Supplies.Item_02 | Z14: #N/A | AA14: <br><font color='#43FF98'> 格挡值 12<br><br><font color='#F2F2F2'>封印强大灵魂能量的红色灵石，可镶入装备的红色插槽中提升装备属性<br><font color='#B2B2B2'> [按下<font color='#FFa500'>I<font color='#B2B2B2'>键打开灵魂镶嵌界面] | AB14: =LEFT(AA14,52)&Z14&RIGHT(AA14,157) -> #N/A | AC14: 20 | AD14: StaticMesh Bottle.Dro_Bottle03 | AE14: 0 | AF14: 15 | AG14: 0 | AH14: 0 | AI14: 1 | AL14: 0 | AM14: 0 | AN14: 0
A15: 10112 | B15: 统御朱砂灵石3级 | C15: ITEMTYPE_SOUL | D15: ITEMSUBTYPE_SOUL_DEFAULT | E15: 1 | F15: 15 | G15: 0 | H15: 0 | I15: 99999 | J15: 1 | K15: 0 | L15: 2 | M15: 99 | O15: 0 | P15: 0 | R15: None | S15: 400 | T15: 0 | U15: 1 | V15: 1 | W15: 1 | Y15: Texture2D MMO_ItemIcon_Supplies.Item_03 | Z15: #N/A | AA15: <br><font color='#43FF98'> 格挡值 19<br><br><font color='#F2F2F2'>封印强大灵魂能量的红色灵石，可镶入装备的红色插槽中提升装备属性<br><font color='#B2B2B2'> [按下<font color='#FFa500'>I<font color='#B2B2B2'>键打开灵魂镶嵌界面] | AB15: =LEFT(AA15,52)&Z15&RIGHT(AA15,157) -> #N/A | AC15: 20 | AD15: StaticMesh Bottle.Dro_Bottle03 | AE15: 0 | AF15: 15 | AG15: 0 | AH15: 0 | AI15: 1 | AL15: 0 | AM15: 0 | AN15: 0
A16: 10113 | B16: 统御朱砂灵石4级 | C16: ITEMTYPE_SOUL | D16: ITEMSUBTYPE_SOUL_DEFAULT | E16: 1 | F16: 15 | G16: 0 | H16: 0 | I16: 99999 | J16: 1 | K16: 0 | L16: 2 | M16: 99 | O16: 0 | P16: 0 | R16: None | S16: 800 | T16: 0 | U16: 1 | V16: 1 | W16: 1 | Y16: Texture2D MMO_ItemIcon_Supplies.Item_04 | Z16: #N/A | AA16: <br><font color='#43FF98'> 格挡值 28<br><br><font color='#F2F2F2'>封印强大灵魂能量的红色灵石，可镶入装备的红色插槽中提升装备属性<br><font color='#B2B2B2'> [按下<font color='#FFa500'>I<font color='#B2B2B2'>键打开灵魂镶嵌界面] | AB16: =LEFT(AA16,52)&Z16&RIGHT(AA16,157) -> #N/A | AC16: 20 | AD16: StaticMesh Bottle.Dro_Bottle03 | AE16: 0 | AF16: 15 | AG16: 0 | AH16: 0 | AI16: 1 | AL16: 0 | AM16: 0 | AN16: 0 | AO16: 1
A17: 10114 | B17: 统御朱砂灵石5级 | C17: ITEMTYPE_SOUL | D17: ITEMSUBTYPE_SOUL_DEFAULT | E17: 1 | F17: 15 | G17: 0 | H17: 0 | I17: 99999 | J17: 2 | K17: 0 | L17: 2 | M17: 99 | O17: 0 | P17: 0 | R17: None | S17: 1600 | T17: 0 | U17: 1 | V17: 1 | W17: 1 | Y17: Texture2D MMO_ItemIcon_Supplies.Item_05 | Z17: #N/A | AA17: <br><font color='#43FF98'> 格挡值 39<br><br><font color='#F2F2F2'>封印强大灵魂能量的红色灵石，可镶入装备的红色插槽中提升装备属性<br><font color='#B2B2B2'> [按下<font color='#FFa500'>I<font color='#B2B2B2'>键打开灵魂镶嵌界面] | AB17: =LEFT(AA17,52)&Z17&RIGHT(AA17,157) -> #N/A | AC17: 20 | AD17: StaticMesh Bottle.Dro_Bottle03 | AE17: 0 | AF17: 15 | AG17: 0 | AH17: 0 | AI17: 1 | AL17: 0 | AM17: 0 | AN17: 0 | AO17: 1
A18: 10115 | B18: 统御朱砂灵石6级 | C18: ITEMTYPE_SOUL | D18: ITEMSUBTYPE_SOUL_DEFAULT | E18: 1 | F18: 15 | G18: 0 | H18: 0 | I18: 99999 | J18: 2 | K18: 0 | L18: 2 | M18: 99 | O18: 0 | P18: 0 | R18: None | S18: 100 | T18: 0 | U18: 1 | V18: 1 | W18: 1 | Y18: Texture2D MMO_ItemIcon_Supplies.Item_05 | Z18: #N/A | AA18: <br><font color='#43FF98'> 格挡值 52<br><br><font color='#F2F2F2'>封印强大灵魂能量的红色灵石，可镶入装备的红色插槽中提升装备属性<br><font color='#B2B2B2'> [按下<font color='#FFa500'>I<font color='#B2B2B2'>键打开灵魂镶嵌界面] | AB18: =LEFT(AA18,52)&Z18&RIGHT(AA18,157) -> #N/A | AC18: 20 | AD18: StaticMesh Bottle.Dro_Bottle03 | AE18: 0 | AF18: 15 | AG18: 0 | AH18: 0 | AI18: 1 | AL18: 0 | AM18: 0 | AN18: 0 | AO18: 1
A19: 10116 | B19: 统御朱砂灵石7级 | C19: ITEMTYPE_SOUL | D19: ITEMSUBTYPE_SOUL_DEFAULT | E19: 1 | F19: 15 | G19: 0 | H19: 0 | I19: 99999 | J19: 2 | K19: 0 | L19: 2 | M19: 99 | O19: 0 | P19: 0 | R19: None | S19: 200 | T19: 0 | U19: 1 | V19: 1 | W19: 1 | Y19: Texture2D MMO_ItemIcon_Supplies.Item_05 | Z19: #N/A | AA19: <br><font color='#43FF98'> 格挡值 67<br><br><font color='#F2F2F2'>封印强大灵魂能量的红色灵石，可镶入装备的红色插槽中提升装备属性<br><font color='#B2B2B2'> [按下<font color='#FFa500'>I<font color='#B2B2B2'>键打开灵魂镶嵌界面] | AB19: =LEFT(AA19,52)&Z19&RIGHT(AA19,157) -> #N/A | AC19: 20 | AD19: StaticMesh Bottle.Dro_Bottle03 | AE19: 0 | AF19: 15 | AG19: 0 | AH19: 0 | AI19: 1 | AL19: 0 | AM19: 0 | AN19: 0 | AO19: 1
A20: 10117 | B20: 统御朱砂灵石8级 | C20: ITEMTYPE_SOUL | D20: ITEMSUBTYPE_SOUL_DEFAULT | E20: 1 | F20: 15 | G20: 0 | H20: 0 | I20: 99999 | J20: 3 | K20: 0 | L20: 2 | M20: 99 | O20: 0 | P20: 0 | R20: None | S20: 400 | T20: 0 | U20: 1 | V20: 1 | W20: 1 | Y20: Texture2D MMO_ItemIcon_Supplies.Item_05 | Z20: #N/A | AA20: <br><font color='#43FF98'> 格挡值 85<br><br><font color='#F2F2F2'>封印强大灵魂能量的红色灵石，可镶入装备的红色插槽中提升装备属性<br><font color='#B2B2B2'> [按下<font color='#FFa500'>I<font color='#B2B2B2'>键打开灵魂镶嵌界面] | AB20: =LEFT(AA20,52)&Z20&RIGHT(AA20,157) -> #N/A | AC20: 20 | AD20: StaticMesh Bottle.Dro_Bottle03 | AE20: 0 | AF20: 15 | AG20: 0 | AH20: 0 | AI20: 1 | AL20: 0 | AM20: 0 | AN20: 0 | AO20: 1
A21: 10118 | B21: 统御朱砂灵石9级 | C21: ITEMTYPE_SOUL | D21: ITEMSUBTYPE_SOUL_DEFAULT | E21: 1 | F21: 15 | G21: 0 | H21: 0 | I21: 99999 | J21: 3 | K21: 0 | L21: 2 | M21: 99 | O21: 0 | P21: 0 | R21: None | S21: 800 | T21: 0 | U21: 1 | V21: 1 | W21: 1 | Y21: Texture2D MMO_ItemIcon_Supplies.Item_05 | Z21: #N/A | AA21: <br><font color='#43FF98'> 格挡值 107<br><br><font color='#F2F2F2'>封印强大灵魂能量的红色灵石，可镶入装备的红色插槽中提升装备属性<br><font color='#B2B2B2'> [按下<font color='#FFa500'>I<font color='#B2B2B2'>键打开灵魂镶嵌界面] | AB21: =LEFT(AA21,52)&Z21&RIGHT(AA21,157) -> #N/A | AC21: 20 | AD21: StaticMesh Bottle.Dro_Bottle03 | AE21: 0 | AF21: 15 | AG21: 0 | AH21: 0 | AI21: 1 | AL21: 0 | AM21: 0 | AN21: 0 | AO21: 1
A22: 10119 | B22: 统御朱砂灵石10级 | C22: ITEMTYPE_SOUL | D22: ITEMSUBTYPE_SOUL_DEFAULT | E22: 1 | F22: 15 | G22: 0 | H22: 0 | I22: 99999 | J22: 3 | K22: 0 | L22: 2 | M22: 99 | O22: 0 | P22: 0 | R22: None | S22: 1600 | T22: 0 | U22: 1 | V22: 1 | W22: 1 | Y22: Texture2D MMO_ItemIcon_Supplies.Item_05 | Z22: #N/A | AA22: <br><font color='#43FF98'> 格挡值 133<br><br><font color='#F2F2F2'>封印强大灵魂能量的红色灵石，可镶入装备的红色插槽中提升装备属性<br><font color='#B2B2B2'> [按下<font color='#FFa500'>I<font color='#B2B2B2'>键打开灵魂镶嵌界面] | AB22: =LEFT(AA22,52)&Z22&RIGHT(AA22,157) -> #N/A | AC22: 20 | AD22: StaticMesh Bottle.Dro_Bottle03 | AE22: 0 | AF22: 15 | AG22: 0 | AH22: 0 | AI22: 1 | AL22: 0 | AM22: 0 | AN22: 0 | AO22: 1
A23: 10120 | B23: 灵敏朱砂灵石1级 | C23: ITEMTYPE_SOUL | D23: ITEMSUBTYPE_SOUL_DEFAULT | E23: 1 | F23: 15 | G23: 0 | H23: 0 | I23: 99999 | J23: 0 | K23: 0 | L23: 2 | M23: 99 | O23: 0 | P23: 0 | R23: None | S23: 100 | T23: 0 | U23: 1 | V23: 1 | W23: 1 | Y23: Texture2D MMO_ItemIcon_Supplies.Item_01 | Z23: 最大道术+1 | AA23: <br><font color='#43FF98'> 敏捷 1%<br><br><font color='#F2F2F2'>封印强大灵魂能量的红色灵石，可镶入装备的红色插槽中提升装备属性<br><font color='#B2B2B2'> [按下<font color='#FFa500'>I<font color='#B2B2B2'>键打开灵魂镶嵌界面] | AB23: =LEFT(AA23,52)&Z23&RIGHT(AA23,157) -> <br><font color='#43FF98'> 最大道术+1<br><br><font color='#F2F2F2'>封印强大灵魂能量的红色灵石，可镶入装备的红色插槽中提升装备属性<br><font color='#B2B2B2'> [按下<font color='#FFa500'>I<font color='#B2B2B2'>键打开灵魂镶嵌界面] | AC23: 20 | AD23: StaticMesh Bottle.Dro_Bottle03 | AE23: 0 | AF23: 15 | AG23: 0 | AH23: 0 | AI23: 1 | AL23: 0 | AM23: 0 | AN23: 0
A24: 10121 | B24: 灵敏朱砂灵石2级 | C24: ITEMTYPE_SOUL | D24: ITEMSUBTYPE_SOUL_DEFAULT | E24: 1 | F24: 15 | G24: 0 | H24: 0 | I24: 99999 | J24: 1 | K24: 0 | L24: 2 | M24: 99 | O24: 0 | P24: 0 | R24: None | S24: 200 | T24: 0 | U24: 1 | V24: 1 | W24: 1 | Y24: Texture2D MMO_ItemIcon_Supplies.Item_02 | Z24: 最大道术+2 | AA24: <br><font color='#43FF98'> 敏捷 2%<br><br><font color='#F2F2F2'>封印强大灵魂能量的红色灵石，可镶入装备的红色插槽中提升装备属性<br><font color='#B2B2B2'> [按下<font color='#FFa500'>I<font color='#B2B2B2'>键打开灵魂镶嵌界面] | AB24: =LEFT(AA24,52)&Z24&RIGHT(AA24,157) -> <br><font color='#43FF98'> 最大道术+2<br><br><font color='#F2F2F2'>封印强大灵魂能量的红色灵石，可镶入装备的红色插槽中提升装备属性<br><font color='#B2B2B2'> [按下<font color='#FFa500'>I<font color='#B2B2B2'>键打开灵魂镶嵌界面] | AC24: 20 | AD24: StaticMesh Bottle.Dro_Bottle03 | AE24: 0 | AF24: 15 | AG24: 0 | AH24: 0 | AI24: 1 | AL24: 0 | AM24: 0 | AN24: 0
A25: 10122 | B25: 灵敏朱砂灵石3级 | C25: ITEMTYPE_SOUL | D25: ITEMSUBTYPE_SOUL_DEFAULT | E25: 1 | F25: 15 | G25: 0 | H25: 0 | I25: 99999 | J25: 1 | K25: 0 | L25: 2 | M25: 99 | O25: 0 | P25: 0 | R25: None | S25: 400 | T25: 0 | U25: 1 | V25: 1 | W25: 1 | Y25: Texture2D MMO_ItemIcon_Supplies.Item_03 | Z25: 最大道术+3 | AA25: <br><font color='#43FF98'> 敏捷 3%<br><br><font color='#F2F2F2'>封印强大灵魂能量的红色灵石，可镶入装备的红色插槽中提升装备属性<br><font color='#B2B2B2'> [按下<font color='#FFa500'>I<font color='#B2B2B2'>键打开灵魂镶嵌界面] | AB25: =LEFT(AA25,52)&Z25&RIGHT(AA25,157) -> <br><font color='#43FF98'> 最大道术+3<br><br><font color='#F2F2F2'>封印强大灵魂能量的红色灵石，可镶入装备的红色插槽中提升装备属性<br><font color='#B2B2B2'> [按下<font color='#FFa500'>I<font color='#B2B2B2'>键打开灵魂镶嵌界面] | AC25: 20 | AD25: StaticMesh Bottle.Dro_Bottle03 | AE25: 0 | AF25: 15 | AG25: 0 | AH25: 0 | AI25: 1 | AL25: 0 | AM25: 0 | AN25: 0
A26: 10123 | B26: 灵敏朱砂灵石4级 | C26: ITEMTYPE_SOUL | D26: ITEMSUBTYPE_SOUL_DEFAULT | E26: 1 | F26: 15 | G26: 0 | H26: 0 | I26: 99999 | J26: 1 | K26: 0 | L26: 2 | M26: 99 | O26: 0 | P26: 0 | R26: None | S26: 800 | T26: 0 | U26: 1 | V26: 1 | W26: 1 | Y26: Texture2D MMO_ItemIcon_Supplies.Item_04 | Z26: 最大道术+5 | AA26: <br><font color='#43FF98'> 敏捷 4%<br><br><font color='#F2F2F2'>封印强大灵魂能量的红色灵石，可镶入装备的红色插槽中提升装备属性<br><font color='#B2B2B2'> [按下<font color='#FFa500'>I<font color='#B2B2B2'>键打开灵魂镶嵌界面] | AB26: =LEFT(AA26,52)&Z26&RIGHT(AA26,157) -> <br><font color='#43FF98'> 最大道术+5<br><br><font color='#F2F2F2'>封印强大灵魂能量的红色灵石，可镶入装备的红色插槽中提升装备属性<br><font color='#B2B2B2'> [按下<font color='#FFa500'>I<font color='#B2B2B2'>键打开灵魂镶嵌界面] | AC26: 20 | AD26: StaticMesh Bottle.Dro_Bottle03 | AE26: 0 | AF26: 15 | AG26: 0 | AH26: 0 | AI26: 1 | AL26: 0 | AM26: 0 | AN26: 0 | AO26: 1
A27: 10124 | B27: 灵敏朱砂灵石5级 | C27: ITEMTYPE_SOUL | D27: ITEMSUBTYPE_SOUL_DEFAULT | E27: 1 | F27: 15 | G27: 0 | H27: 0 | I27: 99999 | J27: 2 | K27: 0 | L27: 2 | M27: 99 | O27: 0 | P27: 0 | R27: None | S27: 1600 | T27: 0 | U27: 1 | V27: 1 | W27: 1 | Y27: Texture2D MMO_ItemIcon_Supplies.Item_05 | Z27: 最大道术+7 | AA27: <br><font color='#43FF98'> 敏捷 5%<br><br><font color='#F2F2F2'>封印强大灵魂能量的红色灵石，可镶入装备的红色插槽中提升装备属性<br><font color='#B2B2B2'> [按下<font color='#FFa500'>I<font color='#B2B2B2'>键打开灵魂镶嵌界面] | AB27: =LEFT(AA27,52)&Z27&RIGHT(AA27,157) -> <br><font color='#43FF98'> 最大道术+7<br><br><font color='#F2F2F2'>封印强大灵魂能量的红色灵石，可镶入装备的红色插槽中提升装备属性<br><font color='#B2B2B2'> [按下<font color='#FFa500'>I<font color='#B2B2B2'>键打开灵魂镶嵌界面] | AC27: 20 | AD27: StaticMesh Bottle.Dro_Bottle03 | AE27: 0 | AF27: 15 | AG27: 0 | AH27: 0 | AI27: 1 | AL27: 0 | AM27: 0 | AN27: 0 | AO27: 1
A28: 10125 | B28: 灵敏朱砂灵石6级 | C28: ITEMTYPE_SOUL | D28: ITEMSUBTYPE_SOUL_DEFAULT | E28: 1 | F28: 15 | G28: 0 | H28: 0 | I28: 99999 | J28: 2 | K28: 0 | L28: 2 | M28: 99 | O28: 0 | P28: 0 | R28: None | S28: 100 | T28: 0 | U28: 1 | V28: 1 | W28: 1 | Y28: Texture2D MMO_ItemIcon_Supplies.Item_05 | Z28: 最大道术+10 | AA28: <br><font color='#43FF98'> 敏捷 6%<br><br><font color='#F2F2F2'>封印强大灵魂能量的红色灵石，可镶入装备的红色插槽中提升装备属性<br><font color='#B2B2B2'> [按下<font color='#FFa500'>I<font color='#B2B2B2'>键打开灵魂镶嵌界面] | AB28: =LEFT(AA28,52)&Z28&RIGHT(AA28,157) -> <br><font color='#43FF98'> 最大道术+10<br><br><font color='#F2F2F2'>封印强大灵魂能量的红色灵石，可镶入装备的红色插槽中提升装备属性<br><font color='#B2B2B2'> [按下<font color='#FFa500'>I<font color='#B2B2B2'>键打开灵魂镶嵌界面] | AC28: 20 | AD28: StaticMesh Bottle.Dro_Bottle03 | AE28: 0 | AF28: 15 | AG28: 0 | AH28: 0 | AI28: 1 | AL28: 0 | AM28: 0 | AN28: 0 | AO28: 1
A29: 10126 | B29: 灵敏朱砂灵石7级 | C29: ITEMTYPE_SOUL | D29: ITEMSUBTYPE_SOUL_DEFAULT | E29: 1 | F29: 15 | G29: 0 | H29: 0 | I29: 99999 | J29: 2 | K29: 0 | L29: 2 | M29: 99 | O29: 0 | P29: 0 | R29: None | S29: 200 | T29: 0 | U29: 1 | V29: 1 | W29: 1 | Y29: Texture2D MMO_ItemIcon_Supplies.Item_05 | Z29: 最大道术+13 | AA29: <br><font color='#43FF98'> 敏捷 7%<br><br><font color='#F2F2F2'>封印强大灵魂能量的红色灵石，可镶入装备的红色插槽中提升装备属性<br><font color='#B2B2B2'> [按下<font color='#FFa500'>I<font color='#B2B2B2'>键打开灵魂镶嵌界面] | AB29: =LEFT(AA29,52)&Z29&RIGHT(AA29,157) -> <br><font color='#43FF98'> 最大道术+13<br><br><font color='#F2F2F2'>封印强大灵魂能量的红色灵石，可镶入装备的红色插槽中提升装备属性<br><font color='#B2B2B2'> [按下<font color='#FFa500'>I<font color='#B2B2B2'>键打开灵魂镶嵌界面] | AC29: 20 | AD29: StaticMesh Bottle.Dro_Bottle03 | AE29: 0 | AF29: 15 | AG29: 0 | AH29: 0 | AI29: 1 | AL29: 0 | AM29: 0 | AN29: 0 | AO29: 1
A30: 10127 | B30: 灵敏朱砂灵石8级 | C30: ITEMTYPE_SOUL | D30: ITEMSUBTYPE_SOUL_DEFAULT | E30: 1 | F30: 15 | G30: 0 | H30: 0 | I30: 99999 | J30: 3 | K30: 0 | L30: 2 | M30: 99 | O30: 0 | P30: 0 | R30: None | S30: 400 | T30: 0 | U30: 1 | V30: 1 | W30: 1 | Y30: Texture2D MMO_ItemIcon_Supplies.Item_05 | Z30: 最大道术+17 | AA30: <br><font color='#43FF98'> 敏捷 8%<br><br><font color='#F2F2F2'>封印强大灵魂能量的红色灵石，可镶入装备的红色插槽中提升装备属性<br><font color='#B2B2B2'> [按下<font color='#FFa500'>I<font color='#B2B2B2'>键打开灵魂镶嵌界面] | AB30: =LEFT(AA30,52)&Z30&RIGHT(AA30,157) -> <br><font color='#43FF98'> 最大道术+17<br><br><font color='#F2F2F2'>封印强大灵魂能量的红色灵石，可镶入装备的红色插槽中提升装备属性<br><font color='#B2B2B2'> [按下<font color='#FFa500'>I<font color='#B2B2B2'>键打开灵魂镶嵌界面] | AC30: 20 | AD30: StaticMesh Bottle.Dro_Bottle03 | AE30: 0 | AF30: 15 | AG30: 0 | AH30: 0 | AI30: 1 | AL30: 0 | AM30: 0 | AN30: 0 | AO30: 1
A31: 10128 | B31: 灵敏朱砂灵石9级 | C31: ITEMTYPE_SOUL | D31: ITEMSUBTYPE_SOUL_DEFAULT | E31: 1 | F31: 15 | G31: 0 | H31: 0 | I31: 99999 | J31: 3 | K31: 0 | L31: 2 | M31: 99 | O31: 0 | P31: 0 | R31: None | S31: 800 | T31: 0 | U31: 1 | V31: 1 | W31: 1 | Y31: Texture2D MMO_ItemIcon_Supplies.Item_05 | Z31: 最大道术+22 | AA31: <br><font color='#43FF98'> 敏捷 9%<br><br><font color='#F2F2F2'>封印强大灵魂能量的红色灵石，可镶入装备的红色插槽中提升装备属性<br><font color='#B2B2B2'> [按下<font color='#FFa500'>I<font color='#B2B2B2'>键打开灵魂镶嵌界面] | AB31: =LEFT(AA31,52)&Z31&RIGHT(AA31,157) -> <br><font color='#43FF98'> 最大道术+22<br><br><font color='#F2F2F2'>封印强大灵魂能量的红色灵石，可镶入装备的红色插槽中提升装备属性<br><font color='#B2B2B2'> [按下<font color='#FFa500'>I<font color='#B2B2B2'>键打开灵魂镶嵌界面] | AC31: 20 | AD31: StaticMesh Bottle.Dro_Bottle03 | AE31: 0 | AF31: 15 | AG31: 0 | AH31: 0 | AI31: 1 | AL31: 0 | AM31: 0 | AN31: 0 | AO31: 1
A32: 10129 | B32: 灵敏朱砂灵石10级 | C32: ITEMTYPE_SOUL | D32: ITEMSUBTYPE_SOUL_DEFAULT | E32: 1 | F32: 15 | G32: 0 | H32: 0 | I32: 99999 | J32: 3 | K32: 0 | L32: 2 | M32: 99 | O32: 0 | P32: 0 | R32: None | S32: 1600 | T32: 0 | U32: 1 | V32: 1 | W32: 1 | Y32: Texture2D MMO_ItemIcon_Supplies.Item_05 | Z32: 最大道术+28 | AA32: <br><font color='#43FF98'> 敏捷 10%<br><br><font color='#F2F2F2'>封印强大灵魂能量的红色灵石，可镶入装备的红色插槽中提升装备属性<br><font color='#B2B2B2'> [按下<font color='#FFa500'>I<font color='#B2B2B2'>键打开灵魂镶嵌界面] | AB32: =LEFT(AA32,52)&Z32&RIGHT(AA32,157) -> <br><font color='#43FF98'> 最大道术+28<br><br><font color='#F2F2F2'>封印强大灵魂能量的红色灵石，可镶入装备的红色插槽中提升装备属性<br><font color='#B2B2B2'> [按下<font color='#FFa500'>I<font color='#B2B2B2'>键打开灵魂镶嵌界面] | AC32: 20 | AD32: StaticMesh Bottle.Dro_Bottle03 | AE32: 0 | AF32: 15 | AG32: 0 | AH32: 0 | AI32: 1 | AL32: 0 | AM32: 0 | AN32: 0 | AO32: 1
A33: 10200 | B33: 迅捷日光灵石1级 | C33: ITEMTYPE_SOUL | D33: ITEMSUBTYPE_SOUL_DEFAULT | E33: 1 | F33: 15 | G33: 0 | H33: 0 | I33: 99999 | J33: 0 | K33: 0 | L33: 2 | M33: 99 | O33: 0 | P33: 0 | R33: None | S33: 100 | T33: 0 | U33: 1 | V33: 1 | W33: 1 | Y33: Texture2D MMO_ItemIcon_Supplies.Item_11 | Z33: 最大攻击+1 | AA33: <br><font color='#43FF98'> 敏捷 6<br><br><font color='#F2F2F2'>封印强大灵魂能量的红色灵石，可镶入装备的红色插槽中提升装备属性<br><font color='#B2B2B2'> [按下<font color='#FFa500'>I<font color='#B2B2B2'>键打开灵魂镶嵌界面] | AB33: =LEFT(AA33,52)&Z33&RIGHT(AA33,157) -> <br><font color='#43FF98'> 最大攻击+1<br><br><font color='#F2F2F2'>封印强大灵魂能量的红色灵石，可镶入装备的红色插槽中提升装备属性<br><font color='#B2B2B2'> [按下<font color='#FFa500'>I<font color='#B2B2B2'>键打开灵魂镶嵌界面] | AC33: 20 | AD33: StaticMesh Bottle.Dro_Bottle03 | AE33: 0 | AF33: 15 | AG33: 0 | AH33: 0 | AI33: 1 | AL33: 0 | AM33: 0 | AN33: 0
A34: 10201 | B34: 迅捷日光灵石2级 | C34: ITEMTYPE_SOUL | D34: ITEMSUBTYPE_SOUL_DEFAULT | E34: 1 | F34: 15 | G34: 0 | H34: 0 | I34: 99999 | J34: 1 | K34: 0 | L34: 2 | M34: 99 | O34: 0 | P34: 0 | R34: None | S34: 200 | T34: 0 | U34: 1 | V34: 1 | W34: 1 | Y34: Texture2D MMO_ItemIcon_Supplies.Item_12 | Z34: 最大攻击+2 | AA34: <br><font color='#43FF98'> 敏捷 12<br><br><font color='#F2F2F2'>封印强大灵魂能量的红色灵石，可镶入装备的红色插槽中提升装备属性<br><font color='#B2B2B2'> [按下<font color='#FFa500'>I<font color='#B2B2B2'>键打开灵魂镶嵌界面] | AB34: =LEFT(AA34,52)&Z34&RIGHT(AA34,157) -> <br><font color='#43FF98'> 最大攻击+2<br><br><font color='#F2F2F2'>封印强大灵魂能量的红色灵石，可镶入装备的红色插槽中提升装备属性<br><font color='#B2B2B2'> [按下<font color='#FFa500'>I<font color='#B2B2B2'>键打开灵魂镶嵌界面] | AC34: 20 | AD34: StaticMesh Bottle.Dro_Bottle03 | AE34: 0 | AF34: 15 | AG34: 0 | AH34: 0 | AI34: 1 | AL34: 0 | AM34: 0 | AN34: 0
A35: 10202 | B35: 迅捷日光灵石3级 | C35: ITEMTYPE_SOUL | D35: ITEMSUBTYPE_SOUL_DEFAULT | E35: 1 | F35: 15 | G35: 0 | H35: 0 | I35: 99999 | J35: 1 | K35: 0 | L35: 2 | M35: 99 | O35: 0 | P35: 0 | R35: None | S35: 400 | T35: 0 | U35: 1 | V35: 1 | W35: 1 | Y35: Texture2D MMO_ItemIcon_Supplies.Item_13 | Z35: 最大攻击+3 | AA35: <br><font color='#43FF98'> 敏捷 19<br><br><font color='#F2F2F2'>封印强大灵魂能量的红色灵石，可镶入装备的红色插槽中提升装备属性<br><font color='#B2B2B2'> [按下<font color='#FFa500'>I<font color='#B2B2B2'>键打开灵魂镶嵌界面] | AB35: =LEFT(AA35,52)&Z35&RIGHT(AA35,157) -> <br><font color='#43FF98'> 最大攻击+3<br><br><font color='#F2F2F2'>封印强大灵魂能量的红色灵石，可镶入装备的红色插槽中提升装备属性<br><font color='#B2B2B2'> [按下<font color='#FFa500'>I<font color='#B2B2B2'>键打开灵魂镶嵌界面] | AC35: 20 | AD35: StaticMesh Bottle.Dro_Bottle03 | AE35: 0 | AF35: 15 | AG35: 0 | AH35: 0 | AI35: 1 | AL35: 0 | AM35: 0 | AN35: 0
A36: 10203 | B36: 迅捷日光灵石4级 | C36: ITEMTYPE_SOUL | D36: ITEMSUBTYPE_SOUL_DEFAULT | E36: 1 | F36: 15 | G36: 0 | H36: 0 | I36: 99999 | J36: 1 | K36: 0 | L36: 2 | M36: 99 | O36: 0 | P36: 0 | R36: None | S36: 800 | T36: 0 | U36: 1 | V36: 1 | W36: 1 | Y36: Texture2D MMO_ItemIcon_Supplies.Item_14 | Z36: 最大攻击+5 | AA36: <br><font color='#43FF98'> 敏捷 28<br><br><font color='#F2F2F2'>封印强大灵魂能量的红色灵石，可镶入装备的红色插槽中提升装备属性<br><font color='#B2B2B2'> [按下<font color='#FFa500'>I<font color='#B2B2B2'>键打开灵魂镶嵌界面] | AB36: =LEFT(AA36,52)&Z36&RIGHT(AA36,157) -> <br><font color='#43FF98'> 最大攻击+5<br><br><font color='#F2F2F2'>封印强大灵魂能量的红色灵石，可镶入装备的红色插槽中提升装备属性<br><font color='#B2B2B2'> [按下<font color='#FFa500'>I<font color='#B2B2B2'>键打开灵魂镶嵌界面] | AC36: 20 | AD36: StaticMesh Bottle.Dro_Bottle03 | AE36: 0 | AF36: 15 | AG36: 0 | AH36: 0 | AI36: 1 | AL36: 0 | AM36: 0 | AN36: 0 | AO36: 1
A37: 10204 | B37: 迅捷日光灵石5级 | C37: ITEMTYPE_SOUL | D37: ITEMSUBTYPE_SOUL_DEFAULT | E37: 1 | F37: 15 | G37: 0 | H37: 0 | I37: 99999 | J37: 2 | K37: 0 | L37: 2 | M37: 99 | O37: 0 | P37: 0 | R37: None | S37: 1600 | T37: 0 | U37: 1 | V37: 1 | W37: 1 | Y37: Texture2D MMO_ItemIcon_Supplies.Item_15 | Z37: 最大攻击+7 | AA37: <br><font color='#43FF98'> 敏捷 39<br><br><font color='#F2F2F2'>封印强大灵魂能量的红色灵石，可镶入装备的红色插槽中提升装备属性<br><font color='#B2B2B2'> [按下<font color='#FFa500'>I<font color='#B2B2B2'>键打开灵魂镶嵌界面] | AB37: =LEFT(AA37,52)&Z37&RIGHT(AA37,157) -> <br><font color='#43FF98'> 最大攻击+7<br><br><font color='#F2F2F2'>封印强大灵魂能量的红色灵石，可镶入装备的红色插槽中提升装备属性<br><font color='#B2B2B2'> [按下<font color='#FFa500'>I<font color='#B2B2B2'>键打开灵魂镶嵌界面] | AC37: 20 | AD37: StaticMesh Bottle.Dro_Bottle03 | AE37: 0 | AF37: 15 | AG37: 0 | AH37: 0 | AI37: 1 | AL37: 0 | AM37: 0 | AN37: 0 | AO37: 1
A38: 10205 | B38: 迅捷日光灵石6级 | C38: ITEMTYPE_SOUL | D38: ITEMSUBTYPE_SOUL_DEFAULT | E38: 1 | F38: 15 | G38: 0 | H38: 0 | I38: 99999 | J38: 2 | K38: 0 | L38: 2 | M38: 99 | O38: 0 | P38: 0 | R38: None | S38: 100 | T38: 0 | U38: 1 | V38: 1 | W38: 1 | Y38: Texture2D MMO_ItemIcon_Supplies.Item_15 | Z38: 最大攻击+10 | AA38: <br><font color='#43FF98'> 敏捷 52<br><br><font color='#F2F2F2'>封印强大灵魂能量的红色灵石，可镶入装备的红色插槽中提升装备属性<br><font color='#B2B2B2'> [按下<font color='#FFa500'>I<font color='#B2B2B2'>键打开灵魂镶嵌界面] | AB38: =LEFT(AA38,52)&Z38&RIGHT(AA38,157) -> <br><font color='#43FF98'> 最大攻击+10<br><br><font color='#F2F2F2'>封印强大灵魂能量的红色灵石，可镶入装备的红色插槽中提升装备属性<br><font color='#B2B2B2'> [按下<font color='#FFa500'>I<font color='#B2B2B2'>键打开灵魂镶嵌界面] | AC38: 20 | AD38: StaticMesh Bottle.Dro_Bottle03 | AE38: 0 | AF38: 15 | AG38: 0 | AH38: 0 | AI38: 1 | AL38: 0 | AM38: 0 | AN38: 0 | AO38: 1
A39: 10206 | B39: 迅捷日光灵石7级 | C39: ITEMTYPE_SOUL | D39: ITEMSUBTYPE_SOUL_DEFAULT | E39: 1 | F39: 15 | G39: 0 | H39: 0 | I39: 99999 | J39: 2 | K39: 0 | L39: 2 | M39: 99 | O39: 0 | P39: 0 | R39: None | S39: 200 | T39: 0 | U39: 1 | V39: 1 | W39: 1 | Y39: Texture2D MMO_ItemIcon_Supplies.Item_15 | Z39: 最大攻击+13 | AA39: <br><font color='#43FF98'> 敏捷 67<br><br><font color='#F2F2F2'>封印强大灵魂能量的红色灵石，可镶入装备的红色插槽中提升装备属性<br><font color='#B2B2B2'> [按下<font color='#FFa500'>I<font color='#B2B2B2'>键打开灵魂镶嵌界面] | AB39: =LEFT(AA39,52)&Z39&RIGHT(AA39,157) -> <br><font color='#43FF98'> 最大攻击+13<br><br><font color='#F2F2F2'>封印强大灵魂能量的红色灵石，可镶入装备的红色插槽中提升装备属性<br><font color='#B2B2B2'> [按下<font color='#FFa500'>I<font color='#B2B2B2'>键打开灵魂镶嵌界面] | AC39: 20 | AD39: StaticMesh Bottle.Dro_Bottle03 | AE39: 0 | AF39: 15 | AG39: 0 | AH39: 0 | AI39: 1 | AL39: 0 | AM39: 0 | AN39: 0 | AO39: 1
A40: 10207 | B40: 迅捷日光灵石8级 | C40: ITEMTYPE_SOUL | D40: ITEMSUBTYPE_SOUL_DEFAULT | E40: 1 | F40: 15 | G40: 0 | H40: 0 | I40: 99999 | J40: 3 | K40: 0 | L40: 2 | M40: 99 | O40: 0 | P40: 0 | R40: None | S40: 400 | T40: 0 | U40: 1 | V40: 1 | W40: 1 | Y40: Texture2D MMO_ItemIcon_Supplies.Item_15 | Z40: 最大攻击+17 | AA40: <br><font color='#43FF98'> 敏捷 85<br><br><font color='#F2F2F2'>封印强大灵魂能量的红色灵石，可镶入装备的红色插槽中提升装备属性<br><font color='#B2B2B2'> [按下<font color='#FFa500'>I<font color='#B2B2B2'>键打开灵魂镶嵌界面] | AB40: =LEFT(AA40,52)&Z40&RIGHT(AA40,157) -> <br><font color='#43FF98'> 最大攻击+17<br><br><font color='#F2F2F2'>封印强大灵魂能量的红色灵石，可镶入装备的红色插槽中提升装备属性<br><font color='#B2B2B2'> [按下<font color='#FFa500'>I<font color='#B2B2B2'>键打开灵魂镶嵌界面] | AC40: 20 | AD40: StaticMesh Bottle.Dro_Bottle03 | AE40: 0 | AF40: 15 | AG40: 0 | AH40: 0 | AI40: 1 | AL40: 0 | AM40: 0 | AN40: 0 | AO40: 1
A41: 10208 | B41: 迅捷日光灵石9级 | C41: ITEMTYPE_SOUL | D41: ITEMSUBTYPE_SOUL_DEFAULT | E41: 1 | F41: 15 | G41: 0 | H41: 0 | I41: 99999 | J41: 3 | K41: 0 | L41: 2 | M41: 99 | O41: 0 | P41: 0 | R41: None | S41: 800 | T41: 0 | U41: 1 | V41: 1 | W41: 1 | Y41: Texture2D MMO_ItemIcon_Supplies.Item_15 | Z41: 最大攻击+22 | AA41: <br><font color='#43FF98'> 敏捷 107<br><br><font color='#F2F2F2'>封印强大灵魂能量的红色灵石，可镶入装备的红色插槽中提升装备属性<br><font color='#B2B2B2'> [按下<font color='#FFa500'>I<font color='#B2B2B2'>键打开灵魂镶嵌界面] | AB41: =LEFT(AA41,52)&Z41&RIGHT(AA41,157) -> <br><font color='#43FF98'> 最大攻击+22<br><br><font color='#F2F2F2'>封印强大灵魂能量的红色灵石，可镶入装备的红色插槽中提升装备属性<br><font color='#B2B2B2'> [按下<font color='#FFa500'>I<font color='#B2B2B2'>键打开灵魂镶嵌界面] | AC41: 20 | AD41: StaticMesh Bottle.Dro_Bottle03 | AE41: 0 | AF41: 15 | AG41: 0 | AH41: 0 | AI41: 1 | AL41: 0 | AM41: 0 | AN41: 0 | AO41: 1
A42: 10209 | B42: 迅捷日光灵石10级 | C42: ITEMTYPE_SOUL | D42: ITEMSUBTYPE_SOUL_DEFAULT | E42: 1 | F42: 15 | G42: 0 | H42: 0 | I42: 99999 | J42: 3 | K42: 0 | L42: 2 | M42: 99 | O42: 0 | P42: 0 | R42: None | S42: 1600 | T42: 0 | U42: 1 | V42: 1 | W42: 1 | Y42: Texture2D MMO_ItemIcon_Supplies.Item_15 | Z42: 最大攻击+28 | AA42: <br><font color='#43FF98'> 敏捷 133<br><br><font color='#F2F2F2'>封印强大灵魂能量的红色灵石，可镶入装备的红色插槽中提升装备属性<br><font color='#B2B2B2'> [按下<font color='#FFa500'>I<font color='#B2B2B2'>键打开灵魂镶嵌界面] | AB42: =LEFT(AA42,52)&Z42&RIGHT(AA42,157) -> <br><font color='#43FF98'> 最大攻击+28<br><br><font color='#F2F2F2'>封印强大灵魂能量的红色灵石，可镶入装备的红色插槽中提升装备属性<br><font color='#B2B2B2'> [按下<font color='#FFa500'>I<font color='#B2B2B2'>键打开灵魂镶嵌界面] | AC42: 20 | AD42: StaticMesh Bottle.Dro_Bottle03 | AE42: 0 | AF42: 15 | AG42: 0 | AH42: 0 | AI42: 1 | AL42: 0 | AM42: 0 | AN42: 0 | AO42: 1
A43: 10210 | B43: 致命日光灵石1级 | C43: ITEMTYPE_SOUL | D43: ITEMSUBTYPE_SOUL_DEFAULT | E43: 1 | F43: 15 | G43: 0 | H43: 0 | I43: 99999 | J43: 0 | K43: 0 | L43: 2 | M43: 99 | O43: 0 | P43: 0 | R43: None | S43: 100 | T43: 0 | U43: 1 | V43: 1 | W43: 1 | Y43: Texture2D MMO_ItemIcon_Supplies.Item_11 | Z43: 最小魔防+1 | AA43: <br><font color='#43FF98'> 暴击 6<br><br><font color='#F2F2F2'>封印强大灵魂能量的黄色灵石，可镶入装备的黄色插槽中提升装备属性<br><font color='#B2B2B2'> [按下<font color='#FFa500'>I<font color='#B2B2B2'>键打开灵魂镶嵌界面] | AB43: =LEFT(AA43,52)&Z43&RIGHT(AA43,157) -> <br><font color='#43FF98'> 最小魔防+1<br><br><font color='#F2F2F2'>封印强大灵魂能量的黄色灵石，可镶入装备的黄色插槽中提升装备属性<br><font color='#B2B2B2'> [按下<font color='#FFa500'>I<font color='#B2B2B2'>键打开灵魂镶嵌界面] | AC43: 20 | AD43: StaticMesh Bottle.Dro_Bottle03 | AE43: 0 | AF43: 15 | AG43: 0 | AH43: 0 | AI43: 1 | AL43: 0 | AM43: 0 | AN43: 0
A44: 10211 | B44: 致命日光灵石2级 | C44: ITEMTYPE_SOUL | D44: ITEMSUBTYPE_SOUL_DEFAULT | E44: 1 | F44: 15 | G44: 0 | H44: 0 | I44: 99999 | J44: 1 | K44: 0 | L44: 2 | M44: 99 | O44: 0 | P44: 0 | R44: None | S44: 200 | T44: 0 | U44: 1 | V44: 1 | W44: 1 | Y44: Texture2D MMO_ItemIcon_Supplies.Item_12 | Z44: 最小魔防+2 | AA44: <br><font color='#43FF98'> 暴击 12<br><br><font color='#F2F2F2'>封印强大灵魂能量的黄色灵石，可镶入装备的黄色插槽中提升装备属性<br><font color='#B2B2B2'> [按下<font color='#FFa500'>I<font color='#B2B2B2'>键打开灵魂镶嵌界面] | AB44: =LEFT(AA44,52)&Z44&RIGHT(AA44,157) -> <br><font color='#43FF98'> 最小魔防+2<br><br><font color='#F2F2F2'>封印强大灵魂能量的黄色灵石，可镶入装备的黄色插槽中提升装备属性<br><font color='#B2B2B2'> [按下<font color='#FFa500'>I<font color='#B2B2B2'>键打开灵魂镶嵌界面] | AC44: 20 | AD44: StaticMesh Bottle.Dro_Bottle03 | AE44: 0 | AF44: 15 | AG44: 0 | AH44: 0 | AI44: 1 | AL44: 0 | AM44: 0 | AN44: 0
A45: 10212 | B45: 致命日光灵石3级 | C45: ITEMTYPE_SOUL | D45: ITEMSUBTYPE_SOUL_DEFAULT | E45: 1 | F45: 15 | G45: 0 | H45: 0 | I45: 99999 | J45: 1 | K45: 0 | L45: 2 | M45: 99 | O45: 0 | P45: 0 | R45: None | S45: 400 | T45: 0 | U45: 1 | V45: 1 | W45: 1 | Y45: Texture2D MMO_ItemIcon_Supplies.Item_13 | Z45: 最小魔防+3 | AA45: <br><font color='#43FF98'> 暴击 19<br><br><font color='#F2F2F2'>封印强大灵魂能量的黄色灵石，可镶入装备的黄色插槽中提升装备属性<br><font color='#B2B2B2'> [按下<font color='#FFa500'>I<font color='#B2B2B2'>键打开灵魂镶嵌界面] | AB45: =LEFT(AA45,52)&Z45&RIGHT(AA45,157) -> <br><font color='#43FF98'> 最小魔防+3<br><br><font color='#F2F2F2'>封印强大灵魂能量的黄色灵石，可镶入装备的黄色插槽中提升装备属性<br><font color='#B2B2B2'> [按下<font color='#FFa500'>I<font color='#B2B2B2'>键打开灵魂镶嵌界面] | AC45: 20 | AD45: StaticMesh Bottle.Dro_Bottle03 | AE45: 0 | AF45: 15 | AG45: 0 | AH45: 0 | AI45: 1 | AL45: 0 | AM45: 0 | AN45: 0
A46: 10213 | B46: 致命日光灵石4级 | C46: ITEMTYPE_SOUL | D46: ITEMSUBTYPE_SOUL_DEFAULT | E46: 1 | F46: 15 | G46: 0 | H46: 0 | I46: 99999 | J46: 1 | K46: 0 | L46: 2 | M46: 99 | O46: 0 | P46: 0 | R46: None | S46: 800 | T46: 0 | U46: 1 | V46: 1 | W46: 1 | Y46: Texture2D MMO_ItemIcon_Supplies.Item_14 | Z46: 最小魔防+5 | AA46: <br><font color='#43FF98'> 暴击 28<br><br><font color='#F2F2F2'>封印强大灵魂能量的黄色灵石，可镶入装备的黄色插槽中提升装备属性<br><font color='#B2B2B2'> [按下<font color='#FFa500'>I<font color='#B2B2B2'>键打开灵魂镶嵌界面] | AB46: =LEFT(AA46,52)&Z46&RIGHT(AA46,157) -> <br><font color='#43FF98'> 最小魔防+5<br><br><font color='#F2F2F2'>封印强大灵魂能量的黄色灵石，可镶入装备的黄色插槽中提升装备属性<br><font color='#B2B2B2'> [按下<font color='#FFa500'>I<font color='#B2B2B2'>键打开灵魂镶嵌界面] | AC46: 20 | AD46: StaticMesh Bottle.Dro_Bottle03 | AE46: 0 | AF46: 15 | AG46: 0 | AH46: 0 | AI46: 1 | AL46: 0 | AM46: 0 | AN46: 0 | AO46: 1
A47: 10214 | B47: 致命日光灵石5级 | C47: ITEMTYPE_SOUL | D47: ITEMSUBTYPE_SOUL_DEFAULT | E47: 1 | F47: 15 | G47: 0 | H47: 0 | I47: 99999 | J47: 2 | K47: 0 | L47: 2 | M47: 99 | O47: 0 | P47: 0 | R47: None | S47: 1600 | T47: 0 | U47: 1 | V47: 1 | W47: 1 | Y47: Texture2D MMO_ItemIcon_Supplies.Item_15 | Z47: 最小魔防+7 | AA47: <br><font color='#43FF98'> 暴击 39<br><br><font color='#F2F2F2'>封印强大灵魂能量的黄色灵石，可镶入装备的黄色插槽中提升装备属性<br><font color='#B2B2B2'> [按下<font color='#FFa500'>I<font color='#B2B2B2'>键打开灵魂镶嵌界面] | AB47: =LEFT(AA47,52)&Z47&RIGHT(AA47,157) -> <br><font color='#43FF98'> 最小魔防+7<br><br><font color='#F2F2F2'>封印强大灵魂能量的黄色灵石，可镶入装备的黄色插槽中提升装备属性<br><font color='#B2B2B2'> [按下<font color='#FFa500'>I<font color='#B2B2B2'>键打开灵魂镶嵌界面] | AC47: 20 | AD47: StaticMesh Bottle.Dro_Bottle03 | AE47: 0 | AF47: 15 | AG47: 0 | AH47: 0 | AI47: 1 | AL47: 0 | AM47: 0 | AN47: 0 | AO47: 1
A48: 10215 | B48: 致命日光灵石6级 | C48: ITEMTYPE_SOUL | D48: ITEMSUBTYPE_SOUL_DEFAULT | E48: 1 | F48: 15 | G48: 0 | H48: 0 | I48: 99999 | J48: 2 | K48: 0 | L48: 2 | M48: 99 | O48: 0 | P48: 0 | R48: None | S48: 100 | T48: 0 | U48: 1 | V48: 1 | W48: 1 | Y48: Texture2D MMO_ItemIcon_Supplies.Item_15 | Z48: 最小魔防+10 | AA48: <br><font color='#43FF98'> 暴击 52<br><br><font color='#F2F2F2'>封印强大灵魂能量的黄色灵石，可镶入装备的黄色插槽中提升装备属性<br><font color='#B2B2B2'> [按下<font color='#FFa500'>I<font color='#B2B2B2'>键打开灵魂镶嵌界面] | AB48: =LEFT(AA48,52)&Z48&RIGHT(AA48,157) -> <br><font color='#43FF98'> 最小魔防+10<br><br><font color='#F2F2F2'>封印强大灵魂能量的黄色灵石，可镶入装备的黄色插槽中提升装备属性<br><font color='#B2B2B2'> [按下<font color='#FFa500'>I<font color='#B2B2B2'>键打开灵魂镶嵌界面] | AC48: 20 | AD48: StaticMesh Bottle.Dro_Bottle03 | AE48: 0 | AF48: 15 | AG48: 0 | AH48: 0 | AI48: 1 | AL48: 0 | AM48: 0 | AN48: 0 | AO48: 1
A49: 10216 | B49: 致命日光灵石7级 | C49: ITEMTYPE_SOUL | D49: ITEMSUBTYPE_SOUL_DEFAULT | E49: 1 | F49: 15 | G49: 0 | H49: 0 | I49: 99999 | J49: 2 | K49: 0 | L49: 2 | M49: 99 | O49: 0 | P49: 0 | R49: None | S49: 200 | T49: 0 | U49: 1 | V49: 1 | W49: 1 | Y49: Texture2D MMO_ItemIcon_Supplies.Item_15 | Z49: 最小魔防+13 | AA49: <br><font color='#43FF98'> 暴击 67<br><br><font color='#F2F2F2'>封印强大灵魂能量的黄色灵石，可镶入装备的黄色插槽中提升装备属性<br><font color='#B2B2B2'> [按下<font color='#FFa500'>I<font color='#B2B2B2'>键打开灵魂镶嵌界面] | AB49: =LEFT(AA49,52)&Z49&RIGHT(AA49,157) -> <br><font color='#43FF98'> 最小魔防+13<br><br><font color='#F2F2F2'>封印强大灵魂能量的黄色灵石，可镶入装备的黄色插槽中提升装备属性<br><font color='#B2B2B2'> [按下<font color='#FFa500'>I<font color='#B2B2B2'>键打开灵魂镶嵌界面] | AC49: 20 | AD49: StaticMesh Bottle.Dro_Bottle03 | AE49: 0 | AF49: 15 | AG49: 0 | AH49: 0 | AI49: 1 | AL49: 0 | AM49: 0 | AN49: 0 | AO49: 1
A50: 10217 | B50: 致命日光灵石8级 | C50: ITEMTYPE_SOUL | D50: ITEMSUBTYPE_SOUL_DEFAULT | E50: 1 | F50: 15 | G50: 0 | H50: 0 | I50: 99999 | J50: 3 | K50: 0 | L50: 2 | M50: 99 | O50: 0 | P50: 0 | R50: None | S50: 400 | T50: 0 | U50: 1 | V50: 1 | W50: 1 | Y50: Texture2D MMO_ItemIcon_Supplies.Item_15 | Z50: 最小魔防+17 | AA50: <br><font color='#43FF98'> 暴击 85<br><br><font color='#F2F2F2'>封印强大灵魂能量的黄色灵石，可镶入装备的黄色插槽中提升装备属性<br><font color='#B2B2B2'> [按下<font color='#FFa500'>I<font color='#B2B2B2'>键打开灵魂镶嵌界面] | AB50: =LEFT(AA50,52)&Z50&RIGHT(AA50,157) -> <br><font color='#43FF98'> 最小魔防+17<br><br><font color='#F2F2F2'>封印强大灵魂能量的黄色灵石，可镶入装备的黄色插槽中提升装备属性<br><font color='#B2B2B2'> [按下<font color='#FFa500'>I<font color='#B2B2B2'>键打开灵魂镶嵌界面] | AC50: 20 | AD50: StaticMesh Bottle.Dro_Bottle03 | AE50: 0 | AF50: 15 | AG50: 0 | AH50: 0 | AI50: 1 | AL50: 0 | AM50: 0 | AN50: 0 | AO50: 1
A51: 10218 | B51: 致命日光灵石9级 | C51: ITEMTYPE_SOUL | D51: ITEMSUBTYPE_SOUL_DEFAULT | E51: 1 | F51: 15 | G51: 0 | H51: 0 | I51: 99999 | J51: 3 | K51: 0 | L51: 2 | M51: 99 | O51: 0 | P51: 0 | R51: None | S51: 800 | T51: 0 | U51: 1 | V51: 1 | W51: 1 | Y51: Texture2D MMO_ItemIcon_Supplies.Item_15 | Z51: 最小魔防+22 | AA51: <br><font color='#43FF98'> 暴击 107<br><br><font color='#F2F2F2'>封印强大灵魂能量的黄色灵石，可镶入装备的黄色插槽中提升装备属性<br><font color='#B2B2B2'> [按下<font color='#FFa500'>I<font color='#B2B2B2'>键打开灵魂镶嵌界面] | AB51: =LEFT(AA51,52)&Z51&RIGHT(AA51,157) -> <br><font color='#43FF98'> 最小魔防+22<br><br><font color='#F2F2F2'>封印强大灵魂能量的黄色灵石，可镶入装备的黄色插槽中提升装备属性<br><font color='#B2B2B2'> [按下<font color='#FFa500'>I<font color='#B2B2B2'>键打开灵魂镶嵌界面] | AC51: 20 | AD51: StaticMesh Bottle.Dro_Bottle03 | AE51: 0 | AF51: 15 | AG51: 0 | AH51: 0 | AI51: 1 | AL51: 0 | AM51: 0 | AN51: 0 | AO51: 1
A52: 10219 | B52: 致命日光灵石10级 | C52: ITEMTYPE_SOUL | D52: ITEMSUBTYPE_SOUL_DEFAULT | E52: 1 | F52: 15 | G52: 0 | H52: 0 | I52: 99999 | J52: 3 | K52: 0 | L52: 2 | M52: 99 | O52: 0 | P52: 0 | R52: None | S52: 1600 | T52: 0 | U52: 1 | V52: 1 | W52: 1 | Y52: Texture2D MMO_ItemIcon_Supplies.Item_15 | Z52: 最小魔防+28 | AA52: <br><font color='#43FF98'> 暴击 133<br><br><font color='#F2F2F2'>封印强大灵魂能量的黄色灵石，可镶入装备的黄色插槽中提升装备属性<br><font color='#B2B2B2'> [按下<font color='#FFa500'>I<font color='#B2B2B2'>键打开灵魂镶嵌界面] | AB52: =LEFT(AA52,52)&Z52&RIGHT(AA52,157) -> <br><font color='#43FF98'> 最小魔防+28<br><br><font color='#F2F2F2'>封印强大灵魂能量的黄色灵石，可镶入装备的黄色插槽中提升装备属性<br><font color='#B2B2B2'> [按下<font color='#FFa500'>I<font color='#B2B2B2'>键打开灵魂镶嵌界面] | AC52: 20 | AD52: StaticMesh Bottle.Dro_Bottle03 | AE52: 0 | AF52: 15 | AG52: 0 | AH52: 0 | AI52: 1 | AL52: 0 | AM52: 0 | AN52: 0 | AO52: 1
A53: 10220 | B53: 守护日光灵石1级 | C53: ITEMTYPE_SOUL | D53: ITEMSUBTYPE_SOUL_DEFAULT | E53: 1 | F53: 15 | G53: 0 | H53: 0 | I53: 99999 | J53: 0 | K53: 0 | L53: 2 | M53: 99 | O53: 0 | P53: 0 | R53: None | S53: 100 | T53: 0 | U53: 1 | V53: 1 | W53: 1 | Y53: Texture2D MMO_ItemIcon_Supplies.Item_11 | Z53: 最小防御+1 | AA53: <br><font color='#43FF98'> 体质 1%<br><br><font color='#F2F2F2'>封印强大灵魂能量的黄色灵石，可镶入装备的黄色插槽中提升装备属性<br><font color='#B2B2B2'> [按下<font color='#FFa500'>I<font color='#B2B2B2'>键打开灵魂镶嵌界面] | AB53: =LEFT(AA53,52)&Z53&RIGHT(AA53,157) -> <br><font color='#43FF98'> 最小防御+1<br><br><font color='#F2F2F2'>封印强大灵魂能量的黄色灵石，可镶入装备的黄色插槽中提升装备属性<br><font color='#B2B2B2'> [按下<font color='#FFa500'>I<font color='#B2B2B2'>键打开灵魂镶嵌界面] | AC53: 20 | AD53: StaticMesh Bottle.Dro_Bottle03 | AE53: 0 | AF53: 15 | AG53: 0 | AH53: 0 | AI53: 1 | AL53: 0 | AM53: 0 | AN53: 0
A54: 10221 | B54: 守护日光灵石2级 | C54: ITEMTYPE_SOUL | D54: ITEMSUBTYPE_SOUL_DEFAULT | E54: 1 | F54: 15 | G54: 0 | H54: 0 | I54: 99999 | J54: 1 | K54: 0 | L54: 2 | M54: 99 | O54: 0 | P54: 0 | R54: None | S54: 200 | T54: 0 | U54: 1 | V54: 1 | W54: 1 | Y54: Texture2D MMO_ItemIcon_Supplies.Item_12 | Z54: 最小防御+2 | AA54: <br><font color='#43FF98'> 体质 2%<br><br><font color='#F2F2F2'>封印强大灵魂能量的黄色灵石，可镶入装备的黄色插槽中提升装备属性<br><font color='#B2B2B2'> [按下<font color='#FFa500'>I<font color='#B2B2B2'>键打开灵魂镶嵌界面] | AB54: =LEFT(AA54,52)&Z54&RIGHT(AA54,157) -> <br><font color='#43FF98'> 最小防御+2<br><br><font color='#F2F2F2'>封印强大灵魂能量的黄色灵石，可镶入装备的黄色插槽中提升装备属性<br><font color='#B2B2B2'> [按下<font color='#FFa500'>I<font color='#B2B2B2'>键打开灵魂镶嵌界面] | AC54: 20 | AD54: StaticMesh Bottle.Dro_Bottle03 | AE54: 0 | AF54: 15 | AG54: 0 | AH54: 0 | AI54: 1 | AL54: 0 | AM54: 0 | AN54: 0
A55: 10222 | B55: 守护日光灵石3级 | C55: ITEMTYPE_SOUL | D55: ITEMSUBTYPE_SOUL_DEFAULT | E55: 1 | F55: 15 | G55: 0 | H55: 0 | I55: 99999 | J55: 1 | K55: 0 | L55: 2 | M55: 99 | O55: 0 | P55: 0 | R55: None | S55: 400 | T55: 0 | U55: 1 | V55: 1 | W55: 1 | Y55: Texture2D MMO_ItemIcon_Supplies.Item_13 | Z55: 最小防御+3 | AA55: <br><font color='#43FF98'> 体质 3%<br><br><font color='#F2F2F2'>封印强大灵魂能量的黄色灵石，可镶入装备的黄色插槽中提升装备属性<br><font color='#B2B2B2'> [按下<font color='#FFa500'>I<font color='#B2B2B2'>键打开灵魂镶嵌界面] | AB55: =LEFT(AA55,52)&Z55&RIGHT(AA55,157) -> <br><font color='#43FF98'> 最小防御+3<br><br><font color='#F2F2F2'>封印强大灵魂能量的黄色灵石，可镶入装备的黄色插槽中提升装备属性<br><font color='#B2B2B2'> [按下<font color='#FFa500'>I<font color='#B2B2B2'>键打开灵魂镶嵌界面] | AC55: 20 | AD55: StaticMesh Bottle.Dro_Bottle03 | AE55: 0 | AF55: 15 | AG55: 0 | AH55: 0 | AI55: 1 | AL55: 0 | AM55: 0 | AN55: 0
A56: 10223 | B56: 守护日光灵石4级 | C56: ITEMTYPE_SOUL | D56: ITEMSUBTYPE_SOUL_DEFAULT | E56: 1 | F56: 15 | G56: 0 | H56: 0 | I56: 99999 | J56: 1 | K56: 0 | L56: 2 | M56: 99 | O56: 0 | P56: 0 | R56: None | S56: 800 | T56: 0 | U56: 1 | V56: 1 | W56: 1 | Y56: Texture2D MMO_ItemIcon_Supplies.Item_14 | Z56: 最小防御+5 | AA56: <br><font color='#43FF98'> 体质 4%<br><br><font color='#F2F2F2'>封印强大灵魂能量的黄色灵石，可镶入装备的黄色插槽中提升装备属性<br><font color='#B2B2B2'> [按下<font color='#FFa500'>I<font color='#B2B2B2'>键打开灵魂镶嵌界面] | AB56: =LEFT(AA56,52)&Z56&RIGHT(AA56,157) -> <br><font color='#43FF98'> 最小防御+5<br><br><font color='#F2F2F2'>封印强大灵魂能量的黄色灵石，可镶入装备的黄色插槽中提升装备属性<br><font color='#B2B2B2'> [按下<font color='#FFa500'>I<font color='#B2B2B2'>键打开灵魂镶嵌界面] | AC56: 20 | AD56: StaticMesh Bottle.Dro_Bottle03 | AE56: 0 | AF56: 15 | AG56: 0 | AH56: 0 | AI56: 1 | AL56: 0 | AM56: 0 | AN56: 0 | AO56: 1
A57: 10224 | B57: 守护日光灵石5级 | C57: ITEMTYPE_SOUL | D57: ITEMSUBTYPE_SOUL_DEFAULT | E57: 1 | F57: 15 | G57: 0 | H57: 0 | I57: 99999 | J57: 2 | K57: 0 | L57: 2 | M57: 99 | O57: 0 | P57: 0 | R57: None | S57: 1600 | T57: 0 | U57: 1 | V57: 1 | W57: 1 | Y57: Texture2D MMO_ItemIcon_Supplies.Item_15 | Z57: 最小防御+7 | AA57: <br><font color='#43FF98'> 体质 5%<br><br><font color='#F2F2F2'>封印强大灵魂能量的黄色灵石，可镶入装备的黄色插槽中提升装备属性<br><font color='#B2B2B2'> [按下<font color='#FFa500'>I<font color='#B2B2B2'>键打开灵魂镶嵌界面] | AB57: =LEFT(AA57,52)&Z57&RIGHT(AA57,157) -> <br><font color='#43FF98'> 最小防御+7<br><br><font color='#F2F2F2'>封印强大灵魂能量的黄色灵石，可镶入装备的黄色插槽中提升装备属性<br><font color='#B2B2B2'> [按下<font color='#FFa500'>I<font color='#B2B2B2'>键打开灵魂镶嵌界面] | AC57: 20 | AD57: StaticMesh Bottle.Dro_Bottle03 | AE57: 0 | AF57: 15 | AG57: 0 | AH57: 0 | AI57: 1 | AL57: 0 | AM57: 0 | AN57: 0 | AO57: 1
A58: 10225 | B58: 守护日光灵石6级 | C58: ITEMTYPE_SOUL | D58: ITEMSUBTYPE_SOUL_DEFAULT | E58: 1 | F58: 15 | G58: 0 | H58: 0 | I58: 99999 | J58: 2 | K58: 0 | L58: 2 | M58: 99 | O58: 0 | P58: 0 | R58: None | S58: 100 | T58: 0 | U58: 1 | V58: 1 | W58: 1 | Y58: Texture2D MMO_ItemIcon_Supplies.Item_15 | Z58: 最小防御+10 | AA58: <br><font color='#43FF98'> 体质 6%<br><br><font color='#F2F2F2'>封印强大灵魂能量的黄色灵石，可镶入装备的黄色插槽中提升装备属性<br><font color='#B2B2B2'> [按下<font color='#FFa500'>I<font color='#B2B2B2'>键打开灵魂镶嵌界面] | AB58: =LEFT(AA58,52)&Z58&RIGHT(AA58,157) -> <br><font color='#43FF98'> 最小防御+10<br><br><font color='#F2F2F2'>封印强大灵魂能量的黄色灵石，可镶入装备的黄色插槽中提升装备属性<br><font color='#B2B2B2'> [按下<font color='#FFa500'>I<font color='#B2B2B2'>键打开灵魂镶嵌界面] | AC58: 20 | AD58: StaticMesh Bottle.Dro_Bottle03 | AE58: 0 | AF58: 15 | AG58: 0 | AH58: 0 | AI58: 1 | AL58: 0 | AM58: 0 | AN58: 0 | AO58: 1
A59: 10226 | B59: 守护日光灵石7级 | C59: ITEMTYPE_SOUL | D59: ITEMSUBTYPE_SOUL_DEFAULT | E59: 1 | F59: 15 | G59: 0 | H59: 0 | I59: 99999 | J59: 2 | K59: 0 | L59: 2 | M59: 99 | O59: 0 | P59: 0 | R59: None | S59: 200 | T59: 0 | U59: 1 | V59: 1 | W59: 1 | Y59: Texture2D MMO_ItemIcon_Supplies.Item_15 | Z59: 最小防御+13 | AA59: <br><font color='#43FF98'> 体质 7%<br><br><font color='#F2F2F2'>封印强大灵魂能量的黄色灵石，可镶入装备的黄色插槽中提升装备属性<br><font color='#B2B2B2'> [按下<font color='#FFa500'>I<font color='#B2B2B2'>键打开灵魂镶嵌界面] | AB59: =LEFT(AA59,52)&Z59&RIGHT(AA59,157) -> <br><font color='#43FF98'> 最小防御+13<br><br><font color='#F2F2F2'>封印强大灵魂能量的黄色灵石，可镶入装备的黄色插槽中提升装备属性<br><font color='#B2B2B2'> [按下<font color='#FFa500'>I<font color='#B2B2B2'>键打开灵魂镶嵌界面] | AC59: 20 | AD59: StaticMesh Bottle.Dro_Bottle03 | AE59: 0 | AF59: 15 | AG59: 0 | AH59: 0 | AI59: 1 | AL59: 0 | AM59: 0 | AN59: 0 | AO59: 1
A60: 10227 | B60: 守护日光灵石8级 | C60: ITEMTYPE_SOUL | D60: ITEMSUBTYPE_SOUL_DEFAULT | E60: 1 | F60: 15 | G60: 0 | H60: 0 | I60: 99999 | J60: 3 | K60: 0 | L60: 2 | M60: 99 | O60: 0 | P60: 0 | R60: None | S60: 400 | T60: 0 | U60: 1 | V60: 1 | W60: 1 | Y60: Texture2D MMO_ItemIcon_Supplies.Item_15 | Z60: 最小防御+17 | AA60: <br><font color='#43FF98'> 体质 8%<br><br><font color='#F2F2F2'>封印强大灵魂能量的黄色灵石，可镶入装备的黄色插槽中提升装备属性<br><font color='#B2B2B2'> [按下<font color='#FFa500'>I<font color='#B2B2B2'>键打开灵魂镶嵌界面] | AB60: =LEFT(AA60,52)&Z60&RIGHT(AA60,157) -> <br><font color='#43FF98'> 最小防御+17<br><br><font color='#F2F2F2'>封印强大灵魂能量的黄色灵石，可镶入装备的黄色插槽中提升装备属性<br><font color='#B2B2B2'> [按下<font color='#FFa500'>I<font color='#B2B2B2'>键打开灵魂镶嵌界面] | AC60: 20 | AD60: StaticMesh Bottle.Dro_Bottle03 | AE60: 0 | AF60: 15 | AG60: 0 | AH60: 0 | AI60: 1 | AL60: 0 | AM60: 0 | AN60: 0 | AO60: 1
A61: 10228 | B61: 守护日光灵石9级 | C61: ITEMTYPE_SOUL | D61: ITEMSUBTYPE_SOUL_DEFAULT | E61: 1 | F61: 15 | G61: 0 | H61: 0 | I61: 99999 | J61: 3 | K61: 0 | L61: 2 | M61: 99 | O61: 0 | P61: 0 | R61: None | S61: 800 | T61: 0 | U61: 1 | V61: 1 | W61: 1 | Y61: Texture2D MMO_ItemIcon_Supplies.Item_15 | Z61: 最小防御+22 | AA61: <br><font color='#43FF98'> 体质 9%<br><br><font color='#F2F2F2'>封印强大灵魂能量的黄色灵石，可镶入装备的黄色插槽中提升装备属性<br><font color='#B2B2B2'> [按下<font color='#FFa500'>I<font color='#B2B2B2'>键打开灵魂镶嵌界面] | AB61: =LEFT(AA61,52)&Z61&RIGHT(AA61,157) -> <br><font color='#43FF98'> 最小防御+22<br><br><font color='#F2F2F2'>封印强大灵魂能量的黄色灵石，可镶入装备的黄色插槽中提升装备属性<br><font color='#B2B2B2'> [按下<font color='#FFa500'>I<font color='#B2B2B2'>键打开灵魂镶嵌界面] | AC61: 20 | AD61: StaticMesh Bottle.Dro_Bottle03 | AE61: 0 | AF61: 15 | AG61: 0 | AH61: 0 | AI61: 1 | AL61: 0 | AM61: 0 | AN61: 0 | AO61: 1
A62: 10229 | B62: 守护日光灵石10级 | C62: ITEMTYPE_SOUL | D62: ITEMSUBTYPE_SOUL_DEFAULT | E62: 1 | F62: 15 | G62: 0 | H62: 0 | I62: 99999 | J62: 3 | K62: 0 | L62: 2 | M62: 99 | O62: 0 | P62: 0 | R62: None | S62: 1600 | T62: 0 | U62: 1 | V62: 1 | W62: 1 | Y62: Texture2D MMO_ItemIcon_Supplies.Item_15 | Z62: 最小防御+28 | AA62: <br><font color='#43FF98'> 体质 10%<br><br><font color='#F2F2F2'>封印强大灵魂能量的黄色灵石，可镶入装备的黄色插槽中提升装备属性<br><font color='#B2B2B2'> [按下<font color='#FFa500'>I<font color='#B2B2B2'>键打开灵魂镶嵌界面] | AB62: =LEFT(AA62,52)&Z62&RIGHT(AA62,157) -> <br><font color='#43FF98'> 最小防御+28<br><br><font color='#F2F2F2'>封印强大灵魂能量的黄色灵石，可镶入装备的黄色插槽中提升装备属性<br><font color='#B2B2B2'> [按下<font color='#FFa500'>I<font color='#B2B2B2'>键打开灵魂镶嵌界面] | AC62: 20 | AD62: StaticMesh Bottle.Dro_Bottle03 | AE62: 0 | AF62: 15 | AG62: 0 | AH62: 0 | AI62: 1 | AL62: 0 | AM62: 0 | AN62: 0 | AO62: 1
A63: 10300 | B63: 稳固蔚蓝灵石1级 | C63: ITEMTYPE_SOUL | D63: ITEMSUBTYPE_SOUL_DEFAULT | E63: 1 | F63: 15 | G63: 0 | H63: 0 | I63: 99999 | J63: 0 | K63: 0 | L63: 2 | M63: 99 | O63: 0 | P63: 0 | R63: None | S63: 100 | T63: 0 | U63: 1 | V63: 1 | W63: 1 | Y63: Texture2D MMO_ItemIcon_Supplies.Item_06 | Z63: 最大魔法+1 | AA63: <br><font color='#43FF98'> 体质 6<br><br><font color='#F2F2F2'>封印强大灵魂能量的蓝色灵石，可镶入装备的蓝色插槽中提升装备属性<br><font color='#B2B2B2'> [按下<font color='#FFa500'>I<font color='#B2B2B2'>键打开灵魂镶嵌界面] | AB63: =LEFT(AA63,52)&Z63&RIGHT(AA63,157) -> <br><font color='#43FF98'> 最大魔法+1<br><br><font color='#F2F2F2'>封印强大灵魂能量的蓝色灵石，可镶入装备的蓝色插槽中提升装备属性<br><font color='#B2B2B2'> [按下<font color='#FFa500'>I<font color='#B2B2B2'>键打开灵魂镶嵌界面] | AC63: 20 | AD63: StaticMesh Bottle.Dro_Bottle03 | AE63: 0 | AF63: 15 | AG63: 0 | AH63: 0 | AI63: 1 | AL63: 0 | AM63: 0 | AN63: 0
A64: 10301 | B64: 稳固蔚蓝灵石2级 | C64: ITEMTYPE_SOUL | D64: ITEMSUBTYPE_SOUL_DEFAULT | E64: 1 | F64: 15 | G64: 0 | H64: 0 | I64: 99999 | J64: 1 | K64: 0 | L64: 2 | M64: 99 | O64: 0 | P64: 0 | R64: None | S64: 200 | T64: 0 | U64: 1 | V64: 1 | W64: 1 | Y64: Texture2D MMO_ItemIcon_Supplies.Item_07 | Z64: 最大魔法+2 | AA64: <br><font color='#43FF98'> 体质 12<br><br><font color='#F2F2F2'>封印强大灵魂能量的蓝色灵石，可镶入装备的蓝色插槽中提升装备属性<br><font color='#B2B2B2'> [按下<font color='#FFa500'>I<font color='#B2B2B2'>键打开灵魂镶嵌界面] | AB64: =LEFT(AA64,52)&Z64&RIGHT(AA64,157) -> <br><font color='#43FF98'> 最大魔法+2<br><br><font color='#F2F2F2'>封印强大灵魂能量的蓝色灵石，可镶入装备的蓝色插槽中提升装备属性<br><font color='#B2B2B2'> [按下<font color='#FFa500'>I<font color='#B2B2B2'>键打开灵魂镶嵌界面] | AC64: 20 | AD64: StaticMesh Bottle.Dro_Bottle03 | AE64: 0 | AF64: 15 | AG64: 0 | AH64: 0 | AI64: 1 | AL64: 0 | AM64: 0 | AN64: 0
A65: 10302 | B65: 稳固蔚蓝灵石3级 | C65: ITEMTYPE_SOUL | D65: ITEMSUBTYPE_SOUL_DEFAULT | E65: 1 | F65: 15 | G65: 0 | H65: 0 | I65: 99999 | J65: 1 | K65: 0 | L65: 2 | M65: 99 | O65: 0 | P65: 0 | R65: None | S65: 400 | T65: 0 | U65: 1 | V65: 1 | W65: 1 | Y65: Texture2D MMO_ItemIcon_Supplies.Item_08 | Z65: 最大魔法+3 | AA65: <br><font color='#43FF98'> 体质 19<br><br><font color='#F2F2F2'>封印强大灵魂能量的蓝色灵石，可镶入装备的蓝色插槽中提升装备属性<br><font color='#B2B2B2'> [按下<font color='#FFa500'>I<font color='#B2B2B2'>键打开灵魂镶嵌界面] | AB65: =LEFT(AA65,52)&Z65&RIGHT(AA65,157) -> <br><font color='#43FF98'> 最大魔法+3<br><br><font color='#F2F2F2'>封印强大灵魂能量的蓝色灵石，可镶入装备的蓝色插槽中提升装备属性<br><font color='#B2B2B2'> [按下<font color='#FFa500'>I<font color='#B2B2B2'>键打开灵魂镶嵌界面] | AC65: 20 | AD65: StaticMesh Bottle.Dro_Bottle03 | AE65: 0 | AF65: 15 | AG65: 0 | AH65: 0 | AI65: 1 | AL65: 0 | AM65: 0 | AN65: 0
A66: 10303 | B66: 稳固蔚蓝灵石4级 | C66: ITEMTYPE_SOUL | D66: ITEMSUBTYPE_SOUL_DEFAULT | E66: 1 | F66: 15 | G66: 0 | H66: 0 | I66: 99999 | J66: 1 | K66: 0 | L66: 2 | M66: 99 | O66: 0 | P66: 0 | R66: None | S66: 800 | T66: 0 | U66: 1 | V66: 1 | W66: 1 | Y66: Texture2D MMO_ItemIcon_Supplies.Item_09 | Z66: 最大魔法+5 | AA66: <br><font color='#43FF98'> 体质 28<br><br><font color='#F2F2F2'>封印强大灵魂能量的蓝色灵石，可镶入装备的蓝色插槽中提升装备属性<br><font color='#B2B2B2'> [按下<font color='#FFa500'>I<font color='#B2B2B2'>键打开灵魂镶嵌界面] | AB66: =LEFT(AA66,52)&Z66&RIGHT(AA66,157) -> <br><font color='#43FF98'> 最大魔法+5<br><br><font color='#F2F2F2'>封印强大灵魂能量的蓝色灵石，可镶入装备的蓝色插槽中提升装备属性<br><font color='#B2B2B2'> [按下<font color='#FFa500'>I<font color='#B2B2B2'>键打开灵魂镶嵌界面] | AC66: 20 | AD66: StaticMesh Bottle.Dro_Bottle03 | AE66: 0 | AF66: 15 | AG66: 0 | AH66: 0 | AI66: 1 | AL66: 0 | AM66: 0 | AN66: 0 | AO66: 1
A67: 10304 | B67: 稳固蔚蓝灵石5级 | C67: ITEMTYPE_SOUL | D67: ITEMSUBTYPE_SOUL_DEFAULT | E67: 1 | F67: 15 | G67: 0 | H67: 0 | I67: 99999 | J67: 2 | K67: 0 | L67: 2 | M67: 99 | O67: 0 | P67: 0 | R67: None | S67: 1600 | T67: 0 | U67: 1 | V67: 1 | W67: 1 | Y67: Texture2D MMO_ItemIcon_Supplies.Item_10 | Z67: 最大魔法+7 | AA67: <br><font color='#43FF98'> 体质 39<br><br><font color='#F2F2F2'>封印强大灵魂能量的蓝色灵石，可镶入装备的蓝色插槽中提升装备属性<br><font color='#B2B2B2'> [按下<font color='#FFa500'>I<font color='#B2B2B2'>键打开灵魂镶嵌界面] | AB67: =LEFT(AA67,52)&Z67&RIGHT(AA67,157) -> <br><font color='#43FF98'> 最大魔法+7<br><br><font color='#F2F2F2'>封印强大灵魂能量的蓝色灵石，可镶入装备的蓝色插槽中提升装备属性<br><font color='#B2B2B2'> [按下<font color='#FFa500'>I<font color='#B2B2B2'>键打开灵魂镶嵌界面] | AC67: 20 | AD67: StaticMesh Bottle.Dro_Bottle03 | AE67: 0 | AF67: 15 | AG67: 0 | AH67: 0 | AI67: 1 | AL67: 0 | AM67: 0 | AN67: 0 | AO67: 1
A68: 10305 | B68: 稳固蔚蓝灵石6级 | C68: ITEMTYPE_SOUL | D68: ITEMSUBTYPE_SOUL_DEFAULT | E68: 1 | F68: 15 | G68: 0 | H68: 0 | I68: 99999 | J68: 2 | K68: 0 | L68: 2 | M68: 99 | O68: 0 | P68: 0 | R68: None | S68: 100 | T68: 0 | U68: 1 | V68: 1 | W68: 1 | Y68: Texture2D MMO_ItemIcon_Supplies.Item_10 | Z68: 最大魔法+10 | AA68: <br><font color='#43FF98'> 体质 52<br><br><font color='#F2F2F2'>封印强大灵魂能量的蓝色灵石，可镶入装备的蓝色插槽中提升装备属性<br><font color='#B2B2B2'> [按下<font color='#FFa500'>I<font color='#B2B2B2'>键打开灵魂镶嵌界面] | AB68: =LEFT(AA68,52)&Z68&RIGHT(AA68,157) -> <br><font color='#43FF98'> 最大魔法+10<br><br><font color='#F2F2F2'>封印强大灵魂能量的蓝色灵石，可镶入装备的蓝色插槽中提升装备属性<br><font color='#B2B2B2'> [按下<font color='#FFa500'>I<font color='#B2B2B2'>键打开灵魂镶嵌界面] | AC68: 20 | AD68: StaticMesh Bottle.Dro_Bottle03 | AE68: 0 | AF68: 15 | AG68: 0 | AH68: 0 | AI68: 1 | AL68: 0 | AM68: 0 | AN68: 0 | AO68: 1
A69: 10306 | B69: 稳固蔚蓝灵石7级 | C69: ITEMTYPE_SOUL | D69: ITEMSUBTYPE_SOUL_DEFAULT | E69: 1 | F69: 15 | G69: 0 | H69: 0 | I69: 99999 | J69: 2 | K69: 0 | L69: 2 | M69: 99 | O69: 0 | P69: 0 | R69: None | S69: 200 | T69: 0 | U69: 1 | V69: 1 | W69: 1 | Y69: Texture2D MMO_ItemIcon_Supplies.Item_10 | Z69: 最大魔法+13 | AA69: <br><font color='#43FF98'> 体质 67<br><br><font color='#F2F2F2'>封印强大灵魂能量的蓝色灵石，可镶入装备的蓝色插槽中提升装备属性<br><font color='#B2B2B2'> [按下<font color='#FFa500'>I<font color='#B2B2B2'>键打开灵魂镶嵌界面] | AB69: =LEFT(AA69,52)&Z69&RIGHT(AA69,157) -> <br><font color='#43FF98'> 最大魔法+13<br><br><font color='#F2F2F2'>封印强大灵魂能量的蓝色灵石，可镶入装备的蓝色插槽中提升装备属性<br><font color='#B2B2B2'> [按下<font color='#FFa500'>I<font color='#B2B2B2'>键打开灵魂镶嵌界面] | AC69: 20 | AD69: StaticMesh Bottle.Dro_Bottle03 | AE69: 0 | AF69: 15 | AG69: 0 | AH69: 0 | AI69: 1 | AL69: 0 | AM69: 0 | AN69: 0 | AO69: 1
A70: 10307 | B70: 稳固蔚蓝灵石8级 | C70: ITEMTYPE_SOUL | D70: ITEMSUBTYPE_SOUL_DEFAULT | E70: 1 | F70: 15 | G70: 0 | H70: 0 | I70: 99999 | J70: 3 | K70: 0 | L70: 2 | M70: 99 | O70: 0 | P70: 0 | R70: None | S70: 400 | T70: 0 | U70: 1 | V70: 1 | W70: 1 | Y70: Texture2D MMO_ItemIcon_Supplies.Item_10 | Z70: 最大魔法+17 | AA70: <br><font color='#43FF98'> 体质 85<br><br><font color='#F2F2F2'>封印强大灵魂能量的蓝色灵石，可镶入装备的蓝色插槽中提升装备属性<br><font color='#B2B2B2'> [按下<font color='#FFa500'>I<font color='#B2B2B2'>键打开灵魂镶嵌界面] | AB70: =LEFT(AA70,52)&Z70&RIGHT(AA70,157) -> <br><font color='#43FF98'> 最大魔法+17<br><br><font color='#F2F2F2'>封印强大灵魂能量的蓝色灵石，可镶入装备的蓝色插槽中提升装备属性<br><font color='#B2B2B2'> [按下<font color='#FFa500'>I<font color='#B2B2B2'>键打开灵魂镶嵌界面] | AC70: 20 | AD70: StaticMesh Bottle.Dro_Bottle03 | AE70: 0 | AF70: 15 | AG70: 0 | AH70: 0 | AI70: 1 | AL70: 0 | AM70: 0 | AN70: 0 | AO70: 1
A71: 10308 | B71: 稳固蔚蓝灵石9级 | C71: ITEMTYPE_SOUL | D71: ITEMSUBTYPE_SOUL_DEFAULT | E71: 1 | F71: 15 | G71: 0 | H71: 0 | I71: 99999 | J71: 3 | K71: 0 | L71: 2 | M71: 99 | O71: 0 | P71: 0 | R71: None | S71: 800 | T71: 0 | U71: 1 | V71: 1 | W71: 1 | Y71: Texture2D MMO_ItemIcon_Supplies.Item_10 | Z71: 最大魔法+22 | AA71: <br><font color='#43FF98'> 体质 107<br><br><font color='#F2F2F2'>封印强大灵魂能量的蓝色灵石，可镶入装备的蓝色插槽中提升装备属性<br><font color='#B2B2B2'> [按下<font color='#FFa500'>I<font color='#B2B2B2'>键打开灵魂镶嵌界面] | AB71: =LEFT(AA71,52)&Z71&RIGHT(AA71,157) -> <br><font color='#43FF98'> 最大魔法+22<br><br><font color='#F2F2F2'>封印强大灵魂能量的蓝色灵石，可镶入装备的蓝色插槽中提升装备属性<br><font color='#B2B2B2'> [按下<font color='#FFa500'>I<font color='#B2B2B2'>键打开灵魂镶嵌界面] | AC71: 20 | AD71: StaticMesh Bottle.Dro_Bottle03 | AE71: 0 | AF71: 15 | AG71: 0 | AH71: 0 | AI71: 1 | AL71: 0 | AM71: 0 | AN71: 0 | AO71: 1
A72: 10309 | B72: 稳固蔚蓝灵石10级 | C72: ITEMTYPE_SOUL | D72: ITEMSUBTYPE_SOUL_DEFAULT | E72: 1 | F72: 15 | G72: 0 | H72: 0 | I72: 99999 | J72: 3 | K72: 0 | L72: 2 | M72: 99 | O72: 0 | P72: 0 | R72: None | S72: 1600 | T72: 0 | U72: 1 | V72: 1 | W72: 1 | Y72: Texture2D MMO_ItemIcon_Supplies.Item_10 | Z72: 最大魔法+28 | AA72: <br><font color='#43FF98'> 体质 133<br><br><font color='#F2F2F2'>封印强大灵魂能量的蓝色灵石，可镶入装备的蓝色插槽中提升装备属性<br><font color='#B2B2B2'> [按下<font color='#FFa500'>I<font color='#B2B2B2'>键打开灵魂镶嵌界面] | AB72: =LEFT(AA72,52)&Z72&RIGHT(AA72,157) -> <br><font color='#43FF98'> 最大魔法+28<br><br><font color='#F2F2F2'>封印强大灵魂能量的蓝色灵石，可镶入装备的蓝色插槽中提升装备属性<br><font color='#B2B2B2'> [按下<font color='#FFa500'>I<font color='#B2B2B2'>键打开灵魂镶嵌界面] | AC72: 20 | AD72: StaticMesh Bottle.Dro_Bottle03 | AE72: 0 | AF72: 15 | AG72: 0 | AH72: 0 | AI72: 1 | AL72: 0 | AM72: 0 | AN72: 0 | AO72: 1
A73: 10310 | B73: 准确蔚蓝灵石1级 | C73: ITEMTYPE_SOUL | D73: ITEMSUBTYPE_SOUL_DEFAULT | E73: 1 | F73: 15 | G73: 0 | H73: 0 | I73: 99999 | J73: 0 | K73: 0 | L73: 2 | M73: 99 | O73: 0 | P73: 0 | R73: None | S73: 100 | T73: 0 | U73: 1 | V73: 1 | W73: 1 | Y73: Texture2D MMO_ItemIcon_Supplies.Item_06 | Z73: 最大魔防+1 | AA73: <br><font color='#43FF98'> 精准 6<br><br><font color='#F2F2F2'>封印强大灵魂能量的蓝色灵石，可镶入装备的蓝色插槽中提升装备属性<br><font color='#B2B2B2'> [按下<font color='#FFa500'>I<font color='#B2B2B2'>键打开灵魂镶嵌界面] | AB73: =LEFT(AA73,52)&Z73&RIGHT(AA73,157) -> <br><font color='#43FF98'> 最大魔防+1<br><br><font color='#F2F2F2'>封印强大灵魂能量的蓝色灵石，可镶入装备的蓝色插槽中提升装备属性<br><font color='#B2B2B2'> [按下<font color='#FFa500'>I<font color='#B2B2B2'>键打开灵魂镶嵌界面] | AC73: 20 | AD73: StaticMesh Bottle.Dro_Bottle03 | AE73: 0 | AF73: 15 | AG73: 0 | AH73: 0 | AI73: 1 | AL73: 0 | AM73: 0 | AN73: 0
A74: 10311 | B74: 准确蔚蓝灵石2级 | C74: ITEMTYPE_SOUL | D74: ITEMSUBTYPE_SOUL_DEFAULT | E74: 1 | F74: 15 | G74: 0 | H74: 0 | I74: 99999 | J74: 1 | K74: 0 | L74: 2 | M74: 99 | O74: 0 | P74: 0 | R74: None | S74: 200 | T74: 0 | U74: 1 | V74: 1 | W74: 1 | Y74: Texture2D MMO_ItemIcon_Supplies.Item_07 | Z74: 最大魔防+2 | AA74: <br><font color='#43FF98'> 精准 12<br><br><font color='#F2F2F2'>封印强大灵魂能量的蓝色灵石，可镶入装备的蓝色插槽中提升装备属性<br><font color='#B2B2B2'> [按下<font color='#FFa500'>I<font color='#B2B2B2'>键打开灵魂镶嵌界面] | AB74: =LEFT(AA74,52)&Z74&RIGHT(AA74,157) -> <br><font color='#43FF98'> 最大魔防+2<br><br><font color='#F2F2F2'>封印强大灵魂能量的蓝色灵石，可镶入装备的蓝色插槽中提升装备属性<br><font color='#B2B2B2'> [按下<font color='#FFa500'>I<font color='#B2B2B2'>键打开灵魂镶嵌界面] | AC74: 20 | AD74: StaticMesh Bottle.Dro_Bottle03 | AE74: 0 | AF74: 15 | AG74: 0 | AH74: 0 | AI74: 1 | AL74: 0 | AM74: 0 | AN74: 0
A75: 10312 | B75: 准确蔚蓝灵石3级 | C75: ITEMTYPE_SOUL | D75: ITEMSUBTYPE_SOUL_DEFAULT | E75: 1 | F75: 15 | G75: 0 | H75: 0 | I75: 99999 | J75: 1 | K75: 0 | L75: 2 | M75: 99 | O75: 0 | P75: 0 | R75: None | S75: 400 | T75: 0 | U75: 1 | V75: 1 | W75: 1 | Y75: Texture2D MMO_ItemIcon_Supplies.Item_08 | Z75: 最大魔防+3 | AA75: <br><font color='#43FF98'> 精准 19<br><br><font color='#F2F2F2'>封印强大灵魂能量的蓝色灵石，可镶入装备的蓝色插槽中提升装备属性<br><font color='#B2B2B2'> [按下<font color='#FFa500'>I<font color='#B2B2B2'>键打开灵魂镶嵌界面] | AB75: =LEFT(AA75,52)&Z75&RIGHT(AA75,157) -> <br><font color='#43FF98'> 最大魔防+3<br><br><font color='#F2F2F2'>封印强大灵魂能量的蓝色灵石，可镶入装备的蓝色插槽中提升装备属性<br><font color='#B2B2B2'> [按下<font color='#FFa500'>I<font color='#B2B2B2'>键打开灵魂镶嵌界面] | AC75: 20 | AD75: StaticMesh Bottle.Dro_Bottle03 | AE75: 0 | AF75: 15 | AG75: 0 | AH75: 0 | AI75: 1 | AL75: 0 | AM75: 0 | AN75: 0
A76: 10313 | B76: 准确蔚蓝灵石4级 | C76: ITEMTYPE_SOUL | D76: ITEMSUBTYPE_SOUL_DEFAULT | E76: 1 | F76: 15 | G76: 0 | H76: 0 | I76: 99999 | J76: 1 | K76: 0 | L76: 2 | M76: 99 | O76: 0 | P76: 0 | R76: None | S76: 800 | T76: 0 | U76: 1 | V76: 1 | W76: 1 | Y76: Texture2D MMO_ItemIcon_Supplies.Item_09 | Z76: 最大魔防+5 | AA76: <br><font color='#43FF98'> 精准 28<br><br><font color='#F2F2F2'>封印强大灵魂能量的蓝色灵石，可镶入装备的蓝色插槽中提升装备属性<br><font color='#B2B2B2'> [按下<font color='#FFa500'>I<font color='#B2B2B2'>键打开灵魂镶嵌界面] | AB76: =LEFT(AA76,52)&Z76&RIGHT(AA76,157) -> <br><font color='#43FF98'> 最大魔防+5<br><br><font color='#F2F2F2'>封印强大灵魂能量的蓝色灵石，可镶入装备的蓝色插槽中提升装备属性<br><font color='#B2B2B2'> [按下<font color='#FFa500'>I<font color='#B2B2B2'>键打开灵魂镶嵌界面] | AC76: 20 | AD76: StaticMesh Bottle.Dro_Bottle03 | AE76: 0 | AF76: 15 | AG76: 0 | AH76: 0 | AI76: 1 | AL76: 0 | AM76: 0 | AN76: 0 | AO76: 1
A77: 10314 | B77: 准确蔚蓝灵石5级 | C77: ITEMTYPE_SOUL | D77: ITEMSUBTYPE_SOUL_DEFAULT | E77: 1 | F77: 15 | G77: 0 | H77: 0 | I77: 99999 | J77: 2 | K77: 0 | L77: 2 | M77: 99 | O77: 0 | P77: 0 | R77: None | S77: 1600 | T77: 0 | U77: 1 | V77: 1 | W77: 1 | Y77: Texture2D MMO_ItemIcon_Supplies.Item_10 | Z77: 最大魔防+7 | AA77: <br><font color='#43FF98'> 精准 39<br><br><font color='#F2F2F2'>封印强大灵魂能量的蓝色灵石，可镶入装备的蓝色插槽中提升装备属性<br><font color='#B2B2B2'> [按下<font color='#FFa500'>I<font color='#B2B2B2'>键打开灵魂镶嵌界面] | AB77: =LEFT(AA77,52)&Z77&RIGHT(AA77,157) -> <br><font color='#43FF98'> 最大魔防+7<br><br><font color='#F2F2F2'>封印强大灵魂能量的蓝色灵石，可镶入装备的蓝色插槽中提升装备属性<br><font color='#B2B2B2'> [按下<font color='#FFa500'>I<font color='#B2B2B2'>键打开灵魂镶嵌界面] | AC77: 20 | AD77: StaticMesh Bottle.Dro_Bottle03 | AE77: 0 | AF77: 15 | AG77: 0 | AH77: 0 | AI77: 1 | AL77: 0 | AM77: 0 | AN77: 0 | AO77: 1
A78: 10315 | B78: 准确蔚蓝灵石6级 | C78: ITEMTYPE_SOUL | D78: ITEMSUBTYPE_SOUL_DEFAULT | E78: 1 | F78: 15 | G78: 0 | H78: 0 | I78: 99999 | J78: 2 | K78: 0 | L78: 2 | M78: 99 | O78: 0 | P78: 0 | R78: None | S78: 100 | T78: 0 | U78: 1 | V78: 1 | W78: 1 | Y78: Texture2D MMO_ItemIcon_Supplies.Item_10 | Z78: 最大魔防+10 | AA78: <br><font color='#43FF98'> 精准 52<br><br><font color='#F2F2F2'>封印强大灵魂能量的蓝色灵石，可镶入装备的蓝色插槽中提升装备属性<br><font color='#B2B2B2'> [按下<font color='#FFa500'>I<font color='#B2B2B2'>键打开灵魂镶嵌界面] | AB78: =LEFT(AA78,52)&Z78&RIGHT(AA78,157) -> <br><font color='#43FF98'> 最大魔防+10<br><br><font color='#F2F2F2'>封印强大灵魂能量的蓝色灵石，可镶入装备的蓝色插槽中提升装备属性<br><font color='#B2B2B2'> [按下<font color='#FFa500'>I<font color='#B2B2B2'>键打开灵魂镶嵌界面] | AC78: 20 | AD78: StaticMesh Bottle.Dro_Bottle03 | AE78: 0 | AF78: 15 | AG78: 0 | AH78: 0 | AI78: 1 | AL78: 0 | AM78: 0 | AN78: 0 | AO78: 1
A79: 10316 | B79: 准确蔚蓝灵石7级 | C79: ITEMTYPE_SOUL | D79: ITEMSUBTYPE_SOUL_DEFAULT | E79: 1 | F79: 15 | G79: 0 | H79: 0 | I79: 99999 | J79: 2 | K79: 0 | L79: 2 | M79: 99 | O79: 0 | P79: 0 | R79: None | S79: 200 | T79: 0 | U79: 1 | V79: 1 | W79: 1 | Y79: Texture2D MMO_ItemIcon_Supplies.Item_10 | Z79: 最大魔防+13 | AA79: <br><font color='#43FF98'> 精准 67<br><br><font color='#F2F2F2'>封印强大灵魂能量的蓝色灵石，可镶入装备的蓝色插槽中提升装备属性<br><font color='#B2B2B2'> [按下<font color='#FFa500'>I<font color='#B2B2B2'>键打开灵魂镶嵌界面] | AB79: =LEFT(AA79,52)&Z79&RIGHT(AA79,157) -> <br><font color='#43FF98'> 最大魔防+13<br><br><font color='#F2F2F2'>封印强大灵魂能量的蓝色灵石，可镶入装备的蓝色插槽中提升装备属性<br><font color='#B2B2B2'> [按下<font color='#FFa500'>I<font color='#B2B2B2'>键打开灵魂镶嵌界面] | AC79: 20 | AD79: StaticMesh Bottle.Dro_Bottle03 | AE79: 0 | AF79: 15 | AG79: 0 | AH79: 0 | AI79: 1 | AL79: 0 | AM79: 0 | AN79: 0 | AO79: 1
A80: 10317 | B80: 准确蔚蓝灵石8级 | C80: ITEMTYPE_SOUL | D80: ITEMSUBTYPE_SOUL_DEFAULT | E80: 1 | F80: 15 | G80: 0 | H80: 0 | I80: 99999 | J80: 3 | K80: 0 | L80: 2 | M80: 99 | O80: 0 | P80: 0 | R80: None | S80: 400 | T80: 0 | U80: 1 | V80: 1 | W80: 1 | Y80: Texture2D MMO_ItemIcon_Supplies.Item_10 | Z80: 最大魔防+17 | AA80: <br><font color='#43FF98'> 精准 85<br><br><font color='#F2F2F2'>封印强大灵魂能量的蓝色灵石，可镶入装备的蓝色插槽中提升装备属性<br><font color='#B2B2B2'> [按下<font color='#FFa500'>I<font color='#B2B2B2'>键打开灵魂镶嵌界面] | AB80: =LEFT(AA80,52)&Z80&RIGHT(AA80,157) -> <br><font color='#43FF98'> 最大魔防+17<br><br><font color='#F2F2F2'>封印强大灵魂能量的蓝色灵石，可镶入装备的蓝色插槽中提升装备属性<br><font color='#B2B2B2'> [按下<font color='#FFa500'>I<font color='#B2B2B2'>键打开灵魂镶嵌界面] | AC80: 20 | AD80: StaticMesh Bottle.Dro_Bottle03 | AE80: 0 | AF80: 15 | AG80: 0 | AH80: 0 | AI80: 1 | AL80: 0 | AM80: 0 | AN80: 0 | AO80: 1
A81: 10318 | B81: 准确蔚蓝灵石9级 | C81: ITEMTYPE_SOUL | D81: ITEMSUBTYPE_SOUL_DEFAULT | E81: 1 | F81: 15 | G81: 0 | H81: 0 | I81: 99999 | J81: 3 | K81: 0 | L81: 2 | M81: 99 | O81: 0 | P81: 0 | R81: None | S81: 800 | T81: 0 | U81: 1 | V81: 1 | W81: 1 | Y81: Texture2D MMO_ItemIcon_Supplies.Item_10 | Z81: 最大魔防+22 | AA81: <br><font color='#43FF98'> 精准 107<br><br><font color='#F2F2F2'>封印强大灵魂能量的蓝色灵石，可镶入装备的蓝色插槽中提升装备属性<br><font color='#B2B2B2'> [按下<font color='#FFa500'>I<font color='#B2B2B2'>键打开灵魂镶嵌界面] | AB81: =LEFT(AA81,52)&Z81&RIGHT(AA81,157) -> <br><font color='#43FF98'> 最大魔防+22<br><br><font color='#F2F2F2'>封印强大灵魂能量的蓝色灵石，可镶入装备的蓝色插槽中提升装备属性<br><font color='#B2B2B2'> [按下<font color='#FFa500'>I<font color='#B2B2B2'>键打开灵魂镶嵌界面] | AC81: 20 | AD81: StaticMesh Bottle.Dro_Bottle03 | AE81: 0 | AF81: 15 | AG81: 0 | AH81: 0 | AI81: 1 | AL81: 0 | AM81: 0 | AN81: 0 | AO81: 1
A82: 10319 | B82: 准确蔚蓝灵石10级 | C82: ITEMTYPE_SOUL | D82: ITEMSUBTYPE_SOUL_DEFAULT | E82: 1 | F82: 15 | G82: 0 | H82: 0 | I82: 99999 | J82: 3 | K82: 0 | L82: 2 | M82: 99 | O82: 0 | P82: 0 | R82: None | S82: 1600 | T82: 0 | U82: 1 | V82: 1 | W82: 1 | Y82: Texture2D MMO_ItemIcon_Supplies.Item_10 | Z82: 最大魔防+28 | AA82: <br><font color='#43FF98'> 精准 133<br><br><font color='#F2F2F2'>封印强大灵魂能量的蓝色灵石，可镶入装备的蓝色插槽中提升装备属性<br><font color='#B2B2B2'> [按下<font color='#FFa500'>I<font color='#B2B2B2'>键打开灵魂镶嵌界面] | AB82: =LEFT(AA82,52)&Z82&RIGHT(AA82,157) -> <br><font color='#43FF98'> 最大魔防+28<br><br><font color='#F2F2F2'>封印强大灵魂能量的蓝色灵石，可镶入装备的蓝色插槽中提升装备属性<br><font color='#B2B2B2'> [按下<font color='#FFa500'>I<font color='#B2B2B2'>键打开灵魂镶嵌界面] | AC82: 20 | AD82: StaticMesh Bottle.Dro_Bottle03 | AE82: 0 | AF82: 15 | AG82: 0 | AH82: 0 | AI82: 1 | AL82: 0 | AM82: 0 | AN82: 0 | AO82: 1
A83: 10320 | B83: 纯洁蔚蓝灵石1级 | C83: ITEMTYPE_SOUL | D83: ITEMSUBTYPE_SOUL_DEFAULT | E83: 1 | F83: 15 | G83: 0 | H83: 0 | I83: 99999 | J83: 0 | K83: 0 | L83: 2 | M83: 99 | O83: 0 | P83: 0 | R83: None | S83: 100 | T83: 0 | U83: 1 | V83: 1 | W83: 1 | Y83: Texture2D MMO_ItemIcon_Supplies.Item_06 | Z83: #N/A | AA83: <br><font color='#43FF98'> 精神 1%<br><br><font color='#F2F2F2'>封印强大灵魂能量的蓝色灵石，可镶入装备的蓝色插槽中提升装备属性<br><font color='#B2B2B2'> [按下<font color='#FFa500'>I<font color='#B2B2B2'>键打开灵魂镶嵌界面] | AB83: =LEFT(AA83,52)&Z83&RIGHT(AA83,157) -> #N/A | AC83: 20 | AD83: StaticMesh Bottle.Dro_Bottle03 | AE83: 0 | AF83: 15 | AG83: 0 | AH83: 0 | AI83: 1 | AL83: 0 | AM83: 0 | AN83: 0
A84: 10321 | B84: 纯洁蔚蓝灵石2级 | C84: ITEMTYPE_SOUL | D84: ITEMSUBTYPE_SOUL_DEFAULT | E84: 1 | F84: 15 | G84: 0 | H84: 0 | I84: 99999 | J84: 1 | K84: 0 | L84: 2 | M84: 99 | O84: 0 | P84: 0 | R84: None | S84: 200 | T84: 0 | U84: 1 | V84: 1 | W84: 1 | Y84: Texture2D MMO_ItemIcon_Supplies.Item_07 | Z84: #N/A | AA84: <br><font color='#43FF98'> 精神 2%<br><br><font color='#F2F2F2'>封印强大灵魂能量的蓝色灵石，可镶入装备的蓝色插槽中提升装备属性<br><font color='#B2B2B2'> [按下<font color='#FFa500'>I<font color='#B2B2B2'>键打开灵魂镶嵌界面] | AB84: =LEFT(AA84,52)&Z84&RIGHT(AA84,157) -> #N/A | AC84: 20 | AD84: StaticMesh Bottle.Dro_Bottle03 | AE84: 0 | AF84: 15 | AG84: 0 | AH84: 0 | AI84: 1 | AL84: 0 | AM84: 0 | AN84: 0
A85: 10322 | B85: 纯洁蔚蓝灵石3级 | C85: ITEMTYPE_SOUL | D85: ITEMSUBTYPE_SOUL_DEFAULT | E85: 1 | F85: 15 | G85: 0 | H85: 0 | I85: 99999 | J85: 1 | K85: 0 | L85: 2 | M85: 99 | O85: 0 | P85: 0 | R85: None | S85: 400 | T85: 0 | U85: 1 | V85: 1 | W85: 1 | Y85: Texture2D MMO_ItemIcon_Supplies.Item_08 | Z85: #N/A | AA85: <br><font color='#43FF98'> 精神 3%<br><br><font color='#F2F2F2'>封印强大灵魂能量的蓝色灵石，可镶入装备的蓝色插槽中提升装备属性<br><font color='#B2B2B2'> [按下<font color='#FFa500'>I<font color='#B2B2B2'>键打开灵魂镶嵌界面] | AB85: =LEFT(AA85,52)&Z85&RIGHT(AA85,157) -> #N/A | AC85: 20 | AD85: StaticMesh Bottle.Dro_Bottle03 | AE85: 0 | AF85: 15 | AG85: 0 | AH85: 0 | AI85: 1 | AL85: 0 | AM85: 0 | AN85: 0
A86: 10323 | B86: 纯洁蔚蓝灵石4级 | C86: ITEMTYPE_SOUL | D86: ITEMSUBTYPE_SOUL_DEFAULT | E86: 1 | F86: 15 | G86: 0 | H86: 0 | I86: 99999 | J86: 1 | K86: 0 | L86: 2 | M86: 99 | O86: 0 | P86: 0 | R86: None | S86: 800 | T86: 0 | U86: 1 | V86: 1 | W86: 1 | Y86: Texture2D MMO_ItemIcon_Supplies.Item_09 | Z86: #N/A | AA86: <br><font color='#43FF98'> 精神 4%<br><br><font color='#F2F2F2'>封印强大灵魂能量的蓝色灵石，可镶入装备的蓝色插槽中提升装备属性<br><font color='#B2B2B2'> [按下<font color='#FFa500'>I<font color='#B2B2B2'>键打开灵魂镶嵌界面] | AB86: =LEFT(AA86,52)&Z86&RIGHT(AA86,157) -> #N/A | AC86: 20 | AD86: StaticMesh Bottle.Dro_Bottle03 | AE86: 0 | AF86: 15 | AG86: 0 | AH86: 0 | AI86: 1 | AL86: 0 | AM86: 0 | AN86: 0 | AO86: 1
A87: 10324 | B87: 纯洁蔚蓝灵石5级 | C87: ITEMTYPE_SOUL | D87: ITEMSUBTYPE_SOUL_DEFAULT | E87: 1 | F87: 15 | G87: 0 | H87: 0 | I87: 99999 | J87: 2 | K87: 0 | L87: 2 | M87: 99 | O87: 0 | P87: 0 | R87: None | S87: 1600 | T87: 0 | U87: 1 | V87: 1 | W87: 1 | Y87: Texture2D MMO_ItemIcon_Supplies.Item_10 | Z87: #N/A | AA87: <br><font color='#43FF98'> 精神 5%<br><br><font color='#F2F2F2'>封印强大灵魂能量的蓝色灵石，可镶入装备的蓝色插槽中提升装备属性<br><font color='#B2B2B2'> [按下<font color='#FFa500'>I<font color='#B2B2B2'>键打开灵魂镶嵌界面] | AB87: =LEFT(AA87,52)&Z87&RIGHT(AA87,157) -> #N/A | AC87: 20 | AD87: StaticMesh Bottle.Dro_Bottle03 | AE87: 0 | AF87: 15 | AG87: 0 | AH87: 0 | AI87: 1 | AL87: 0 | AM87: 0 | AN87: 0 | AO87: 1
A88: 10325 | B88: 纯洁蔚蓝灵石6级 | C88: ITEMTYPE_SOUL | D88: ITEMSUBTYPE_SOUL_DEFAULT | E88: 1 | F88: 15 | G88: 0 | H88: 0 | I88: 99999 | J88: 2 | K88: 0 | L88: 2 | M88: 99 | O88: 0 | P88: 0 | R88: None | S88: 100 | T88: 0 | U88: 1 | V88: 1 | W88: 1 | Y88: Texture2D MMO_ItemIcon_Supplies.Item_10 | Z88: #N/A | AA88: <br><font color='#43FF98'> 精神 6%<br><br><font color='#F2F2F2'>封印强大灵魂能量的蓝色灵石，可镶入装备的蓝色插槽中提升装备属性<br><font color='#B2B2B2'> [按下<font color='#FFa500'>I<font color='#B2B2B2'>键打开灵魂镶嵌界面] | AB88: =LEFT(AA88,52)&Z88&RIGHT(AA88,157) -> #N/A | AC88: 20 | AD88: StaticMesh Bottle.Dro_Bottle03 | AE88: 0 | AF88: 15 | AG88: 0 | AH88: 0 | AI88: 1 | AL88: 0 | AM88: 0 | AN88: 0 | AO88: 1
A89: 10326 | B89: 纯洁蔚蓝灵石7级 | C89: ITEMTYPE_SOUL | D89: ITEMSUBTYPE_SOUL_DEFAULT | E89: 1 | F89: 15 | G89: 0 | H89: 0 | I89: 99999 | J89: 2 | K89: 0 | L89: 2 | M89: 99 | O89: 0 | P89: 0 | R89: None | S89: 200 | T89: 0 | U89: 1 | V89: 1 | W89: 1 | Y89: Texture2D MMO_ItemIcon_Supplies.Item_10 | Z89: #N/A | AA89: <br><font color='#43FF98'> 精神 7%<br><br><font color='#F2F2F2'>封印强大灵魂能量的蓝色灵石，可镶入装备的蓝色插槽中提升装备属性<br><font color='#B2B2B2'> [按下<font color='#FFa500'>I<font color='#B2B2B2'>键打开灵魂镶嵌界面] | AB89: =LEFT(AA89,52)&Z89&RIGHT(AA89,157) -> #N/A | AC89: 20 | AD89: StaticMesh Bottle.Dro_Bottle03 | AE89: 0 | AF89: 15 | AG89: 0 | AH89: 0 | AI89: 1 | AL89: 0 | AM89: 0 | AN89: 0 | AO89: 1
A90: 10327 | B90: 纯洁蔚蓝灵石8级 | C90: ITEMTYPE_SOUL | D90: ITEMSUBTYPE_SOUL_DEFAULT | E90: 1 | F90: 15 | G90: 0 | H90: 0 | I90: 99999 | J90: 3 | K90: 0 | L90: 2 | M90: 99 | O90: 0 | P90: 0 | R90: None | S90: 400 | T90: 0 | U90: 1 | V90: 1 | W90: 1 | Y90: Texture2D MMO_ItemIcon_Supplies.Item_10 | Z90: #N/A | AA90: <br><font color='#43FF98'> 精神 8%<br><br><font color='#F2F2F2'>封印强大灵魂能量的蓝色灵石，可镶入装备的蓝色插槽中提升装备属性<br><font color='#B2B2B2'> [按下<font color='#FFa500'>I<font color='#B2B2B2'>键打开灵魂镶嵌界面] | AB90: =LEFT(AA90,52)&Z90&RIGHT(AA90,157) -> #N/A | AC90: 20 | AD90: StaticMesh Bottle.Dro_Bottle03 | AE90: 0 | AF90: 15 | AG90: 0 | AH90: 0 | AI90: 1 | AL90: 0 | AM90: 0 | AN90: 0 | AO90: 1
A91: 10328 | B91: 纯洁蔚蓝灵石9级 | C91: ITEMTYPE_SOUL | D91: ITEMSUBTYPE_SOUL_DEFAULT | E91: 1 | F91: 15 | G91: 0 | H91: 0 | I91: 99999 | J91: 3 | K91: 0 | L91: 2 | M91: 99 | O91: 0 | P91: 0 | R91: None | S91: 800 | T91: 0 | U91: 1 | V91: 1 | W91: 1 | Y91: Texture2D MMO_ItemIcon_Supplies.Item_10 | Z91: #N/A | AA91: <br><font color='#43FF98'> 精神 9%<br><br><font color='#F2F2F2'>封印强大灵魂能量的蓝色灵石，可镶入装备的蓝色插槽中提升装备属性<br><font color='#B2B2B2'> [按下<font color='#FFa500'>I<font color='#B2B2B2'>键打开灵魂镶嵌界面] | AB91: =LEFT(AA91,52)&Z91&RIGHT(AA91,157) -> #N/A | AC91: 20 | AD91: StaticMesh Bottle.Dro_Bottle03 | AE91: 0 | AF91: 15 | AG91: 0 | AH91: 0 | AI91: 1 | AL91: 0 | AM91: 0 | AN91: 0 | AO91: 1
A92: 10329 | B92: 纯洁蔚蓝灵石10级 | C92: ITEMTYPE_SOUL | D92: ITEMSUBTYPE_SOUL_DEFAULT | E92: 1 | F92: 15 | G92: 0 | H92: 0 | I92: 99999 | J92: 3 | K92: 0 | L92: 2 | M92: 99 | O92: 0 | P92: 0 | R92: None | S92: 1600 | T92: 0 | U92: 1 | V92: 1 | W92: 1 | Y92: Texture2D MMO_ItemIcon_Supplies.Item_10 | Z92: #N/A | AA92: <br><font color='#43FF98'> 精神 10%<br><br><font color='#F2F2F2'>封印强大灵魂能量的蓝色灵石，可镶入装备的蓝色插槽中提升装备属性<br><font color='#B2B2B2'> [按下<font color='#FFa500'>I<font color='#B2B2B2'>键打开灵魂镶嵌界面] | AB92: =LEFT(AA92,52)&Z92&RIGHT(AA92,157) -> #N/A | AC92: 20 | AD92: StaticMesh Bottle.Dro_Bottle03 | AE92: 0 | AF92: 15 | AG92: 0 | AH92: 0 | AI92: 1 | AL92: 0 | AM92: 0 | AN92: 0 | AO92: 1
A93: 10400 | B93: 明净碧绿灵石1级 | C93: ITEMTYPE_SOUL | D93: ITEMSUBTYPE_SOUL_DEFAULT | E93: 1 | F93: 15 | G93: 0 | H93: 0 | I93: 99999 | J93: 0 | K93: 0 | L93: 2 | M93: 99 | O93: 0 | P93: 0 | R93: None | S93: 100 | T93: 0 | U93: 1 | V93: 1 | W93: 1 | Y93: Texture2D MMO_ItemIcon_Supplies.Item_06 | Z93: 最小道术+1 | AA93: <br><font color='#43FF98'> 精神 6<br><br><font color='#F2F2F2'>封印强大灵魂能量的绿色灵石，可镶入装备的绿色插槽中提升装备属性<br><font color='#B2B2B2'> [按下<font color='#FFa500'>I<font color='#B2B2B2'>键打开灵魂镶嵌界面] | AB93: =LEFT(AA93,52)&Z93&RIGHT(AA93,157) -> <br><font color='#43FF98'> 最小道术+1<br><br><font color='#F2F2F2'>封印强大灵魂能量的绿色灵石，可镶入装备的绿色插槽中提升装备属性<br><font color='#B2B2B2'> [按下<font color='#FFa500'>I<font color='#B2B2B2'>键打开灵魂镶嵌界面] | AC93: 20 | AD93: StaticMesh Bottle.Dro_Bottle03 | AE93: 0 | AF93: 15 | AG93: 0 | AH93: 0 | AI93: 1 | AL93: 0 | AM93: 0 | AN93: 0
A94: 10401 | B94: 明净碧绿灵石2级 | C94: ITEMTYPE_SOUL | D94: ITEMSUBTYPE_SOUL_DEFAULT | E94: 1 | F94: 15 | G94: 0 | H94: 0 | I94: 99999 | J94: 1 | K94: 0 | L94: 2 | M94: 99 | O94: 0 | P94: 0 | R94: None | S94: 200 | T94: 0 | U94: 1 | V94: 1 | W94: 1 | Y94: Texture2D MMO_ItemIcon_Supplies.Item_07 | Z94: 最小道术+2 | AA94: <br><font color='#43FF98'> 精神 12<br><br><font color='#F2F2F2'>封印强大灵魂能量的绿色灵石，可镶入装备的绿色插槽中提升装备属性<br><font color='#B2B2B2'> [按下<font color='#FFa500'>I<font color='#B2B2B2'>键打开灵魂镶嵌界面] | AB94: =LEFT(AA94,52)&Z94&RIGHT(AA94,157) -> <br><font color='#43FF98'> 最小道术+2<br><br><font color='#F2F2F2'>封印强大灵魂能量的绿色灵石，可镶入装备的绿色插槽中提升装备属性<br><font color='#B2B2B2'> [按下<font color='#FFa500'>I<font color='#B2B2B2'>键打开灵魂镶嵌界面] | AC94: 20 | AD94: StaticMesh Bottle.Dro_Bottle03 | AE94: 0 | AF94: 15 | AG94: 0 | AH94: 0 | AI94: 1 | AL94: 0 | AM94: 0 | AN94: 0
A95: 10402 | B95: 明净碧绿灵石3级 | C95: ITEMTYPE_SOUL | D95: ITEMSUBTYPE_SOUL_DEFAULT | E95: 1 | F95: 15 | G95: 0 | H95: 0 | I95: 99999 | J95: 1 | K95: 0 | L95: 2 | M95: 99 | O95: 0 | P95: 0 | R95: None | S95: 400 | T95: 0 | U95: 1 | V95: 1 | W95: 1 | Y95: Texture2D MMO_ItemIcon_Supplies.Item_08 | Z95: 最小道术+3 | AA95: <br><font color='#43FF98'> 精神 19<br><br><font color='#F2F2F2'>封印强大灵魂能量的绿色灵石，可镶入装备的绿色插槽中提升装备属性<br><font color='#B2B2B2'> [按下<font color='#FFa500'>I<font color='#B2B2B2'>键打开灵魂镶嵌界面] | AB95: =LEFT(AA95,52)&Z95&RIGHT(AA95,157) -> <br><font color='#43FF98'> 最小道术+3<br><br><font color='#F2F2F2'>封印强大灵魂能量的绿色灵石，可镶入装备的绿色插槽中提升装备属性<br><font color='#B2B2B2'> [按下<font color='#FFa500'>I<font color='#B2B2B2'>键打开灵魂镶嵌界面] | AC95: 20 | AD95: StaticMesh Bottle.Dro_Bottle03 | AE95: 0 | AF95: 15 | AG95: 0 | AH95: 0 | AI95: 1 | AL95: 0 | AM95: 0 | AN95: 0
A96: 10403 | B96: 明净碧绿灵石4级 | C96: ITEMTYPE_SOUL | D96: ITEMSUBTYPE_SOUL_DEFAULT | E96: 1 | F96: 15 | G96: 0 | H96: 0 | I96: 99999 | J96: 1 | K96: 0 | L96: 2 | M96: 99 | O96: 0 | P96: 0 | R96: None | S96: 800 | T96: 0 | U96: 1 | V96: 1 | W96: 1 | Y96: Texture2D MMO_ItemIcon_Supplies.Item_09 | Z96: 最小道术+5 | AA96: <br><font color='#43FF98'> 精神 28<br><br><font color='#F2F2F2'>封印强大灵魂能量的绿色灵石，可镶入装备的绿色插槽中提升装备属性<br><font color='#B2B2B2'> [按下<font color='#FFa500'>I<font color='#B2B2B2'>键打开灵魂镶嵌界面] | AB96: =LEFT(AA96,52)&Z96&RIGHT(AA96,157) -> <br><font color='#43FF98'> 最小道术+5<br><br><font color='#F2F2F2'>封印强大灵魂能量的绿色灵石，可镶入装备的绿色插槽中提升装备属性<br><font color='#B2B2B2'> [按下<font color='#FFa500'>I<font color='#B2B2B2'>键打开灵魂镶嵌界面] | AC96: 20 | AD96: StaticMesh Bottle.Dro_Bottle03 | AE96: 0 | AF96: 15 | AG96: 0 | AH96: 0 | AI96: 1 | AL96: 0 | AM96: 0 | AN96: 0 | AO96: 1
A97: 10404 | B97: 明净碧绿灵石5级 | C97: ITEMTYPE_SOUL | D97: ITEMSUBTYPE_SOUL_DEFAULT | E97: 1 | F97: 15 | G97: 0 | H97: 0 | I97: 99999 | J97: 2 | K97: 0 | L97: 2 | M97: 99 | O97: 0 | P97: 0 | R97: None | S97: 1600 | T97: 0 | U97: 1 | V97: 1 | W97: 1 | Y97: Texture2D MMO_ItemIcon_Supplies.Item_10 | Z97: 最小道术+7 | AA97: <br><font color='#43FF98'> 精神 39<br><br><font color='#F2F2F2'>封印强大灵魂能量的绿色灵石，可镶入装备的绿色插槽中提升装备属性<br><font color='#B2B2B2'> [按下<font color='#FFa500'>I<font color='#B2B2B2'>键打开灵魂镶嵌界面] | AB97: =LEFT(AA97,52)&Z97&RIGHT(AA97,157) -> <br><font color='#43FF98'> 最小道术+7<br><br><font color='#F2F2F2'>封印强大灵魂能量的绿色灵石，可镶入装备的绿色插槽中提升装备属性<br><font color='#B2B2B2'> [按下<font color='#FFa500'>I<font color='#B2B2B2'>键打开灵魂镶嵌界面] | AC97: 20 | AD97: StaticMesh Bottle.Dro_Bottle03 | AE97: 0 | AF97: 15 | AG97: 0 | AH97: 0 | AI97: 1 | AL97: 0 | AM97: 0 | AN97: 0 | AO97: 1
A98: 10405 | B98: 明净碧绿灵石6级 | C98: ITEMTYPE_SOUL | D98: ITEMSUBTYPE_SOUL_DEFAULT | E98: 1 | F98: 15 | G98: 0 | H98: 0 | I98: 99999 | J98: 2 | K98: 0 | L98: 2 | M98: 99 | O98: 0 | P98: 0 | R98: None | S98: 100 | T98: 0 | U98: 1 | V98: 1 | W98: 1 | Y98: Texture2D MMO_ItemIcon_Supplies.Item_10 | Z98: 最小道术+10 | AA98: <br><font color='#43FF98'> 精神 52<br><br><font color='#F2F2F2'>封印强大灵魂能量的绿色灵石，可镶入装备的绿色插槽中提升装备属性<br><font color='#B2B2B2'> [按下<font color='#FFa500'>I<font color='#B2B2B2'>键打开灵魂镶嵌界面] | AB98: =LEFT(AA98,52)&Z98&RIGHT(AA98,157) -> <br><font color='#43FF98'> 最小道术+10<br><br><font color='#F2F2F2'>封印强大灵魂能量的绿色灵石，可镶入装备的绿色插槽中提升装备属性<br><font color='#B2B2B2'> [按下<font color='#FFa500'>I<font color='#B2B2B2'>键打开灵魂镶嵌界面] | AC98: 20 | AD98: StaticMesh Bottle.Dro_Bottle03 | AE98: 0 | AF98: 15 | AG98: 0 | AH98: 0 | AI98: 1 | AL98: 0 | AM98: 0 | AN98: 0 | AO98: 1
A99: 10406 | B99: 明净碧绿灵石7级 | C99: ITEMTYPE_SOUL | D99: ITEMSUBTYPE_SOUL_DEFAULT | E99: 1 | F99: 15 | G99: 0 | H99: 0 | I99: 99999 | J99: 2 | K99: 0 | L99: 2 | M99: 99 | O99: 0 | P99: 0 | R99: None | S99: 200 | T99: 0 | U99: 1 | V99: 1 | W99: 1 | Y99: Texture2D MMO_ItemIcon_Supplies.Item_10 | Z99: 最小道术+13 | AA99: <br><font color='#43FF98'> 精神 67<br><br><font color='#F2F2F2'>封印强大灵魂能量的绿色灵石，可镶入装备的绿色插槽中提升装备属性<br><font color='#B2B2B2'> [按下<font color='#FFa500'>I<font color='#B2B2B2'>键打开灵魂镶嵌界面] | AB99: =LEFT(AA99,52)&Z99&RIGHT(AA99,157) -> <br><font color='#43FF98'> 最小道术+13<br><br><font color='#F2F2F2'>封印强大灵魂能量的绿色灵石，可镶入装备的绿色插槽中提升装备属性<br><font color='#B2B2B2'> [按下<font color='#FFa500'>I<font color='#B2B2B2'>键打开灵魂镶嵌界面] | AC99: 20 | AD99: StaticMesh Bottle.Dro_Bottle03 | AE99: 0 | AF99: 15 | AG99: 0 | AH99: 0 | AI99: 1 | AL99: 0 | AM99: 0 | AN99: 0 | AO99: 1
A100: 10407 | B100: 明净碧绿灵石8级 | C100: ITEMTYPE_SOUL | D100: ITEMSUBTYPE_SOUL_DEFAULT | E100: 1 | F100: 15 | G100: 0 | H100: 0 | I100: 99999 | J100: 3 | K100: 0 | L100: 2 | M100: 99 | O100: 0 | P100: 0 | R100: None | S100: 400 | T100: 0 | U100: 1 | V100: 1 | W100: 1 | Y100: Texture2D MMO_ItemIcon_Supplies.Item_10 | Z100: 最小道术+17 | AA100: <br><font color='#43FF98'> 精神 85<br><br><font color='#F2F2F2'>封印强大灵魂能量的绿色灵石，可镶入装备的绿色插槽中提升装备属性<br><font color='#B2B2B2'> [按下<font color='#FFa500'>I<font color='#B2B2B2'>键打开灵魂镶嵌界面] | AB100: =LEFT(AA100,52)&Z100&RIGHT(AA100,157) -> <br><font color='#43FF98'> 最小道术+17<br><br><font color='#F2F2F2'>封印强大灵魂能量的绿色灵石，可镶入装备的绿色插槽中提升装备属性<br><font color='#B2B2B2'> [按下<font color='#FFa500'>I<font color='#B2B2B2'>键打开灵魂镶嵌界面] | AC100: 20 | AD100: StaticMesh Bottle.Dro_Bottle03 | AE100: 0 | AF100: 15 | AG100: 0 | AH100: 0 | AI100: 1 | AL100: 0 | AM100: 0 | AN100: 0 | AO100: 1
...

Sheet define
A1: 字段名称 | B1: 描述 | C1: 说明
A2: ID | B2: id | C2: 与item_armor表共用，不能重复
A3: Name | C3: 不能重复
A4: Type | B4: 道具类型
A5: SubType | B5: 道具子类型
A6: RequireLevel | B6: 使用等级限制
A7: RequireClass | B7: 使用职业限制 | C7: 4位代表4个职业，15（1111）代表每个职业都能用 | D7: 1战士 | E7: 2法师 | F7: 4刺客 | G7: 8弓手
A8: RequireGender | B8: 使用性别限制 | C8: 0表示无限制
A9: MaxEquip | B9: 最大装备量 | C9: 填0
A10: MaxOwn | B10: 可拥有上限
A11: Color | B11: 道具品质 | C11: 0-白，1-绿，2-蓝，3-紫，4-橙
A12: BindType | B12: 绑定类型 | C12: BINDTYPE_NONE, //不绑定
C13: BINDTYPE_BOU, //使用绑定, bind on use
C14: BINDTYPE_BOE, //装备绑定, bind on equip
C15: BINDTYPE_BOP, //拾取绑定, bind on pick up
C16: BINDTYPE_BOT, //交易绑定, bind on trade
C17: BINDTYPE_BINDED = 10//已绑定
A18: DurType | B18: 耐久类型 | C18: DURTYPE_NONE, //无耐久
C19: DURTYPE_EQUIP, //装备耐久
C20: DURTYPE_STACK, //物品堆叠
C21: DURTYPE_USE, //使用次数
C22: DURTYPE_DEPOSIT //储值
A23: Dur | B23: 耐久对应的值
A24: SpellID | B24: 技能id
A25: SpellLevel | B25: 技能等级
A26: SelfCoolDown | B26: 道具自身cd时间
A27: GroupCoolDown | B27: 道具组cd时间
A28: SubSubType | B28: 子子类型 | C28: 没用到
A29: Price | B29: 卖店绑金价格
A30: UsedStatus | B30: 使用的状态 | C30: ITEMCOMBAT_BOTH, //道具使用不关心战斗状态
C31: ITEMCOMBAT_IN, //道具必须在战斗状态下使用 | F31: SoundActionType
C32: ITEMCOMBAT_OUT //道具必须在非战斗状态下使用 | F32: EIAST_Bag =0,
A33: CanDrop | B33: 可以丢弃 | C33: 1-可以，0-不可 | F33: EIAST_Book =1,
A34: Trade | B34: 可交易 | C34: 1-可以，0-不可 | F34: EIAST_ClothLeather =2,
A35: Storage | B35: 可存入仓库 | C35: 1-可以，0-不可 | F35: EIAST_FoodGeneric =3,
A36: Script | B36: 脚本编号 | F36: EIAST_Gems =4,
A37: DisplayIcon | B37: 道具图标 | F37: EIAST_Herb =5,
A38: Description | B38: tips描述 | F38: EIAST_LargeChain =6,
A39: MaxStackNum | B39: 一堆的数量 | F39: EIAST_SmallChain =7,
A40: DropMesh | B40: 掉落模型 | F40: EIAST_Meat =8,
A41: SoundMaterialType | B41: 声音材质类型 | C41: 给受击使用 | F41: EIAST_MetalLarge =9,
A42: SoundActionType | B42: 声音动作类型 | C42: item表只配这个 | F42: EIAST_MetalSmall =10,
A43: ClothNoiseType | B43: 衣服声音类型 | F43: EIAST_ParchmentPaper =11,
A44: ItemLevel | B44: 道具等级 | F44: EIAST_Ring =12,
A45: CanSell | B45: 可以卖店 | C45: 1-可以，0-不可 | F45: EIAST_RocksOre =13,
A46: DisplayLargeIcon | C46: 没用到 | F46: EIAST_Wand =14,
A47: DisplayLargeIconFemale | C47: 没用到 | F47: EIAST_WaterLiquid =15,
A48: LimitDuration0 | B48: 小怪掉落控制间隔 | F48: EIAST_WoodLarge =16,
A49: LimitCount0 | B49: 由小怪掉落的数量 | F49: EIAST_WoodSmall =17,
A50: LimitDuration1 | B50: BOSS掉落控制间隔 | F50: EIAST_WoodLarge =16,
A51: LimitCount1 | B51: 由BOSS掉落的数量 | F51: EIAST_WoodSmall =17,
A52: LimitDuration2 | B52: 赌博掉落控制间隔 | F52: EIAST_WoodLarge =16,
A53: LimitCount2 | B53: 由赌博掉落的数量 | F53: EIAST_WoodSmall =17,
A54: ServerStart | B54: 服务器开服后多少时间内不掉落 | C54: 单位：小时
A55: Log | B55: 是否记录log | F55: EIAST_MAX =18,
A56: Stat | B56: 记录全服消耗量
A57: Expensive | B57: 贵重物品标志
A58: PkDrop | B58: pk是否掉落 | C58: 1-不掉落
A59: Auction | B59: 是否拍卖
A60: AuctionFee | B60: 拍卖费
A61: AuctionType | B61: 拍卖类型
A62: AuctionSubType | B62: 拍卖子类型
A63: AuctionDefaultPrice | B63: 拍卖默认价格

Sheet 价目表
A1: 道具ID | B1: 道具名称 | C1: 标准商店价 | D1: 卖店价
A2: 0 | B2: 绑金 | C2: =D2*2 -> 2 | D2: =item!S4 -> 1
A3: 1 | B3: 金币 | C3: =D3*2 -> 2 | D3: =item!S5 -> 1
A4: 10 | B4: 经验 | C4: =D4*2 -> 2 | D4: =item!S6 -> 1
A5: 20 | B5: 公会贡献 | C5: =D5*2 -> 2 | D5: =item!S9 -> 1
A6: 301 | B6: 金创药(小量) | C6: =D6*2 -> 80 | D6: =item!S10 -> 40
A7: 302 | B7: 金创药(中量) | C7: =D7*2 -> 260 | D7: =item!S11 -> 130
A8: 303 | B8: 强效金创药 | C8: =D8*2 -> 700 | D8: =item!S12 -> 350
A9: 304 | B9: 超强金创药（占位） | C9: =D9*2 -> 2 | D9: =item!S13 -> 1
A10: 305 | B10: 金创药（占位） | C10: =D10*2 -> 2 | D10: =item!S14 -> 1
A11: 311 | B11: 小金创药(绑定) | C11: =D11*2 -> 2 | D11: =item!S18 -> 1
A12: 312 | B12: 中金创药(绑定) | C12: =D12*2 -> 2 | D12: =item!S19 -> 1
A13: 321 | B13: 魔法药(小量) | C13: =D13*2 -> 80 | D13: =item!S20 -> 40
A14: 322 | B14: 魔法药(中量) | C14: =D14*2 -> 260 | D14: =item!S21 -> 130
A15: 323 | B15: 强效魔法药 | C15: =D15*2 -> 700 | D15: =item!S22 -> 350
A16: 324 | B16: 超强魔法药(占位） | C16: =D16*2 -> 2 | D16: =item!S26 -> 1
A17: 331 | B17: 新手药水(绑定) | C17: =D17*2 -> 2 | D17: =item!S27 -> 1
A18: 351 | B18: 太阳水 | C18: =D18*2 -> 1000 | D18: =item!S28 -> 500
A19: 352 | B19: 强效太阳水 | C19: =D19*2 -> 2500 | D19: =item!S29 -> 1250
A20: 353 | B20: 疗伤药 | C20: =D20*2 -> 5000 | D20: =item!S30 -> 2500
A21: 361 | B21: 金创药(小)包 | C21: =D21*2 -> 480 | D21: =item!S36 -> 240
A22: 362 | B22: 金创药(中)包 | C22: =D22*2 -> 1560 | D22: =item!S37 -> 780
A23: 363 | B23: 超级金创药 | C23: =D23*2 -> 4200 | D23: =item!S38 -> 2100
A24: 371 | B24: 魔法药(小)包 | C24: =D24*2 -> 480 | D24: =item!S42 -> 240
A25: 372 | B25: 魔法药(中)包 | C25: =D25*2 -> 1560 | D25: =item!S43 -> 780
A26: 373 | B26: 超级魔法药 | C26: =D26*2 -> 4200 | D26: =item!S44 -> 2100
A27: 381 | B27: 太阳水包 | C27: =D27*2 -> 6000 | D27: =item!S48 -> 3000
A28: 382 | B28: 强效太阳水包 | C28: =D28*2 -> 15000 | D28: =item!S49 -> 7500
A29: 383 | B29: 强效太阳水包(占位） | C29: =D29*2 -> 30000 | D29: =item!S50 -> 15000
A30: 401 | B30: 气血石 | C30: =D30*2 -> 2 | D30: =item!S56 -> 1
A31: 411 | B31: 幻魔石 | C31: =D31*2 -> 2 | D31: =item!S57 -> 1
A32: 421 | B32: 魔血石 | C32: =D32*2 -> 2 | D32: =item!S58 -> 1
A33: 501 | B33: 肉 | C33: =D33*2 -> 200 | D33: =item!S59 -> 100
A34: 502 | B34: 鹿血 | C34: =D34*2 -> 100 | D34: =item!S60 -> 50
A35: 601 | B35: 肉干 | C35: =D35*2 -> 200 | D35: =item!S61 -> 100
A36: 1201 | B36: 先祖典籍 | C36: =D36*2 -> 2 | D36: =item!S68 -> 1
A37: 2001 | B37: 魂瓶 | C37: =D37*2 -> 2 | D37: =item!S69 -> 1
A38: 2011 | B38: 龙卫灵匣 | C38: =D38*2 -> 6000 | D38: =item!S70 -> 3000
A39: 2012 | B39: 聚灵匣 | C39: =D39*2 -> 2000 | D39: =item!S71 -> 1000
A40: 2101 | B40: 白银VIP | C40: =D40*2 -> 2 | D40: =item!S72 -> 1
A41: 2102 | B41: 黄金VIP | C41: =D41*2 -> 2 | D41: =item!S73 -> 1
A42: 2103 | B42: 钻石VIP | C42: =D42*2 -> 2 | D42: =item!S74 -> 1
A43: 2201 | B43: 千里传音 | C43: =D43*2 -> 10000 | D43: =item!S75 -> 5000
A44: 2211 | B44: 蛋糕烟花 | C44: =D44*2 -> 50000 | D44: =item!S76 -> 25000
A45: 2212 | B45: 礼花 | C45: =D45*2 -> 3000 | D45: =item!S77 -> 1500
A46: 10110 | B46: 驭朱灵石1级 | C46: =D46*2 -> 10000 | D46: =item!S80 -> 5000
A47: 10111 | B47: 驭朱灵石2级 | C47: =D47*2 -> 20000 | D47: =item!S81 -> 10000
A48: 10112 | B48: 驭朱灵石3级 | C48: =D48*2 -> 40000 | D48: =item!S82 -> 20000
A49: 10113 | B49: 驭朱灵石4级 | C49: =D49*2 -> 80000 | D49: =item!S83 -> 40000
A50: 10114 | B50: 驭朱灵石5级 | C50: =D50*2 -> 160000 | D50: =item!S84 -> 80000
A51: 10115 | B51: 驭朱灵石6级 | C51: =D51*2 -> 160000 | D51: =item!S85 -> 80000
A52: 10116 | B52: 驭朱灵石7级 | C52: =D52*2 -> 160000 | D52: =item!S86 -> 80000
A53: 10117 | B53: 驭朱灵石8级 | C53: =D53*2 -> 160000 | D53: =item!S87 -> 80000
A54: 10118 | B54: 驭朱灵石9级 | C54: =D54*2 -> 160000 | D54: =item!S88 -> 80000
A55: 10119 | B55: 驭朱灵石10级 | C55: =D55*2 -> 160000 | D55: =item!S89 -> 80000
A56: 10120 | B56: 命朱灵石1级 | C56: =D56*2 -> 10000 | D56: =item!S90 -> 5000
A57: 10121 | B57: 命朱灵石2级 | C57: =D57*2 -> 20000 | D57: =item!S91 -> 10000
... A292: 80202 | B292: 盟重回城石 | C292: =D292*2 -> 40000 | D292: =item!S326 -> 20000
A293: 81001 | B293: 初级攻城车 | C293: =D293*2 -> 2 | D293: =item!S328 -> 1
A294: 81002 | B294: 中级攻城车 | C294: =D294*2 -> 2 | D294: =item!S329 -> 1
A295: 81003 | B295: 高级攻城车 | C295: =D295*2 -> 2 | D295: =item!S330 -> 1
A296: 90001 | B296: 神秘卷轴 | C296: =D296*2 -> #REF! | D296: =item!#REF! -> #REF!
A297: 90002 | B297: 木柴 | C297: =D297*2 -> #REF! | D297: =item!#REF! -> #REF!
A298: 90003 | B298: 搜索地图 | C298: =D298*2 -> #REF! | D298: =item!#REF! -> #REF!
A299: 90004 | B299: 修补建筑的石头 | C299: =D299*2 -> #REF! | D299: =item!#REF! -> #REF!
A300: 90005 | B300: 修补建筑的木头 | C300: =D300*2 -> #REF! | D300: =item!#REF! -> #REF!
A301: 90006 | B301: 剑齿虎的毛皮 | C301: =D301*2 -> #REF! | D301: =item!#REF! -> #REF!
A302: 90007 | B302: 伐木斧 | C302: =D302*2 -> #REF! | D302: =item!#REF! -> #REF!
A303: 90008 | B303: 虚空魔晶 | C303: =D303*2 -> #REF! | D303: =item!#REF! -> #REF!
A304: 90009 | B304: 魔兽之血 | C304: =D304*2 -> #REF! | D304: =item!#REF! -> #REF!
A305: 90010 | B305: 有价值的神殿遗物 | C305: =D305*2 -> #REF! | D305: =item!#REF! -> #REF!
A306: 90011 | B306: 老师的遗物 | C306: =D306*2 -> #REF! | D306: =item!#REF! -> #REF!
A307: 90012 | B307: 猛犸人的象牙 | C307: =D307*2 -> #REF! | D307: =item!#REF! -> #REF!
... A449: 90165 | B449: 英雄的纪念 | C449: =D449*2 -> #REF! | D449: =item!#REF! -> #REF!
A450: 90166 | B450: 五龙卫之书 | C450: =D450*2 -> 2 | D450: =item!S331 -> 1
A451: 90167 | B451: 瘟疫的蔓延 | C451: =D451*2 -> 2 | D451: =item!S332 -> 1
A452: 90168 | B452: 迟来的真相 | C452: =D452*2 -> 2 | D452: =item!S333 -> 1
A453: 90169 | B453: 矿工日记 | C453: =D453*2 -> 2 | D453: =item!S334 -> 1
A454: 90170 | B454: 和尚日记 | C454: =D454*2 -> 2 | D454: =item!S335 -> 1
A455: 90171 | B455: 道士日记 | C455: =D455*2 -> 2 | D455: =item!S336 -> 1
A456: 90172 | B456: 副官日记(上) | C456: =D456*2 -> 2 | D456: =item!S337 -> 1
A457: 90173 | B457: 副官日记(下) | C457: =D457*2 -> 2 | D457: =item!S338 -> 1
A458: 90174 | B458: 菱铁矿 | C458: =D458*2 -> 2 | D458: =item!S339 -> 1
A459: 90175 | B459: 尖锐的长牙 | C459: =D459*2 -> 2 | D459: =item!S340 -> 1
A460: 90176 | B460: 玲月传 | C460: =D460*2 -> 2 | D460: =item!S341 -> 1
A461: 90177 | B461: 阿九传 | C461: =D461*2 -> 2 | D461: =item!S342 -> 1
... A489: 90205 | B489: 海妖符文 | C489: =D489*2 -> 200 | D489: =item!S370 -> 100
A490: 91001 | B490: 我 | C490: =D490*2 -> 1000 | D490: =item!S385 -> 500
A491: 91002 | B491: 爱 | C491: =D491*2 -> 1000 | D491: =item!S386 -> 500
A492: 91003 | B492: 传 | C492: =D492*2 -> 1000 | D492: =item!S387 -> 500
A493: 91004 | B493: 奇 | C493: =D493*2 -> 1000 | D493: =item!S388 -> 500
A494: 91005 | B494: 永 | C494: =D494*2 -> 1000 | D494: =item!S389 -> 500
A495: 91006 | B495: 恒 | C495: =D495*2 -> 1000 | D495: =item!S390 -> 500
A496: 92001 | B496: 攻杀印2级卷轴01 | C496: =D496*2 -> 2 | D496: =item!S405 -> 1
A497: 92002 | B497: 森罗印2级卷轴01 | C497: =D497*2 -> 2 | D497: =item!S406 -> 1
A498: 92003 | B498: 巨力印2级卷轴01 | C498: =D498*2 -> 2 | D498: =item!S407 -> 1
A499: 92004 | B499: 速攻印2级卷轴01 | C499: =D499*2 -> 2 | D499: =item!S408 -> 1
A500: 93001 | B500: 不删档测试时间卡 | C500: =D500*2 -> 2 | D500: =item!S409 -> 1
A501: 100001 | B501: 复活丹 | C501: =D501*2 -> 50000 | D501: =item!S417 -> 25000
A502: 100002 | B502: 初级红名符 | C502: =D502*2 -> 8000 | D502: =item!S418 -> 4000
...
