Workbook

Sheet npc_pattern
A1: Index | B1: PackageFolder | C1: TemplateID | D1: PatternID | E1: ScriptName | F1: PatternName | G1: Description | H1: Map | I1: Exp | J1: Soul | K1: catPhyAtk | L1: catMaxPhyAtk | M1: catMagAtk | N1: catMaxMagAtk | O1: catTaoAtk | P1: catMaxTaoAtk | Q1: catPhyDef | R1: catMaxPhyDef | S1: catMagDef | T1: catMaxMagDef | U1: catMaxHp | V1: catMaxMp | W1: catAccurate | X1: catAgility | Y1: catHpRecovery | Z1: catHpRecoveryTap | AA1: catTapIncrease | AB1: catRepelResist
A2: 0 | B2: 0 | C2: Both | D2: Both | E2: Both | F2: Both | G2: Both | H2: Both | I2: Server | J2: Server | K2: Both | L2: Both | M2: Both | N2: Both | O2: Both | P2: Both | Q2: Both | R2: Both | S2: Both | T2: Both | U2: Both | V2: Both | W2: Both | X2: Both | Y2: Both | Z2: Both | AA2: Both | AB2: Both
A3: 0 | B3: 0 | G3: 默认数据行 | H3: 所在地图 | I3: 0 | J3: 0 | K3: 0 | L3: 0 | M3: 0 | N3: 0 | O3: 0 | P3: 0 | Q3: 0 | R3: 0 | S3: 0 | T3: 0 | U3: 0 | V3: 0 | W3: 0 | X3: 0 | Y3: 0 | Z3: 0 | AA3: 0 | AB3: 0
A4: PhyType.StandardPhyType | B4: NPC_Pattern | C4: 11 | D4: 11 | E4: StandardPhyType_func | F4: StandardPhyType_func.lua | G4: 标准物理型 | K4: 5 | L4: 15 | M4: 5 | N4: 15 | O4: 0 | P4: 0 | Q4: 3 | R4: 3 | S4: 1 | T4: 1 | U4: 50 | V4: 1 | W4: 10 | X4: 15 | Y4: 75 | Z4: 300 | AA4: 50
A5: DefaultNPCPattern.Sample | B5: NPC_Pattern | C5: 1 | D5: 1 | E5: sample_func | F5: main.lua | G5: 战士模板 | V5: 1
A6: PhyType.NewNpcType | B6: NPC_Pattern | C6: 100 | D6: 100 | G6: 标准NPC | K6: 0 | L6: 0 | M6: 0 | N6: 0 | O6: 0 | P6: 0 | Q6: 0 | R6: 0 | S6: 0 | T6: 0 | U6: 9999 | V6: 1 | W6: 5 | X6: 5 | Y6: 75 | Z6: 300 | AA6: 50
A7: SceneObjectPattern.SceneObject01 | B7: NPC_Pattern | C7: 6 | D7: 6 | E7: ScnObj | F7: ScnObj.lua | G7: 物件模板 | K7: 2 | L7: 4 | M7: 1 | N7: 1 | O7: 1 | P7: 1 | Q7: 1 | R7: 1 | S7: 1 | T7: 1 | U7: 50 | V7: 1 | W7: 5 | X7: 10 | Y7: 75 | Z7: 300 | AA7: 50
A8: ="PhyType.NewNpcType_"&D8 -> PhyType.NewNpcType_101 | B8: NPC_Pattern | C8: 101 | D8: 101 | G8: 稻草人 | H8: 边界村 | I8: 9 | K8: =原始值!D8+VLOOKUP($H8,怪物强度修正!$A$2:$R$17,COLUMN(K8)-9,FALSE) -> 1 | L8: =原始值!E8+VLOOKUP($H8,怪物强度修正!$A$2:$R$17,COLUMN(L8)-9,FALSE) -> 2 | M8: =K8 -> 1 | N8: =L8 -> 2 | O8: =原始值!H8+VLOOKUP($H8,怪物强度修正!$A$2:$R$17,COLUMN(O8)-9,FALSE) -> 0 | P8: =原始值!I8+VLOOKUP($H8,怪物强度修正!$A$2:$R$17,COLUMN(P8)-9,FALSE) -> 0 | Q8: =原始值!J8+VLOOKUP($H8,怪物强度修正!$A$2:$R$17,COLUMN(Q8)-9,FALSE) -> 0 | R8: =原始值!K8+VLOOKUP($H8,怪物强度修正!$A$2:$R$17,COLUMN(R8)-9,FALSE) -> 0 | S8: =原始值!L8+VLOOKUP($H8,怪物强度修正!$A$2:$R$17,COLUMN(S8)-9,FALSE) -> 0 | T8: =原始值!M8+VLOOKUP($H8,怪物强度修正!$A$2:$R$17,COLUMN(T8)-9,FALSE) -> 0 | U8: =原始值!N8+VLOOKUP($H8,怪物强度修正!$A$2:$R$17,COLUMN(U8)-9,FALSE) -> 15 | V8: 1 | W8: =原始值!P8+VLOOKUP($H8,怪物强度修正!$A$2:$R$17,COLUMN(W8)-9,FALSE) -> 5 | X8: =原始值!Q8+VLOOKUP($H8,怪物强度修正!$A$2:$R$17,COLUMN(X8)-9,FALSE) -> 7 | Y8: =原始值!R8+VLOOKUP($H8,怪物强度修正!$A$2:$R$17,COLUMN(Y8)-9,FALSE) -> 75 | Z8: =原始值!S8+VLOOKUP($H8,怪物强度修正!$A$2:$R$17,COLUMN(Z8)-9,FALSE) -> 300 | AA8: =原始值!T8+VLOOKUP($H8,怪物强度修正!$A$2:$R$17,COLUMN(AA8)-9,FALSE) -> 50
A9: ="PhyType.NewNpcType_"&D9 -> PhyType.NewNpcType_102 | B9: NPC_Pattern | C9: 102 | D9: 102 | G9: 钉耙猫 | H9: 边界村 | I9: 17 | K9: =原始值!D9+VLOOKUP($H9,怪物强度修正!$A$2:$R$17,COLUMN(K9)-9,FALSE) -> 2 | L9: =原始值!E9+VLOOKUP($H9,怪物强度修正!$A$2:$R$17,COLUMN(L9)-9,FALSE) -> 4 | M9: =K9 -> 2 | N9: =L9 -> 4 | O9: =原始值!H9+VLOOKUP($H9,怪物强度修正!$A$2:$R$17,COLUMN(O9)-9,FALSE) -> 0 | P9: =原始值!I9+VLOOKUP($H9,怪物强度修正!$A$2:$R$17,COLUMN(P9)-9,FALSE) -> 0 | Q9: =原始值!J9+VLOOKUP($H9,怪物强度修正!$A$2:$R$17,COLUMN(Q9)-9,FALSE) -> 0 | R9: =原始值!K9+VLOOKUP($H9,怪物强度修正!$A$2:$R$17,COLUMN(R9)-9,FALSE) -> 0 | S9: =原始值!L9+VLOOKUP($H9,怪物强度修正!$A$2:$R$17,COLUMN(S9)-9,FALSE) -> 0 | T9: =原始值!M9+VLOOKUP($H9,怪物强度修正!$A$2:$R$17,COLUMN(T9)-9,FALSE) -> 0 | U9: =原始值!N9+VLOOKUP($H9,怪物强度修正!$A$2:$R$17,COLUMN(U9)-9,FALSE) -> 23 | V9: 1 | W9: =原始值!P9+VLOOKUP($H9,怪物强度修正!$A$2:$R$17,COLUMN(W9)-9,FALSE) -> 5 | X9: =原始值!Q9+VLOOKUP($H9,怪物强度修正!$A$2:$R$17,COLUMN(X9)-9,FALSE) -> 7 | Y9: =原始值!R9+VLOOKUP($H9,怪物强度修正!$A$2:$R$17,COLUMN(Y9)-9,FALSE) -> 75 | Z9: =原始值!S9+VLOOKUP($H9,怪物强度修正!$A$2:$R$17,COLUMN(Z9)-9,FALSE) -> 300 | AA9: =原始值!T9+VLOOKUP($H9,怪物强度修正!$A$2:$R$17,COLUMN(AA9)-9,FALSE) -> 50
A10: ="PhyType.NewNpcType_"&D10 -> PhyType.NewNpcType_103 | B10: NPC_Pattern | C10: 103 | D10: 103 | G10: 半兽人 | H10: 边界村 | I10: 24 | K10: =原始值!D10+VLOOKUP($H10,怪物强度修正!$A$2:$R$17,COLUMN(K10)-9,FALSE) -> 3 | L10: =原始值!E10+VLOOKUP($H10,怪物强度修正!$A$2:$R$17,COLUMN(L10)-9,FALSE) -> 7 | M10: =K10 -> 3 | N10: =L10 -> 7 | O10: =原始值!H10+VLOOKUP($H10,怪物强度修正!$A$2:$R$17,COLUMN(O10)-9,FALSE) -> 0 | P10: =原始值!I10+VLOOKUP($H10,怪物强度修正!$A$2:$R$17,COLUMN(P10)-9,FALSE) -> 0 | Q10: =原始值!J10+VLOOKUP($H10,怪物强度修正!$A$2:$R$17,COLUMN(Q10)-9,FALSE) -> 1 | R10: =原始值!K10+VLOOKUP($H10,怪物强度修正!$A$2:$R$17,COLUMN(R10)-9,FALSE) -> 1 | S10: =原始值!L10+VLOOKUP($H10,怪物强度修正!$A$2:$R$17,COLUMN(S10)-9,FALSE) -> 0 | T10: =原始值!M10+VLOOKUP($H10,怪物强度修正!$A$2:$R$17,COLUMN(T10)-9,FALSE) -> 0 | U10: =原始值!N10+VLOOKUP($H10,怪物强度修正!$A$2:$R$17,COLUMN(U10)-9,FALSE) -> 30 | V10: 1 | W10: =原始值!P10+VLOOKUP($H10,怪物强度修正!$A$2:$R$17,COLUMN(W10)-9,FALSE) -> 6 | X10: =原始值!Q10+VLOOKUP($H10,怪物强度修正!$A$2:$R$17,COLUMN(X10)-9,FALSE) -> 8 | Y10: =原始值!R10+VLOOKUP($H10,怪物强度修正!$A$2:$R$17,COLUMN(Y10)-9,FALSE) -> 75 | Z10: =原始值!S10+VLOOKUP($H10,怪物强度修正!$A$2:$R$17,COLUMN(Z10)-9,FALSE) -> 300 | AA10: =原始值!T10+VLOOKUP($H10,怪物强度修正!$A$2:$R$17,COLUMN(AA10)-9,FALSE) -> 50
A11: ="PhyType.NewNpcType_"&D11 -> PhyType.NewNpcType_104 | B11: NPC_Pattern | C11: 104 | D11: 104 | G11: 半兽人战士 | H11: 比奇省 | I11: 89 | K11: =原始值!D11+VLOOKUP($H11,怪物强度修正!$A$2:$R$17,COLUMN(K11)-9,FALSE) -> 5 | L11: =原始值!E11+VLOOKUP($H11,怪物强度修正!$A$2:$R$17,COLUMN(L11)-9,FALSE) -> 12 | M11: =K11 -> 5 | N11: =L11 -> 12 | O11: =原始值!H11+VLOOKUP($H11,怪物强度修正!$A$2:$R$17,COLUMN(O11)-9,FALSE) -> 0 | P11: =原始值!I11+VLOOKUP($H11,怪物强度修正!$A$2:$R$17,COLUMN(P11)-9,FALSE) -> 0 | Q11: =原始值!J11+VLOOKUP($H11,怪物强度修正!$A$2:$R$17,COLUMN(Q11)-9,FALSE) -> 3 | R11: =原始值!K11+VLOOKUP($H11,怪物强度修正!$A$2:$R$17,COLUMN(R11)-9,FALSE) -> 3 | S11: =原始值!L11+VLOOKUP($H11,怪物强度修正!$A$2:$R$17,COLUMN(S11)-9,FALSE) -> 1 | T11: =原始值!M11+VLOOKUP($H11,怪物强度修正!$A$2:$R$17,COLUMN(T11)-9,FALSE) -> 1 | U11: =原始值!N11+VLOOKUP($H11,怪物强度修正!$A$2:$R$17,COLUMN(U11)-9,FALSE) -> 100 | V11: 1 | W11: =原始值!P11+VLOOKUP($H11,怪物强度修正!$A$2:$R$17,COLUMN(W11)-9,FALSE) -> 10 | X11: =原始值!Q11+VLOOKUP($H11,怪物强度修正!$A$2:$R$17,COLUMN(X11)-9,FALSE) -> 13 | Y11: =原始值!R11+VLOOKUP($H11,怪物强度修正!$A$2:$R$17,COLUMN(Y11)-9,FALSE) -> 75 | Z11: =原始值!S11+VLOOKUP($H11,怪物强度修正!$A$2:$R$17,COLUMN(Z11)-9,FALSE) -> 300 | AA11: =原始值!T11+VLOOKUP($H11,怪物强度修正!$A$2:$R$17,COLUMN(AA11)-9,FALSE) -> 50
A12: ="PhyType.NewNpcType_"&D12 -> PhyType.NewNpcType_1041 | B12: NPC_Pattern | C12: 1041 | D12: 1041 | G12: 半兽人战士_BJC | H12: 边界村 | I12: 32 | K12: =原始值!D12+VLOOKUP($H12,怪物强度修正!$A$2:$R$17,COLUMN(K12)-9,FALSE) -> 4 | L12: =原始值!E12+VLOOKUP($H12,怪物强度修正!$A$2:$R$17,COLUMN(L12)-9,FALSE) -> 9 | M12: =K12 -> 4 | N12: =L12 -> 9 | O12: =原始值!H12+VLOOKUP($H12,怪物强度修正!$A$2:$R$17,COLUMN(O12)-9,FALSE) -> 0 | P12: =原始值!I12+VLOOKUP($H12,怪物强度修正!$A$2:$R$17,COLUMN(P12)-9,FALSE) -> 0 | Q12: =原始值!J12+VLOOKUP($H12,怪物强度修正!$A$2:$R$17,COLUMN(Q12)-9,FALSE) -> 1 | R12: =原始值!K12+VLOOKUP($H12,怪物强度修正!$A$2:$R$17,COLUMN(R12)-9,FALSE) -> 1 | S12: =原始值!L12+VLOOKUP($H12,怪物强度修正!$A$2:$R$17,COLUMN(S12)-9,FALSE) -> 0 | T12: =原始值!M12+VLOOKUP($H12,怪物强度修正!$A$2:$R$17,COLUMN(T12)-9,FALSE) -> 0 | U12: =原始值!N12+VLOOKUP($H12,怪物强度修正!$A$2:$R$17,COLUMN(U12)-9,FALSE) -> 35 | V12: 1 | W12: =原始值!P12+VLOOKUP($H12,怪物强度修正!$A$2:$R$17,COLUMN(W12)-9,FALSE) -> 10 | X12: =原始值!Q12+VLOOKUP($H12,怪物强度修正!$A$2:$R$17,COLUMN(X12)-9,FALSE) -> 9 | Y12: =原始值!R12+VLOOKUP($H12,怪物强度修正!$A$2:$R$17,COLUMN(Y12)-9,FALSE) -> 75 | Z12: =原始值!S12+VLOOKUP($H12,怪物强度修正!$A$2:$R$17,COLUMN(Z12)-9,FALSE) -> 300 | AA12: =原始值!T12+VLOOKUP($H12,怪物强度修正!$A$2:$R$17,COLUMN(AA12)-9,FALSE) -> 50
A13: ="PhyType.NewNpcType_"&D13 -> PhyType.NewNpcType_1042 | B13: NPC_Pattern | C13: 1042 | D13: 1042 | G13: 半兽人战士_BQS | H13: 比奇省 | I13: 39 | K13: =原始值!D13+VLOOKUP($H13,怪物强度修正!$A$2:$R$17,COLUMN(K13)-9,FALSE) -> 5 | L13: =原始值!E13+VLOOKUP($H13,怪物强度修正!$A$2:$R$17,COLUMN(L13)-9,FALSE) -> 11 | M13: =K13 -> 5 | N13: =L13 -> 11 | O13: =原始值!H13+VLOOKUP($H13,怪物强度修正!$A$2:$R$17,COLUMN(O13)-9,FALSE) -> 0 | P13: =原始值!I13+VLOOKUP($H13,怪物强度修正!$A$2:$R$17,COLUMN(P13)-9,FALSE) -> 0 | Q13: =原始值!J13+VLOOKUP($H13,怪物强度修正!$A$2:$R$17,COLUMN(Q13)-9,FALSE) -> 1 | R13: =原始值!K13+VLOOKUP($H13,怪物强度修正!$A$2:$R$17,COLUMN(R13)-9,FALSE) -> 1 | S13: =原始值!L13+VLOOKUP($H13,怪物强度修正!$A$2:$R$17,COLUMN(S13)-9,FALSE) -> 0 | T13: =原始值!M13+VLOOKUP($H13,怪物强度修正!$A$2:$R$17,COLUMN(T13)-9,FALSE) -> 0 | U13: =原始值!N13+VLOOKUP($H13,怪物强度修正!$A$2:$R$17,COLUMN(U13)-9,FALSE) -> 45 | V13: 1 | W13: =原始值!P13+VLOOKUP($H13,怪物强度修正!$A$2:$R$17,COLUMN(W13)-9,FALSE) -> 10 | X13: =原始值!Q13+VLOOKUP($H13,怪物强度修正!$A$2:$R$17,COLUMN(X13)-9,FALSE) -> 10 | Y13: =原始值!R13+VLOOKUP($H13,怪物强度修正!$A$2:$R$17,COLUMN(Y13)-9,FALSE) -> 75 | Z13: =原始值!S13+VLOOKUP($H13,怪物强度修正!$A$2:$R$17,COLUMN(Z13)-9,FALSE) -> 300 | AA13: =原始值!T13+VLOOKUP($H13,怪物强度修正!$A$2:$R$17,COLUMN(AA13)-9,FALSE) -> 50
A14: ="PhyType.NewNpcType_"&D14 -> PhyType.NewNpcType_105 | B14: NPC_Pattern | C14: 105 | D14: 105 | G14: 半兽人勇士 | H14: 比奇省 | I14: 299 | K14: =原始值!D14+VLOOKUP($H14,怪物强度修正!$A$2:$R$17,COLUMN(K14)-9,FALSE) -> 15 | L14: =原始值!E14+VLOOKUP($H14,怪物强度修正!$A$2:$R$17,COLUMN(L14)-9,FALSE) -> 32 | M14: =K14 -> 15 | N14: =L14 -> 32 | O14: =原始值!H14+VLOOKUP($H14,怪物强度修正!$A$2:$R$17,COLUMN(O14)-9,FALSE) -> 0 | P14: =原始值!I14+VLOOKUP($H14,怪物强度修正!$A$2:$R$17,COLUMN(P14)-9,FALSE) -> 0 | Q14: =原始值!J14+VLOOKUP($H14,怪物强度修正!$A$2:$R$17,COLUMN(Q14)-9,FALSE) -> 0 | R14: =原始值!K14+VLOOKUP($H14,怪物强度修正!$A$2:$R$17,COLUMN(R14)-9,FALSE) -> 0 | S14: =原始值!L14+VLOOKUP($H14,怪物强度修正!$A$2:$R$17,COLUMN(S14)-9,FALSE) -> 0 | T14: =原始值!M14+VLOOKUP($H14,怪物强度修正!$A$2:$R$17,COLUMN(T14)-9,FALSE) -> 0 | U14: =原始值!N14+VLOOKUP($H14,怪物强度修正!$A$2:$R$17,COLUMN(U14)-9,FALSE) -> 300 | V14: 1 | W14: =原始值!P14+VLOOKUP($H14,怪物强度修正!$A$2:$R$17,COLUMN(W14)-9,FALSE) -> 13 | X14: =原始值!Q14+VLOOKUP($H14,怪物强度修正!$A$2:$R$17,COLUMN(X14)-9,FALSE) -> 13 | Y14: =原始值!R14+VLOOKUP($H14,怪物强度修正!$A$2:$R$17,COLUMN(Y14)-9,FALSE) -> 75 | Z14: =原始值!S14+VLOOKUP($H14,怪物强度修正!$A$2:$R$17,COLUMN(Z14)-9,FALSE) -> 300 | AA14: =原始值!T14+VLOOKUP($H14,怪物强度修正!$A$2:$R$17,COLUMN(AA14)-9,FALSE) -> 50
A15: ="PhyType.NewNpcType_"&D15 -> PhyType.NewNpcType_1051 | B15: NPC_Pattern | C15: 1051 | D15: 1051 | G15: 半兽人勇士_BJC | H15: 边界村 | I15: 59 | K15: =原始值!D15+VLOOKUP($H15,怪物强度修正!$A$2:$R$17,COLUMN(K15)-9,FALSE) -> 6 | L15: =原始值!E15+VLOOKUP($H15,怪物强度修正!$A$2:$R$17,COLUMN(L15)-9,FALSE) -> 13 | M15: =K15 -> 6 | N15: =L15 -> 13 | O15: =原始值!H15+VLOOKUP($H15,怪物强度修正!$A$2:$R$17,COLUMN(O15)-9,FALSE) -> 0 | P15: =原始值!I15+VLOOKUP($H15,怪物强度修正!$A$2:$R$17,COLUMN(P15)-9,FALSE) -> 0 | Q15: =原始值!J15+VLOOKUP($H15,怪物强度修正!$A$2:$R$17,COLUMN(Q15)-9,FALSE) -> 2 | R15: =原始值!K15+VLOOKUP($H15,怪物强度修正!$A$2:$R$17,COLUMN(R15)-9,FALSE) -> 2 | S15: =原始值!L15+VLOOKUP($H15,怪物强度修正!$A$2:$R$17,COLUMN(S15)-9,FALSE) -> 1 | T15: =原始值!M15+VLOOKUP($H15,怪物强度修正!$A$2:$R$17,COLUMN(T15)-9,FALSE) -> 1 | U15: =原始值!N15+VLOOKUP($H15,怪物强度修正!$A$2:$R$17,COLUMN(U15)-9,FALSE) -> 65 | V15: 1 | W15: =原始值!P15+VLOOKUP($H15,怪物强度修正!$A$2:$R$17,COLUMN(W15)-9,FALSE) -> 13 | X15: =原始值!Q15+VLOOKUP($H15,怪物强度修正!$A$2:$R$17,COLUMN(X15)-9,FALSE) -> 10 | Y15: =原始值!R15+VLOOKUP($H15,怪物强度修正!$A$2:$R$17,COLUMN(Y15)-9,FALSE) -> 75 | Z15: =原始值!S15+VLOOKUP($H15,怪物强度修正!$A$2:$R$17,COLUMN(Z15)-9,FALSE) -> 300 | AA15: =原始值!T15+VLOOKUP($H15,怪物强度修正!$A$2:$R$17,COLUMN(AA15)-9,FALSE) -> 50
A16: ="PhyType.NewNpcType_"&D16 -> PhyType.NewNpcType_1052 | B16: NPC_Pattern | C16: 1052 | D16: 1052 | G16: 半兽人勇士_BQS | H16: 比奇省 | I16: 59 | K16: =原始值!D16+VLOOKUP($H16,怪物强度修正!$A$2:$R$17,COLUMN(K16)-9,FALSE) -> 6 | L16: =原始值!E16+VLOOKUP($H16,怪物强度修正!$A$2:$R$17,COLUMN(L16)-9,FALSE) -> 13 | M16: =K16 -> 6 | N16: =L16 -> 13 | O16: =原始值!H16+VLOOKUP($H16,怪物强度修正!$A$2:$R$17,COLUMN(O16)-9,FALSE) -> 0 | P16: =原始值!I16+VLOOKUP($H16,怪物强度修正!$A$2:$R$17,COLUMN(P16)-9,FALSE) -> 0 | Q16: =原始值!J16+VLOOKUP($H16,怪物强度修正!$A$2:$R$17,COLUMN(Q16)-9,FALSE) -> 2 | R16: =原始值!K16+VLOOKUP($H16,怪物强度修正!$A$2:$R$17,COLUMN(R16)-9,FALSE) -> 2 | S16: =原始值!L16+VLOOKUP($H16,怪物强度修正!$A$2:$R$17,COLUMN(S16)-9,FALSE) -> 1 | T16: =原始值!M16+VLOOKUP($H16,怪物强度修正!$A$2:$R$17,COLUMN(T16)-9,FALSE) -> 1 | U16: =原始值!N16+VLOOKUP($H16,怪物强度修正!$A$2:$R$17,COLUMN(U16)-9,FALSE) -> 65 | V16: 1 | W16: =原始值!P16+VLOOKUP($H16,怪物强度修正!$A$2:$R$17,COLUMN(W16)-9,FALSE) -> 13 | X16: =原始值!Q16+VLOOKUP($H16,怪物强度修正!$A$2:$R$17,COLUMN(X16)-9,FALSE) -> 11 | Y16: =原始值!R16+VLOOKUP($H16,怪物强度修正!$A$2:$R$17,COLUMN(Y16)-9,FALSE) -> 75 | Z16: =原始值!S16+VLOOKUP($H16,怪物强度修正!$A$2:$R$17,COLUMN(Z16)-9,FALSE) -> 300 | AA16: =原始值!T16+VLOOKUP($H16,怪物强度修正!$A$2:$R$17,COLUMN(AA16)-9,FALSE) -> 50
A17: ="PhyType.NewNpcType_"&D17 -> PhyType.NewNpcType_106 | B17: NPC_Pattern | C17: 106 | D17: 106 | G17: 鹿 | H17: 边界村 | I17: 14 | K17: =原始值!D17+VLOOKUP($H17,怪物强度修正!$A$2:$R$17,COLUMN(K17)-9,FALSE) -> 2 | L17: =原始值!E17+VLOOKUP($H17,怪物强度修正!$A$2:$R$17,COLUMN(L17)-9,FALSE) -> 4 | M17: =K17 -> 2 | N17: =L17 -> 4 | O17: =原始值!H17+VLOOKUP($H17,怪物强度修正!$A$2:$R$17,COLUMN(O17)-9,FALSE) -> 0 | P17: =原始值!I17+VLOOKUP($H17,怪物强度修正!$A$2:$R$17,COLUMN(P17)-9,FALSE) -> 0 | Q17: =原始值!J17+VLOOKUP($H17,怪物强度修正!$A$2:$R$17,COLUMN(Q17)-9,FALSE) -> 0 | R17: =原始值!K17+VLOOKUP($H17,怪物强度修正!$A$2:$R$17,COLUMN(R17)-9,FALSE) -> 0 | S17: =原始值!L17+VLOOKUP($H17,怪物强度修正!$A$2:$R$17,COLUMN(S17)-9,FALSE) -> 0 | T17: =原始值!M17+VLOOKUP($H17,怪物强度修正!$A$2:$R$17,COLUMN(T17)-9,FALSE) -> 0 | U17: =原始值!N17+VLOOKUP($H17,怪物强度修正!$A$2:$R$17,COLUMN(U17)-9,FALSE) -> 15 | V17: 1 | W17: =原始值!P17+VLOOKUP($H17,怪物强度修正!$A$2:$R$17,COLUMN(W17)-9,FALSE) -> 12 | X17: =原始值!Q17+VLOOKUP($H17,怪物强度修正!$A$2:$R$17,COLUMN(X17)-9,FALSE) -> 1 | Y17: =原始值!R17+VLOOKUP($H17,怪物强度修正!$A$2:$R$17,COLUMN(Y17)-9,FALSE) -> 75 | Z17: =原始值!S17+VLOOKUP($H17,怪物强度修正!$A$2:$R$17,COLUMN(Z17)-9,FALSE) -> 300 | AA17: =原始值!T17+VLOOKUP($H17,怪物强度修正!$A$2:$R$17,COLUMN(AA17)-9,FALSE) -> 50
A18: ="PhyType.NewNpcType_"&D18 -> PhyType.NewNpcType_107 | B18: NPC_Pattern | C18: 107 | D18: 107 | G18: 残肢僵尸 | H18: 比奇矿区 | I18: 139 | K18: =原始值!D18+VLOOKUP($H18,怪物强度修正!$A$2:$R$17,COLUMN(K18)-9,FALSE) -> 5 | L18: =原始值!E18+VLOOKUP($H18,怪物强度修正!$A$2:$R$17,COLUMN(L18)-9,FALSE) -> 12 | M18: =K18 -> 5 | N18: =L18 -> 12 | O18: =原始值!H18+VLOOKUP($H18,怪物强度修正!$A$2:$R$17,COLUMN(O18)-9,FALSE) -> 0 | P18: =原始值!I18+VLOOKUP($H18,怪物强度修正!$A$2:$R$17,COLUMN(P18)-9,FALSE) -> 0 | Q18: =原始值!J18+VLOOKUP($H18,怪物强度修正!$A$2:$R$17,COLUMN(Q18)-9,FALSE) -> 2 | R18: =原始值!K18+VLOOKUP($H18,怪物强度修正!$A$2:$R$17,COLUMN(R18)-9,FALSE) -> 2 | S18: =原始值!L18+VLOOKUP($H18,怪物强度修正!$A$2:$R$17,COLUMN(S18)-9,FALSE) -> 1 | T18: =原始值!M18+VLOOKUP($H18,怪物强度修正!$A$2:$R$17,COLUMN(T18)-9,FALSE) -> 1 | U18: =原始值!N18+VLOOKUP($H18,怪物强度修正!$A$2:$R$17,COLUMN(U18)-9,FALSE) -> 155 | V18: 1 | W18: =原始值!P18+VLOOKUP($H18,怪物强度修正!$A$2:$R$17,COLUMN(W18)-9,FALSE) -> 12 | X18: =原始值!Q18+VLOOKUP($H18,怪物强度修正!$A$2:$R$17,COLUMN(X18)-9,FALSE) -> 15 | Y18: =原始值!R18+VLOOKUP($H18,怪物强度修正!$A$2:$R$17,COLUMN(Y18)-9,FALSE) -> 75 | Z18: =原始值!S18+VLOOKUP($H18,怪物强度修正!$A$2:$R$17,COLUMN(Z18)-9,FALSE) -> 300 | AA18: =原始值!T18+VLOOKUP($H18,怪物强度修正!$A$2:$R$17,COLUMN(AA18)-9,FALSE) -> 50
A19: ="PhyType.NewNpcType_"&D19 -> PhyType.NewNpcType_108 | B19: NPC_Pattern | C19: 108 | D19: 108 | G19: 直立僵尸 | H19: 比奇矿区 | I19: 149 | K19: =原始值!D19+VLOOKUP($H19,怪物强度修正!$A$2:$R$17,COLUMN(K19)-9,FALSE) -> 5 | L19: =原始值!E19+VLOOKUP($H19,怪物强度修正!$A$2:$R$17,COLUMN(L19)-9,FALSE) -> 15 | M19: =K19 -> 5 | N19: =L19 -> 15 | O19: =原始值!H19+VLOOKUP($H19,怪物强度修正!$A$2:$R$17,COLUMN(O19)-9,FALSE) -> 0 | P19: =原始值!I19+VLOOKUP($H19,怪物强度修正!$A$2:$R$17,COLUMN(P19)-9,FALSE) -> 0 | Q19: =原始值!J19+VLOOKUP($H19,怪物强度修正!$A$2:$R$17,COLUMN(Q19)-9,FALSE) -> 2 | R19: =原始值!K19+VLOOKUP($H19,怪物强度修正!$A$2:$R$17,COLUMN(R19)-9,FALSE) -> 2 | S19: =原始值!L19+VLOOKUP($H19,怪物强度修正!$A$2:$R$17,COLUMN(S19)-9,FALSE) -> 1 | T19: =原始值!M19+VLOOKUP($H19,怪物强度修正!$A$2:$R$17,COLUMN(T19)-9,FALSE) -> 1 | U19: =原始值!N19+VLOOKUP($H19,怪物强度修正!$A$2:$R$17,COLUMN(U19)-9,FALSE) -> 155 | V19: 1 | W19: =原始值!P19+VLOOKUP($H19,怪物强度修正!$A$2:$R$17,COLUMN(W19)-9,FALSE) -> 12 | X19: =原始值!Q19+VLOOKUP($H19,怪物强度修正!$A$2:$R$17,COLUMN(X19)-9,FALSE) -> 15 | Y19: =原始值!R19+VLOOKUP($H19,怪物强度修正!$A$2:$R$17,COLUMN(Y19)-9,FALSE) -> 75 | Z19: =原始值!S19+VLOOKUP($H19,怪物强度修正!$A$2:$R$17,COLUMN(Z19)-9,FALSE) -> 300 | AA19: =原始值!T19+VLOOKUP($H19,怪物强度修正!$A$2:$R$17,COLUMN(AA19)-9,FALSE) -> 50
... A63: ="PhyType.NewNpcType_"&D63 -> PhyType.NewNpcType_152 | B63: NPC_Pattern | C63: 152 | D63: 152 | G63: 暴牙蜘蛛 | H63: 赤月峡谷 | I63: 399 | K63: =原始值!D63+VLOOKUP($H63,怪物强度修正!$A$2:$R$17,COLUMN(K63)-9,FALSE) -> 27 | L63: =原始值!E63+VLOOKUP($H63,怪物强度修正!$A$2:$R$17,COLUMN(L63)-9,FALSE) -> 39 | M63: =K63 -> 27 | N63: =L63 -> 39 | O63: =原始值!H63+VLOOKUP($H63,怪物强度修正!$A$2:$R$17,COLUMN(O63)-9,FALSE) -> 0 | P63: =原始值!I63+VLOOKUP($H63,怪物强度修正!$A$2:$R$17,COLUMN(P63)-9,FALSE) -> 0 | Q63: =原始值!J63+VLOOKUP($H63,怪物强度修正!$A$2:$R$17,COLUMN(Q63)-9,FALSE) -> 13 | R63: =原始值!K63+VLOOKUP($H63,怪物强度修正!$A$2:$R$17,COLUMN(R63)-9,FALSE) -> 13 | S63: =原始值!L63+VLOOKUP($H63,怪物强度修正!$A$2:$R$17,COLUMN(S63)-9,FALSE) -> 32 | T63: =原始值!M63+VLOOKUP($H63,怪物强度修正!$A$2:$R$17,COLUMN(T63)-9,FALSE) -> 32 | U63: =原始值!N63+VLOOKUP($H63,怪物强度修正!$A$2:$R$17,COLUMN(U63)-9,FALSE) -> 500 | V63: 12 | W63: =原始值!P63+VLOOKUP($H63,怪物强度修正!$A$2:$R$17,COLUMN(W63)-9,FALSE) -> 17 | X63: =原始值!Q63+VLOOKUP($H63,怪物强度修正!$A$2:$R$17,COLUMN(X63)-9,FALSE) -> 17 | Y63: =原始值!R63+VLOOKUP($H63,怪物强度修正!$A$2:$R$17,COLUMN(Y63)-9,FALSE) -> 75 | Z63: =原始值!S63+VLOOKUP($H63,怪物强度修正!$A$2:$R$17,COLUMN(Z63)-9,FALSE) -> 300 | AA63: =原始值!T63+VLOOKUP($H63,怪物强度修正!$A$2:$R$17,COLUMN(AA63)-9,FALSE) -> 50
A64: ="PhyType.NewNpcType_"&D64 -> PhyType.NewNpcType_201 | B64: NPC_Pattern | C64: 201 | D64: 201 | G64: =G8&"微型" -> 稻草人微型 | H64: =H8 -> 边界村 | I64: =INT((I8+1)*0.6-1) -> 5 | K64: =原始值!D64+VLOOKUP($H64,怪物强度修正!$A$2:$R$17,COLUMN(K64)-9,FALSE) -> 1 | L64: =原始值!E64+VLOOKUP($H64,怪物强度修正!$A$2:$R$17,COLUMN(L64)-9,FALSE) -> 2 | M64: =K64 -> 1 | N64: =L64 -> 2 | O64: =原始值!H64+VLOOKUP($H64,怪物强度修正!$A$2:$R$17,COLUMN(O64)-9,FALSE) -> 0 | P64: =原始值!I64+VLOOKUP($H64,怪物强度修正!$A$2:$R$17,COLUMN(P64)-9,FALSE) -> 0 | Q64: =原始值!J64+VLOOKUP($H64,怪物强度修正!$A$2:$R$17,COLUMN(Q64)-9,FALSE) -> 0 | R64: =原始值!K64+VLOOKUP($H64,怪物强度修正!$A$2:$R$17,COLUMN(R64)-9,FALSE) -> 0 | S64: =原始值!L64+VLOOKUP($H64,怪物强度修正!$A$2:$R$17,COLUMN(S64)-9,FALSE) -> 0 | T64: =原始值!M64+VLOOKUP($H64,怪物强度修正!$A$2:$R$17,COLUMN(T64)-9,FALSE) -> 0 | U64: =原始值!N64+VLOOKUP($H64,怪物强度修正!$A$2:$R$17,COLUMN(U64)-9,FALSE) -> 11 | V64: 1 | W64: =原始值!P64+VLOOKUP($H64,怪物强度修正!$A$2:$R$17,COLUMN(W64)-9,FALSE) -> 5 | X64: =原始值!Q64+VLOOKUP($H64,怪物强度修正!$A$2:$R$17,COLUMN(X64)-9,FALSE) -> 7 | Y64: =原始值!R64+VLOOKUP($H64,怪物强度修正!$A$2:$R$17,COLUMN(Y64)-9,FALSE) -> 75 | Z64: =原始值!S64+VLOOKUP($H64,怪物强度修正!$A$2:$R$17,COLUMN(Z64)-9,FALSE) -> 300 | AA64: =原始值!T64+VLOOKUP($H64,怪物强度修正!$A$2:$R$17,COLUMN(AA64)-9,FALSE) -> 50
A65: ="PhyType.NewNpcType_"&D65 -> PhyType.NewNpcType_202 | B65: NPC_Pattern | C65: 202 | D65: 202 | G65: =G9&"微型" -> 钉耙猫微型 | H65: =H9 -> 边界村 | I65: =INT((I9+1)*0.6-1) -> 9 | K65: =原始值!D65+VLOOKUP($H65,怪物强度修正!$A$2:$R$17,COLUMN(K65)-9,FALSE) -> 2 | L65: =原始值!E65+VLOOKUP($H65,怪物强度修正!$A$2:$R$17,COLUMN(L65)-9,FALSE) -> 3 | M65: =K65 -> 2 | N65: =L65 -> 3 | O65: =原始值!H65+VLOOKUP($H65,怪物强度修正!$A$2:$R$17,COLUMN(O65)-9,FALSE) -> 0 | P65: =原始值!I65+VLOOKUP($H65,怪物强度修正!$A$2:$R$17,COLUMN(P65)-9,FALSE) -> 0 | Q65: =原始值!J65+VLOOKUP($H65,怪物强度修正!$A$2:$R$17,COLUMN(Q65)-9,FALSE) -> 0 | R65: =原始值!K65+VLOOKUP($H65,怪物强度修正!$A$2:$R$17,COLUMN(R65)-9,FALSE) -> 0 | S65: =原始值!L65+VLOOKUP($H65,怪物强度修正!$A$2:$R$17,COLUMN(S65)-9,FALSE) -> 0 | T65: =原始值!M65+VLOOKUP($H65,怪物强度修正!$A$2:$R$17,COLUMN(T65)-9,FALSE) -> 0 | U65: =原始值!N65+VLOOKUP($H65,怪物强度修正!$A$2:$R$17,COLUMN(U65)-9,FALSE) -> 16 | V65: 1 | W65: =原始值!P65+VLOOKUP($H65,怪物强度修正!$A$2:$R$17,COLUMN(W65)-9,FALSE) -> 5 | X65: =原始值!Q65+VLOOKUP($H65,怪物强度修正!$A$2:$R$17,COLUMN(X65)-9,FALSE) -> 7 | Y65: =原始值!R65+VLOOKUP($H65,怪物强度修正!$A$2:$R$17,COLUMN(Y65)-9,FALSE) -> 75 | Z65: =原始值!S65+VLOOKUP($H65,怪物强度修正!$A$2:$R$17,COLUMN(Z65)-9,FALSE) -> 300 | AA65: =原始值!T65+VLOOKUP($H65,怪物强度修正!$A$2:$R$17,COLUMN(AA65)-9,FALSE) -> 50
A66: ="PhyType.NewNpcType_"&D66 -> PhyType.NewNpcType_203 | B66: NPC_Pattern | C66: 203 | D66: 203 | G66: =G10&"微型" -> 半兽人微型 | H66: =H10 -> 边界村 | I66: =INT((I10+1)*0.6-1) -> 14 | K66: =原始值!D66+VLOOKUP($H66,怪物强度修正!$A$2:$R$17,COLUMN(K66)-9,FALSE) -> 2 | L66: =原始值!E66+VLOOKUP($H66,怪物强度修正!$A$2:$R$17,COLUMN(L66)-9,FALSE) -> 6 | M66: =K66 -> 2 | N66: =L66 -> 6 | O66: =原始值!H66+VLOOKUP($H66,怪物强度修正!$A$2:$R$17,COLUMN(O66)-9,FALSE) -> 0 | P66: =原始值!I66+VLOOKUP($H66,怪物强度修正!$A$2:$R$17,COLUMN(P66)-9,FALSE) -> 0 | Q66: =原始值!J66+VLOOKUP($H66,怪物强度修正!$A$2:$R$17,COLUMN(Q66)-9,FALSE) -> 1 | R66: =原始值!K66+VLOOKUP($H66,怪物强度修正!$A$2:$R$17,COLUMN(R66)-9,FALSE) -> 1 | S66: =原始值!L66+VLOOKUP($H66,怪物强度修正!$A$2:$R$17,COLUMN(S66)-9,FALSE) -> 0 | T66: =原始值!M66+VLOOKUP($H66,怪物强度修正!$A$2:$R$17,COLUMN(T66)-9,FALSE) -> 0 | U66: =原始值!N66+VLOOKUP($H66,怪物强度修正!$A$2:$R$17,COLUMN(U66)-9,FALSE) -> 21 | V66: 1 | W66: =原始值!P66+VLOOKUP($H66,怪物强度修正!$A$2:$R$17,COLUMN(W66)-9,FALSE) -> 6 | X66: =原始值!Q66+VLOOKUP($H66,怪物强度修正!$A$2:$R$17,COLUMN(X66)-9,FALSE) -> 8 | Y66: =原始值!R66+VLOOKUP($H66,怪物强度修正!$A$2:$R$17,COLUMN(Y66)-9,FALSE) -> 75 | Z66: =原始值!S66+VLOOKUP($H66,怪物强度修正!$A$2:$R$17,COLUMN(Z66)-9,FALSE) -> 300 | AA66: =原始值!T66+VLOOKUP($H66,怪物强度修正!$A$2:$R$17,COLUMN(AA66)-9,FALSE) -> 50
A67: ="PhyType.NewNpcType_"&D67 -> PhyType.NewNpcType_204 | B67: NPC_Pattern | C67: 204 | D67: 204 | G67: =G11&"微型" -> 半兽人战士微型 | H67: =H11 -> 比奇省 | I67: =INT((I11+1)*0.6-1) -> 53 | K67: =原始值!D67+VLOOKUP($H67,怪物强度修正!$A$2:$R$17,COLUMN(K67)-9,FALSE) -> 4 | L67: =原始值!E67+VLOOKUP($H67,怪物强度修正!$A$2:$R$17,COLUMN(L67)-9,FALSE) -> 10 | M67: =K67 -> 4 | N67: =L67 -> 10 | O67: =原始值!H67+VLOOKUP($H67,怪物强度修正!$A$2:$R$17,COLUMN(O67)-9,FALSE) -> 0 | P67: =原始值!I67+VLOOKUP($H67,怪物强度修正!$A$2:$R$17,COLUMN(P67)-9,FALSE) -> 0 | Q67: =原始值!J67+VLOOKUP($H67,怪物强度修正!$A$2:$R$17,COLUMN(Q67)-9,FALSE) -> 3 | R67: =原始值!K67+VLOOKUP($H67,怪物强度修正!$A$2:$R$17,COLUMN(R67)-9,FALSE) -> 3 | S67: =原始值!L67+VLOOKUP($H67,怪物强度修正!$A$2:$R$17,COLUMN(S67)-9,FALSE) -> 1 | T67: =原始值!M67+VLOOKUP($H67,怪物强度修正!$A$2:$R$17,COLUMN(T67)-9,FALSE) -> 1 | U67: =原始值!N67+VLOOKUP($H67,怪物强度修正!$A$2:$R$17,COLUMN(U67)-9,FALSE) -> 70 | V67: 1 | W67: =原始值!P67+VLOOKUP($H67,怪物强度修正!$A$2:$R$17,COLUMN(W67)-9,FALSE) -> 10 | X67: =原始值!Q67+VLOOKUP($H67,怪物强度修正!$A$2:$R$17,COLUMN(X67)-9,FALSE) -> 13 | Y67: =原始值!R67+VLOOKUP($H67,怪物强度修正!$A$2:$R$17,COLUMN(Y67)-9,FALSE) -> 75 | Z67: =原始值!S67+VLOOKUP($H67,怪物强度修正!$A$2:$R$17,COLUMN(Z67)-9,FALSE) -> 300 | AA67: =原始值!T67+VLOOKUP($H67,怪物强度修正!$A$2:$R$17,COLUMN(AA67)-9,FALSE) -> 50
A68: ="PhyType.NewNpcType_"&D68 -> PhyType.NewNpcType_2041 | B68: NPC_Pattern | C68: 2041 | D68: 2041 | G68: =G12&"微型" -> 半兽人战士_BJC微型 | H68: =H12 -> 边界村 | I68: =INT((I12+1)*0.6-1) -> 18 | K68: =原始值!D68+VLOOKUP($H68,怪物强度修正!$A$2:$R$17,COLUMN(K68)-9,FALSE) -> 3 | L68: =原始值!E68+VLOOKUP($H68,怪物强度修正!$A$2:$R$17,COLUMN(L68)-9,FALSE) -> 7 | M68: =K68 -> 3 | N68: =L68 -> 7 | O68: =原始值!H68+VLOOKUP($H68,怪物强度修正!$A$2:$R$17,COLUMN(O68)-9,FALSE) -> 0 | P68: =原始值!I68+VLOOKUP($H68,怪物强度修正!$A$2:$R$17,COLUMN(P68)-9,FALSE) -> 0 | Q68: =原始值!J68+VLOOKUP($H68,怪物强度修正!$A$2:$R$17,COLUMN(Q68)-9,FALSE) -> 1 | R68: =原始值!K68+VLOOKUP($H68,怪物强度修正!$A$2:$R$17,COLUMN(R68)-9,FALSE) -> 1 | S68: =原始值!L68+VLOOKUP($H68,怪物强度修正!$A$2:$R$17,COLUMN(S68)-9,FALSE) -> 0 | T68: =原始值!M68+VLOOKUP($H68,怪物强度修正!$A$2:$R$17,COLUMN(T68)-9,FALSE) -> 0 | U68: =原始值!N68+VLOOKUP($H68,怪物强度修正!$A$2:$R$17,COLUMN(U68)-9,FALSE) -> 25 | V68: 1 | W68: =原始值!P68+VLOOKUP($H68,怪物强度修正!$A$2:$R$17,COLUMN(W68)-9,FALSE) -> 10 | X68: =原始值!Q68+VLOOKUP($H68,怪物强度修正!$A$2:$R$17,COLUMN(X68)-9,FALSE) -> 9 | Y68: =原始值!R68+VLOOKUP($H68,怪物强度修正!$A$2:$R$17,COLUMN(Y68)-9,FALSE) -> 75 | Z68: =原始值!S68+VLOOKUP($H68,怪物强度修正!$A$2:$R$17,COLUMN(Z68)-9,FALSE) -> 300 | AA68: =原始值!T68+VLOOKUP($H68,怪物强度修正!$A$2:$R$17,COLUMN(AA68)-9,FALSE) -> 50
A69: ="PhyType.NewNpcType_"&D69 -> PhyType.NewNpcType_2042 | B69: NPC_Pattern | C69: 2042 | D69: 2042 | G69: =G13&"微型" -> 半兽人战士_BQS微型 | H69: =H13 -> 比奇省 | I69: =INT((I13+1)*0.6-1) -> 23 | K69: =原始值!D69+VLOOKUP($H69,怪物强度修正!$A$2:$R$17,COLUMN(K69)-9,FALSE) -> 4 | L69: =原始值!E69+VLOOKUP($H69,怪物强度修正!$A$2:$R$17,COLUMN(L69)-9,FALSE) -> 9 | M69: =K69 -> 4 | N69: =L69 -> 9 | O69: =原始值!H69+VLOOKUP($H69,怪物强度修正!$A$2:$R$17,COLUMN(O69)-9,FALSE) -> 0 | P69: =原始值!I69+VLOOKUP($H69,怪物强度修正!$A$2:$R$17,COLUMN(P69)-9,FALSE) -> 0 | Q69: =原始值!J69+VLOOKUP($H69,怪物强度修正!$A$2:$R$17,COLUMN(Q69)-9,FALSE) -> 1 | R69: =原始值!K69+VLOOKUP($H69,怪物强度修正!$A$2:$R$17,COLUMN(R69)-9,FALSE) -> 1 | S69: =原始值!L69+VLOOKUP($H69,怪物强度修正!$A$2:$R$17,COLUMN(S69)-9,FALSE) -> 0 | T69: =原始值!M69+VLOOKUP($H69,怪物强度修正!$A$2:$R$17,COLUMN(T69)-9,FALSE) -> 0 | U69: =原始值!N69+VLOOKUP($H69,怪物强度修正!$A$2:$R$17,COLUMN(U69)-9,FALSE) -> 32 | V69: 1 | W69: =原始值!P69+VLOOKUP($H69,怪物强度修正!$A$2:$R$17,COLUMN(W69)-9,FALSE) -> 10 | X69: =原始值!Q69+VLOOKUP($H69,怪物强度修正!$A$2:$R$17,COLUMN(X69)-9,FALSE) -> 10 | Y69: =原始值!R69+VLOOKUP($H69,怪物强度修正!$A$2:$R$17,COLUMN(Y69)-9,FALSE) -> 75 | Z69: =原始值!S69+VLOOKUP($H69,怪物强度修正!$A$2:$R$17,COLUMN(Z69)-9,FALSE) -> 300 | AA69: =原始值!T69+VLOOKUP($H69,怪物强度修正!$A$2:$R$17,COLUMN(AA69)-9,FALSE) -> 50
A70: ="PhyType.NewNpcType_"&D70 -> PhyType.NewNpcType_205 | B70: NPC_Pattern | C70: 205 | D70: 205 | G70: =G14&"微型" -> 半兽人勇士微型 | H70: =H14 -> 比奇省 | I70: =INT((I14+1)*0.6-1) -> 179 | K70: =原始值!D70+VLOOKUP($H70,怪物强度修正!$A$2:$R$17,COLUMN(K70)-9,FALSE) -> 12 | L70: =原始值!E70+VLOOKUP($H70,怪物强度修正!$A$2:$R$17,COLUMN(L70)-9,FALSE) -> 26 | M70: =K70 -> 12 | N70: =L70 -> 26 | O70: =原始值!H70+VLOOKUP($H70,怪物强度修正!$A$2:$R$17,COLUMN(O70)-9,FALSE) -> 0 | P70: =原始值!I70+VLOOKUP($H70,怪物强度修正!$A$2:$R$17,COLUMN(P70)-9,FALSE) -> 0 | Q70: =原始值!J70+VLOOKUP($H70,怪物强度修正!$A$2:$R$17,COLUMN(Q70)-9,FALSE) -> 0 | R70: =原始值!K70+VLOOKUP($H70,怪物强度修正!$A$2:$R$17,COLUMN(R70)-9,FALSE) -> 0 | S70: =原始值!L70+VLOOKUP($H70,怪物强度修正!$A$2:$R$17,COLUMN(S70)-9,FALSE) -> 0 | T70: =原始值!M70+VLOOKUP($H70,怪物强度修正!$A$2:$R$17,COLUMN(T70)-9,FALSE) -> 0 | U70: =原始值!N70+VLOOKUP($H70,怪物强度修正!$A$2:$R$17,COLUMN(U70)-9,FALSE) -> 210 | V70: 1 | W70: =原始值!P70+VLOOKUP($H70,怪物强度修正!$A$2:$R$17,COLUMN(W70)-9,FALSE) -> 13 | X70: =原始值!Q70+VLOOKUP($H70,怪物强度修正!$A$2:$R$17,COLUMN(X70)-9,FALSE) -> 13 | Y70: =原始值!R70+VLOOKUP($H70,怪物强度修正!$A$2:$R$17,COLUMN(Y70)-9,FALSE) -> 75 | Z70: =原始值!S70+VLOOKUP($H70,怪物强度修正!$A$2:$R$17,COLUMN(Z70)-9,FALSE) -> 300 | AA70: =原始值!T70+VLOOKUP($H70,怪物强度修正!$A$2:$R$17,COLUMN(AA70)-9,FALSE) -> 50
A71: ="PhyType.NewNpcType_"&D71 -> PhyType.NewNpcType_2051 | B71: NPC_Pattern | C71: 2051 | D71: 2051 | G71: =G15&"微型" -> 半兽人勇士_BJC微型 | H71: =H15 -> 边界村 | I71: =INT((I15+1)*0.6-1) -> 35 | K71: =原始值!D71+VLOOKUP($H71,怪物强度修正!$A$2:$R$17,COLUMN(K71)-9,FALSE) -> 5 | L71: =原始值!E71+VLOOKUP($H71,怪物强度修正!$A$2:$R$17,COLUMN(L71)-9,FALSE) -> 10 | M71: =K71 -> 5 | N71: =L71 -> 10 | O71: =原始值!H71+VLOOKUP($H71,怪物强度修正!$A$2:$R$17,COLUMN(O71)-9,FALSE) -> 0 | P71: =原始值!I71+VLOOKUP($H71,怪物强度修正!$A$2:$R$17,COLUMN(P71)-9,FALSE) -> 0 | Q71: =原始值!J71+VLOOKUP($H71,怪物强度修正!$A$2:$R$17,COLUMN(Q71)-9,FALSE) -> 2 | R71: =原始值!K71+VLOOKUP($H71,怪物强度修正!$A$2:$R$17,COLUMN(R71)-9,FALSE) -> 2 | S71: =原始值!L71+VLOOKUP($H71,怪物强度修正!$A$2:$R$17,COLUMN(S71)-9,FALSE) -> 1 | T71: =原始值!M71+VLOOKUP($H71,怪物强度修正!$A$2:$R$17,COLUMN(T71)-9,FALSE) -> 1 | U71: =原始值!N71+VLOOKUP($H71,怪物强度修正!$A$2:$R$17,COLUMN(U71)-9,FALSE) -> 46 | V71: 1 | W71: =原始值!P71+VLOOKUP($H71,怪物强度修正!$A$2:$R$17,COLUMN(W71)-9,FALSE) -> 13 | X71: =原始值!Q71+VLOOKUP($H71,怪物强度修正!$A$2:$R$17,COLUMN(X71)-9,FALSE) -> 10 | Y71: =原始值!R71+VLOOKUP($H71,怪物强度修正!$A$2:$R$17,COLUMN(Y71)-9,FALSE) -> 75 | Z71: =原始值!S71+VLOOKUP($H71,怪物强度修正!$A$2:$R$17,COLUMN(Z71)-9,FALSE) -> 300 | AA71: =原始值!T71+VLOOKUP($H71,怪物强度修正!$A$2:$R$17,COLUMN(AA71)-9,FALSE) -> 50
A72: ="PhyType.NewNpcType_"&D72 -> PhyType.NewNpcType_2052 | B72: NPC_Pattern | C72: 2052 | D72: 2052 | G72: =G16&"微型" -> 半兽人勇士_BQS微型 | H72: =H16 -> 比奇省 | I72: =INT((I16+1)*0.6-1) -> 35 | K72: =原始值!D72+VLOOKUP($H72,怪物强度修正!$A$2:$R$17,COLUMN(K72)-9,FALSE) -> 5 | L72: =原始值!E72+VLOOKUP($H72,怪物强度修正!$A$2:$R$17,COLUMN(L72)-9,FALSE) -> 10 | M72: =K72 -> 5 | N72: =L72 -> 10 | O72: =原始值!H72+VLOOKUP($H72,怪物强度修正!$A$2:$R$17,COLUMN(O72)-9,FALSE) -> 0 | P72: =原始值!I72+VLOOKUP($H72,怪物强度修正!$A$2:$R$17,COLUMN(P72)-9,FALSE) -> 0 | Q72: =原始值!J72+VLOOKUP($H72,怪物强度修正!$A$2:$R$17,COLUMN(Q72)-9,FALSE) -> 2 | R72: =原始值!K72+VLOOKUP($H72,怪物强度修正!$A$2:$R$17,COLUMN(R72)-9,FALSE) -> 2 | S72: =原始值!L72+VLOOKUP($H72,怪物强度修正!$A$2:$R$17,COLUMN(S72)-9,FALSE) -> 1 | T72: =原始值!M72+VLOOKUP($H72,怪物强度修正!$A$2:$R$17,COLUMN(T72)-9,FALSE) -> 1 | U72: =原始值!N72+VLOOKUP($H72,怪物强度修正!$A$2:$R$17,COLUMN(U72)-9,FALSE) -> 46 | V72: 1 | W72: =原始值!P72+VLOOKUP($H72,怪物强度修正!$A$2:$R$17,COLUMN(W72)-9,FALSE) -> 13 | X72: =原始值!Q72+VLOOKUP($H72,怪物强度修正!$A$2:$R$17,COLUMN(X72)-9,FALSE) -> 11 | Y72: =原始值!R72+VLOOKUP($H72,怪物强度修正!$A$2:$R$17,COLUMN(Y72)-9,FALSE) -> 75 | Z72: =原始值!S72+VLOOKUP($H72,怪物强度修正!$A$2:$R$17,COLUMN(Z72)-9,FALSE) -> 300 | AA72: =原始值!T72+VLOOKUP($H72,怪物强度修正!$A$2:$R$17,COLUMN(AA72)-9,FALSE) -> 50
A73: ="PhyType.NewNpcType_"&D73 -> PhyType.NewNpcType_206 | B73: NPC_Pattern | C73: 206 | D73: 206 | G73: =G17&"微型" -> 鹿微型 | H73: =H17 -> 边界村 | I73: =INT((I17+1)*0.6-1) -> 8 | K73: =原始值!D73+VLOOKUP($H73,怪物强度修正!$A$2:$R$17,COLUMN(K73)-9,FALSE) -> 2 | L73: =原始值!E73+VLOOKUP($H73,怪物强度修正!$A$2:$R$17,COLUMN(L73)-9,FALSE) -> 3 | M73: =K73 -> 2 | N73: =L73 -> 3 | O73: =原始值!H73+VLOOKUP($H73,怪物强度修正!$A$2:$R$17,COLUMN(O73)-9,FALSE) -> 0 | P73: =原始值!I73+VLOOKUP($H73,怪物强度修正!$A$2:$R$17,COLUMN(P73)-9,FALSE) -> 0 | Q73: =原始值!J73+VLOOKUP($H73,怪物强度修正!$A$2:$R$17,COLUMN(Q73)-9,FALSE) -> 0 | R73: =原始值!K73+VLOOKUP($H73,怪物强度修正!$A$2:$R$17,COLUMN(R73)-9,FALSE) -> 0 | S73: =原始值!L73+VLOOKUP($H73,怪物强度修正!$A$2:$R$17,COLUMN(S73)-9,FALSE) -> 0 | T73: =原始值!M73+VLOOKUP($H73,怪物强度修正!$A$2:$R$17,COLUMN(T73)-9,FALSE) -> 0 | U73: =原始值!N73+VLOOKUP($H73,怪物强度修正!$A$2:$R$17,COLUMN(U73)-9,FALSE) -> 11 | V73: 1 | W73: =原始值!P73+VLOOKUP($H73,怪物强度修正!$A$2:$R$17,COLUMN(W73)-9,FALSE) -> 12 | X73: =原始值!Q73+VLOOKUP($H73,怪物强度修正!$A$2:$R$17,COLUMN(X73)-9,FALSE) -> 1 | Y73: =原始值!R73+VLOOKUP($H73,怪物强度修正!$A$2:$R$17,COLUMN(Y73)-9,FALSE) -> 75 | Z73: =原始值!S73+VLOOKUP($H73,怪物强度修正!$A$2:$R$17,COLUMN(Z73)-9,FALSE) -> 300 | AA73: =原始值!T73+VLOOKUP($H73,怪物强度修正!$A$2:$R$17,COLUMN(AA73)-9,FALSE) -> 50
A74: ="PhyType.NewNpcType_"&D74 -> PhyType.NewNpcType_207 | B74: NPC_Pattern | C74: 207 | D74: 207 | G74: =G18&"微型" -> 残肢僵尸微型 | H74: =H18 -> 比奇矿区 | I74: =INT((I18+1)*0.6-1) -> 83 | K74: =原始值!D74+VLOOKUP($H74,怪物强度修正!$A$2:$R$17,COLUMN(K74)-9,FALSE) -> 4 | L74: =原始值!E74+VLOOKUP($H74,怪物强度修正!$A$2:$R$17,COLUMN(L74)-9,FALSE) -> 10 | M74: =K74 -> 4 | N74: =L74 -> 10 | O74: =原始值!H74+VLOOKUP($H74,怪物强度修正!$A$2:$R$17,COLUMN(O74)-9,FALSE) -> 0 | P74: =原始值!I74+VLOOKUP($H74,怪物强度修正!$A$2:$R$17,COLUMN(P74)-9,FALSE) -> 0 | Q74: =原始值!J74+VLOOKUP($H74,怪物强度修正!$A$2:$R$17,COLUMN(Q74)-9,FALSE) -> 2 | R74: =原始值!K74+VLOOKUP($H74,怪物强度修正!$A$2:$R$17,COLUMN(R74)-9,FALSE) -> 2 | S74: =原始值!L74+VLOOKUP($H74,怪物强度修正!$A$2:$R$17,COLUMN(S74)-9,FALSE) -> 1 | T74: =原始值!M74+VLOOKUP($H74,怪物强度修正!$A$2:$R$17,COLUMN(T74)-9,FALSE) -> 1 | U74: =原始值!N74+VLOOKUP($H74,怪物强度修正!$A$2:$R$17,COLUMN(U74)-9,FALSE) -> 109 | V74: 1 | W74: =原始值!P74+VLOOKUP($H74,怪物强度修正!$A$2:$R$17,COLUMN(W74)-9,FALSE) -> 12 | X74: =原始值!Q74+VLOOKUP($H74,怪物强度修正!$A$2:$R$17,COLUMN(X74)-9,FALSE) -> 15 | Y74: =原始值!R74+VLOOKUP($H74,怪物强度修正!$A$2:$R$17,COLUMN(Y74)-9,FALSE) -> 75 | Z74: =原始值!S74+VLOOKUP($H74,怪物强度修正!$A$2:$R$17,COLUMN(Z74)-9,FALSE) -> 300 | AA74: =原始值!T74+VLOOKUP($H74,怪物强度修正!$A$2:$R$17,COLUMN(AA74)-9,FALSE) -> 50
A75: ="PhyType.NewNpcType_"&D75 -> PhyType.NewNpcType_208 | B75: NPC_Pattern | C75: 208 | D75: 208 | G75: =G19&"微型" -> 直立僵尸微型 | H75: =H19 -> 比奇矿区 | I75: =INT((I19+1)*0.6-1) -> 89 | K75: =原始值!D75+VLOOKUP($H75,怪物强度修正!$A$2:$R$17,COLUMN(K75)-9,FALSE) -> 4 | L75: =原始值!E75+VLOOKUP($H75,怪物强度修正!$A$2:$R$17,COLUMN(L75)-9,FALSE) -> 12 | M75: =K75 -> 4 | N75: =L75 -> 12 | O75: =原始值!H75+VLOOKUP($H75,怪物强度修正!$A$2:$R$17,COLUMN(O75)-9,FALSE) -> 0 | P75: =原始值!I75+VLOOKUP($H75,怪物强度修正!$A$2:$R$17,COLUMN(P75)-9,FALSE) -> 0 | Q75: =原始值!J75+VLOOKUP($H75,怪物强度修正!$A$2:$R$17,COLUMN(Q75)-9,FALSE) -> 2 | R75: =原始值!K75+VLOOKUP($H75,怪物强度修正!$A$2:$R$17,COLUMN(R75)-9,FALSE) -> 2 | S75: =原始值!L75+VLOOKUP($H75,怪物强度修正!$A$2:$R$17,COLUMN(S75)-9,FALSE) -> 1 | T75: =原始值!M75+VLOOKUP($H75,怪物强度修正!$A$2:$R$17,COLUMN(T75)-9,FALSE) -> 1 | U75: =原始值!N75+VLOOKUP($H75,怪物强度修正!$A$2:$R$17,COLUMN(U75)-9,FALSE) -> 109 | V75: 1 | W75: =原始值!P75+VLOOKUP($H75,怪物强度修正!$A$2:$R$17,COLUMN(W75)-9,FALSE) -> 12 | X75: =原始值!Q75+VLOOKUP($H75,怪物强度修正!$A$2:$R$17,COLUMN(X75)-9,FALSE) -> 15 | Y75: =原始值!R75+VLOOKUP($H75,怪物强度修正!$A$2:$R$17,COLUMN(Y75)-9,FALSE) -> 75 | Z75: =原始值!S75+VLOOKUP($H75,怪物强度修正!$A$2:$R$17,COLUMN(Z75)-9,FALSE) -> 300 | AA75: =原始值!T75+VLOOKUP($H75,怪物强度修正!$A$2:$R$17,COLUMN(AA75)-9,FALSE) -> 50
... A119: ="PhyType.NewNpcType_"&D119 -> PhyType.NewNpcType_252 | B119: NPC_Pattern | C119: 252 | D119: 252 | G119: =G63&"微型" -> 暴牙蜘蛛微型 | H119: =H63 -> 赤月峡谷 | I119: =INT((I63+1)*0.6-1) -> 239 | K119: =原始值!D119+VLOOKUP($H119,怪物强度修正!$A$2:$R$17,COLUMN(K119)-9,FALSE) -> 23 | L119: =原始值!E119+VLOOKUP($H119,怪物强度修正!$A$2:$R$17,COLUMN(L119)-9,FALSE) -> 32 | M119: =K119 -> 23 | N119: =L119 -> 32 | O119: =原始值!H119+VLOOKUP($H119,怪物强度修正!$A$2:$R$17,COLUMN(O119)-9,FALSE) -> 0 | P119: =原始值!I119+VLOOKUP($H119,怪物强度修正!$A$2:$R$17,COLUMN(P119)-9,FALSE) -> 0 | Q119: =原始值!J119+VLOOKUP($H119,怪物强度修正!$A$2:$R$17,COLUMN(Q119)-9,FALSE) -> 13 | R119: =原始值!K119+VLOOKUP($H119,怪物强度修正!$A$2:$R$17,COLUMN(R119)-9,FALSE) -> 13 | S119: =原始值!L119+VLOOKUP($H119,怪物强度修正!$A$2:$R$17,COLUMN(S119)-9,FALSE) -> 32 | T119: =原始值!M119+VLOOKUP($H119,怪物强度修正!$A$2:$R$17,COLUMN(T119)-9,FALSE) -> 32 | U119: =原始值!N119+VLOOKUP($H119,怪物强度修正!$A$2:$R$17,COLUMN(U119)-9,FALSE) -> 350 | V119: 12 | W119: =原始值!P119+VLOOKUP($H119,怪物强度修正!$A$2:$R$17,COLUMN(W119)-9,FALSE) -> 17 | X119: =原始值!Q119+VLOOKUP($H119,怪物强度修正!$A$2:$R$17,COLUMN(X119)-9,FALSE) -> 17 | Y119: =原始值!R119+VLOOKUP($H119,怪物强度修正!$A$2:$R$17,COLUMN(Y119)-9,FALSE) -> 75 | Z119: =原始值!S119+VLOOKUP($H119,怪物强度修正!$A$2:$R$17,COLUMN(Z119)-9,FALSE) -> 300 | AA119: =原始值!T119+VLOOKUP($H119,怪物强度修正!$A$2:$R$17,COLUMN(AA119)-9,FALSE) -> 50
A120: ="PhyType.NewNpcType_"&D120 -> PhyType.NewNpcType_301 | B120: NPC_Pattern | C120: 301 | D120: 301 | G120: =G8&"头目" -> 稻草人头目 | H120: =H8 -> 边界村 | I120: =INT((I8+1)*1.7-1) -> 16 | K120: =原始值!D120+VLOOKUP($H120,怪物强度修正!$A$2:$R$17,COLUMN(K120)-9,FALSE) -> 1 | L120: =原始值!E120+VLOOKUP($H120,怪物强度修正!$A$2:$R$17,COLUMN(L120)-9,FALSE) -> 2 | M120: =K120 -> 1 | N120: =L120 -> 2 | O120: =原始值!H120+VLOOKUP($H120,怪物强度修正!$A$2:$R$17,COLUMN(O120)-9,FALSE) -> 0 | P120: =原始值!I120+VLOOKUP($H120,怪物强度修正!$A$2:$R$17,COLUMN(P120)-9,FALSE) -> 0 | Q120: =原始值!J120+VLOOKUP($H120,怪物强度修正!$A$2:$R$17,COLUMN(Q120)-9,FALSE) -> 0 | R120: =原始值!K120+VLOOKUP($H120,怪物强度修正!$A$2:$R$17,COLUMN(R120)-9,FALSE) -> 0 | S120: =原始值!L120+VLOOKUP($H120,怪物强度修正!$A$2:$R$17,COLUMN(S120)-9,FALSE) -> 0 | T120: =原始值!M120+VLOOKUP($H120,怪物强度修正!$A$2:$R$17,COLUMN(T120)-9,FALSE) -> 0 | U120: =原始值!N120+VLOOKUP($H120,怪物强度修正!$A$2:$R$17,COLUMN(U120)-9,FALSE) -> 24 | V120: 1 | W120: =原始值!P120+VLOOKUP($H120,怪物强度修正!$A$2:$R$17,COLUMN(W120)-9,FALSE) -> 5 | X120: =原始值!Q120+VLOOKUP($H120,怪物强度修正!$A$2:$R$17,COLUMN(X120)-9,FALSE) -> 7 | Y120: =原始值!R120+VLOOKUP($H120,怪物强度修正!$A$2:$R$17,COLUMN(Y120)-9,FALSE) -> 75 | Z120: =原始值!S120+VLOOKUP($H120,怪物强度修正!$A$2:$R$17,COLUMN(Z120)-9,FALSE) -> 300 | AA120: =原始值!T120+VLOOKUP($H120,怪物强度修正!$A$2:$R$17,COLUMN(AA120)-9,FALSE) -> 50
A121: ="PhyType.NewNpcType_"&D121 -> PhyType.NewNpcType_302 | B121: NPC_Pattern | C121: 302 | D121: 302 | G121: =G9&"头目" -> 钉耙猫头目 | H121: =H9 -> 边界村 | I121: =INT((I9+1)*1.7-1) -> 29 | K121: =原始值!D121+VLOOKUP($H121,怪物强度修正!$A$2:$R$17,COLUMN(K121)-9,FALSE) -> 2 | L121: =原始值!E121+VLOOKUP($H121,怪物强度修正!$A$2:$R$17,COLUMN(L121)-9,FALSE) -> 5 | M121: =K121 -> 2 | N121: =L121 -> 5 | O121: =原始值!H121+VLOOKUP($H121,怪物强度修正!$A$2:$R$17,COLUMN(O121)-9,FALSE) -> 0 | P121: =原始值!I121+VLOOKUP($H121,怪物强度修正!$A$2:$R$17,COLUMN(P121)-9,FALSE) -> 0 | Q121: =原始值!J121+VLOOKUP($H121,怪物强度修正!$A$2:$R$17,COLUMN(Q121)-9,FALSE) -> 0 | R121: =原始值!K121+VLOOKUP($H121,怪物强度修正!$A$2:$R$17,COLUMN(R121)-9,FALSE) -> 0 | S121: =原始值!L121+VLOOKUP($H121,怪物强度修正!$A$2:$R$17,COLUMN(S121)-9,FALSE) -> 0 | T121: =原始值!M121+VLOOKUP($H121,怪物强度修正!$A$2:$R$17,COLUMN(T121)-9,FALSE) -> 0 | U121: =原始值!N121+VLOOKUP($H121,怪物强度修正!$A$2:$R$17,COLUMN(U121)-9,FALSE) -> 37 | V121: 1 | W121: =原始值!P121+VLOOKUP($H121,怪物强度修正!$A$2:$R$17,COLUMN(W121)-9,FALSE) -> 5 | X121: =原始值!Q121+VLOOKUP($H121,怪物强度修正!$A$2:$R$17,COLUMN(X121)-9,FALSE) -> 7 | Y121: =原始值!R121+VLOOKUP($H121,怪物强度修正!$A$2:$R$17,COLUMN(Y121)-9,FALSE) -> 75 | Z121: =原始值!S121+VLOOKUP($H121,怪物强度修正!$A$2:$R$17,COLUMN(Z121)-9,FALSE) -> 300 | AA121: =原始值!T121+VLOOKUP($H121,怪物强度修正!$A$2:$R$17,COLUMN(AA121)-9,FALSE) -> 50
A122: ="PhyType.NewNpcType_"&D122 -> PhyType.NewNpcType_303 | B122: NPC_Pattern | C122: 303 | D122: 303 | G122: =G10&"头目" -> 半兽人头目 | H122: =H10 -> 边界村 | I122: =INT((I10+1)*1.7-1) -> 41 | K122: =原始值!D122+VLOOKUP($H122,怪物强度修正!$A$2:$R$17,COLUMN(K122)-9,FALSE) -> 4 | L122: =原始值!E122+VLOOKUP($H122,怪物强度修正!$A$2:$R$17,COLUMN(L122)-9,FALSE) -> 8 | M122: =K122 -> 4 | N122: =L122 -> 8 | O122: =原始值!H122+VLOOKUP($H122,怪物强度修正!$A$2:$R$17,COLUMN(O122)-9,FALSE) -> 0 | P122: =原始值!I122+VLOOKUP($H122,怪物强度修正!$A$2:$R$17,COLUMN(P122)-9,FALSE) -> 0 | Q122: =原始值!J122+VLOOKUP($H122,怪物强度修正!$A$2:$R$17,COLUMN(Q122)-9,FALSE) -> 1 | R122: =原始值!K122+VLOOKUP($H122,怪物强度修正!$A$2:$R$17,COLUMN(R122)-9,FALSE) -> 1 | S122: =原始值!L122+VLOOKUP($H122,怪物强度修正!$A$2:$R$17,COLUMN(S122)-9,FALSE) -> 0 | T122: =原始值!M122+VLOOKUP($H122,怪物强度修正!$A$2:$R$17,COLUMN(T122)-9,FALSE) -> 0 | U122: =原始值!N122+VLOOKUP($H122,怪物强度修正!$A$2:$R$17,COLUMN(U122)-9,FALSE) -> 48 | V122: 1 | W122: =原始值!P122+VLOOKUP($H122,怪物强度修正!$A$2:$R$17,COLUMN(W122)-9,FALSE) -> 6 | X122: =原始值!Q122+VLOOKUP($H122,怪物强度修正!$A$2:$R$17,COLUMN(X122)-9,FALSE) -> 8 | Y122: =原始值!R122+VLOOKUP($H122,怪物强度修正!$A$2:$R$17,COLUMN(Y122)-9,FALSE) -> 75 | Z122: =原始值!S122+VLOOKUP($H122,怪物强度修正!$A$2:$R$17,COLUMN(Z122)-9,FALSE) -> 300 | AA122: =原始值!T122+VLOOKUP($H122,怪物强度修正!$A$2:$R$17,COLUMN(AA122)-9,FALSE) -> 50
A123: ="PhyType.NewNpcType_"&D123 -> PhyType.NewNpcType_304 | B123: NPC_Pattern | C123: 304 | D123: 304 | G123: =G11&"头目" -> 半兽人战士头目 | H123: =H11 -> 比奇省 | I123: =INT((I11+1)*1.7-1) -> 152 | K123: =原始值!D123+VLOOKUP($H123,怪物强度修正!$A$2:$R$17,COLUMN(K123)-9,FALSE) -> 6 | L123: =原始值!E123+VLOOKUP($H123,怪物强度修正!$A$2:$R$17,COLUMN(L123)-9,FALSE) -> 14 | M123: =K123 -> 6 | N123: =L123 -> 14 | O123: =原始值!H123+VLOOKUP($H123,怪物强度修正!$A$2:$R$17,COLUMN(O123)-9,FALSE) -> 0 | P123: =原始值!I123+VLOOKUP($H123,怪物强度修正!$A$2:$R$17,COLUMN(P123)-9,FALSE) -> 0 | Q123: =原始值!J123+VLOOKUP($H123,怪物强度修正!$A$2:$R$17,COLUMN(Q123)-9,FALSE) -> 3 | R123: =原始值!K123+VLOOKUP($H123,怪物强度修正!$A$2:$R$17,COLUMN(R123)-9,FALSE) -> 3 | S123: =原始值!L123+VLOOKUP($H123,怪物强度修正!$A$2:$R$17,COLUMN(S123)-9,FALSE) -> 1 | T123: =原始值!M123+VLOOKUP($H123,怪物强度修正!$A$2:$R$17,COLUMN(T123)-9,FALSE) -> 1 | U123: =原始值!N123+VLOOKUP($H123,怪物强度修正!$A$2:$R$17,COLUMN(U123)-9,FALSE) -> 160 | V123: 1 | W123: =原始值!P123+VLOOKUP($H123,怪物强度修正!$A$2:$R$17,COLUMN(W123)-9,FALSE) -> 10 | X123: =原始值!Q123+VLOOKUP($H123,怪物强度修正!$A$2:$R$17,COLUMN(X123)-9,FALSE) -> 13 | Y123: =原始值!R123+VLOOKUP($H123,怪物强度修正!$A$2:$R$17,COLUMN(Y123)-9,FALSE) -> 75 | Z123: =原始值!S123+VLOOKUP($H123,怪物强度修正!$A$2:$R$17,COLUMN(Z123)-9,FALSE) -> 300 | AA123: =原始值!T123+VLOOKUP($H123,怪物强度修正!$A$2:$R$17,COLUMN(AA123)-9,FALSE) -> 50
A124: ="PhyType.NewNpcType_"&D124 -> PhyType.NewNpcType_3041 | B124: NPC_Pattern | C124: 3041 | D124: 3041 | G124: =G12&"头目" -> 半兽人战士_BJC头目 | H124: =H12 -> 边界村 | I124: =INT((I12+1)*1.7-1) -> 55 | K124: =原始值!D124+VLOOKUP($H124,怪物强度修正!$A$2:$R$17,COLUMN(K124)-9,FALSE) -> 5 | L124: =原始值!E124+VLOOKUP($H124,怪物强度修正!$A$2:$R$17,COLUMN(L124)-9,FALSE) -> 11 | M124: =K124 -> 5 | N124: =L124 -> 11 | O124: =原始值!H124+VLOOKUP($H124,怪物强度修正!$A$2:$R$17,COLUMN(O124)-9,FALSE) -> 0 | P124: =原始值!I124+VLOOKUP($H124,怪物强度修正!$A$2:$R$17,COLUMN(P124)-9,FALSE) -> 0 | Q124: =原始值!J124+VLOOKUP($H124,怪物强度修正!$A$2:$R$17,COLUMN(Q124)-9,FALSE) -> 1 | R124: =原始值!K124+VLOOKUP($H124,怪物强度修正!$A$2:$R$17,COLUMN(R124)-9,FALSE) -> 1 | S124: =原始值!L124+VLOOKUP($H124,怪物强度修正!$A$2:$R$17,COLUMN(S124)-9,FALSE) -> 0 | T124: =原始值!M124+VLOOKUP($H124,怪物强度修正!$A$2:$R$17,COLUMN(T124)-9,FALSE) -> 0 | U124: =原始值!N124+VLOOKUP($H124,怪物强度修正!$A$2:$R$17,COLUMN(U124)-9,FALSE) -> 56 | V124: 1 | W124: =原始值!P124+VLOOKUP($H124,怪物强度修正!$A$2:$R$17,COLUMN(W124)-9,FALSE) -> 10 | X124: =原始值!Q124+VLOOKUP($H124,怪物强度修正!$A$2:$R$17,COLUMN(X124)-9,FALSE) -> 9 | Y124: =原始值!R124+VLOOKUP($H124,怪物强度修正!$A$2:$R$17,COLUMN(Y124)-9,FALSE) -> 75 | Z124: =原始值!S124+VLOOKUP($H124,怪物强度修正!$A$2:$R$17,COLUMN(Z124)-9,FALSE) -> 300 | AA124: =原始值!T124+VLOOKUP($H124,怪物强度修正!$A$2:$R$17,COLUMN(AA124)-9,FALSE) -> 50
A125: ="PhyType.NewNpcType_"&D125 -> PhyType.NewNpcType_3042 | B125: NPC_Pattern | C125: 3042 | D125: 3042 | G125: =G13&"头目" -> 半兽人战士_BQS头目 | H125: =H13 -> 比奇省 | I125: =INT((I13+1)*1.7-1) -> 67 | K125: =原始值!D125+VLOOKUP($H125,怪物强度修正!$A$2:$R$17,COLUMN(K125)-9,FALSE) -> 6 | L125: =原始值!E125+VLOOKUP($H125,怪物强度修正!$A$2:$R$17,COLUMN(L125)-9,FALSE) -> 13 | M125: =K125 -> 6 | N125: =L125 -> 13 | O125: =原始值!H125+VLOOKUP($H125,怪物强度修正!$A$2:$R$17,COLUMN(O125)-9,FALSE) -> 0 | P125: =原始值!I125+VLOOKUP($H125,怪物强度修正!$A$2:$R$17,COLUMN(P125)-9,FALSE) -> 0 | Q125: =原始值!J125+VLOOKUP($H125,怪物强度修正!$A$2:$R$17,COLUMN(Q125)-9,FALSE) -> 1 | R125: =原始值!K125+VLOOKUP($H125,怪物强度修正!$A$2:$R$17,COLUMN(R125)-9,FALSE) -> 1 | S125: =原始值!L125+VLOOKUP($H125,怪物强度修正!$A$2:$R$17,COLUMN(S125)-9,FALSE) -> 0 | T125: =原始值!M125+VLOOKUP($H125,怪物强度修正!$A$2:$R$17,COLUMN(T125)-9,FALSE) -> 0 | U125: =原始值!N125+VLOOKUP($H125,怪物强度修正!$A$2:$R$17,COLUMN(U125)-9,FALSE) -> 72 | V125: 1 | W125: =原始值!P125+VLOOKUP($H125,怪物强度修正!$A$2:$R$17,COLUMN(W125)-9,FALSE) -> 10 | X125: =原始值!Q125+VLOOKUP($H125,怪物强度修正!$A$2:$R$17,COLUMN(X125)-9,FALSE) -> 10 | Y125: =原始值!R125+VLOOKUP($H125,怪物强度修正!$A$2:$R$17,COLUMN(Y125)-9,FALSE) -> 75 | Z125: =原始值!S125+VLOOKUP($H125,怪物强度修正!$A$2:$R$17,COLUMN(Z125)-9,FALSE) -> 300 | AA125: =原始值!T125+VLOOKUP($H125,怪物强度修正!$A$2:$R$17,COLUMN(AA125)-9,FALSE) -> 50
A126: ="PhyType.NewNpcType_"&D126 -> PhyType.NewNpcType_305 | B126: NPC_Pattern | C126: 305 | D126: 305 | G126: =G14&"头目" -> 半兽人勇士头目 | H126: =H14 -> 比奇省 | I126: =INT((I14+1)*1.7-1) -> 509 | K126: =原始值!D126+VLOOKUP($H126,怪物强度修正!$A$2:$R$17,COLUMN(K126)-9,FALSE) -> 18 | L126: =原始值!E126+VLOOKUP($H126,怪物强度修正!$A$2:$R$17,COLUMN(L126)-9,FALSE) -> 38 | M126: =K126 -> 18 | N126: =L126 -> 38 | O126: =原始值!H126+VLOOKUP($H126,怪物强度修正!$A$2:$R$17,COLUMN(O126)-9,FALSE) -> 0 | P126: =原始值!I126+VLOOKUP($H126,怪物强度修正!$A$2:$R$17,COLUMN(P126)-9,FALSE) -> 0 | Q126: =原始值!J126+VLOOKUP($H126,怪物强度修正!$A$2:$R$17,COLUMN(Q126)-9,FALSE) -> 0 | R126: =原始值!K126+VLOOKUP($H126,怪物强度修正!$A$2:$R$17,COLUMN(R126)-9,FALSE) -> 0 | S126: =原始值!L126+VLOOKUP($H126,怪物强度修正!$A$2:$R$17,COLUMN(S126)-9,FALSE) -> 0 | T126: =原始值!M126+VLOOKUP($H126,怪物强度修正!$A$2:$R$17,COLUMN(T126)-9,FALSE) -> 0 | U126: =原始值!N126+VLOOKUP($H126,怪物强度修正!$A$2:$R$17,COLUMN(U126)-9,FALSE) -> 480 | V126: 1 | W126: =原始值!P126+VLOOKUP($H126,怪物强度修正!$A$2:$R$17,COLUMN(W126)-9,FALSE) -> 13 | X126: =原始值!Q126+VLOOKUP($H126,怪物强度修正!$A$2:$R$17,COLUMN(X126)-9,FALSE) -> 13 | Y126: =原始值!R126+VLOOKUP($H126,怪物强度修正!$A$2:$R$17,COLUMN(Y126)-9,FALSE) -> 75 | Z126: =原始值!S126+VLOOKUP($H126,怪物强度修正!$A$2:$R$17,COLUMN(Z126)-9,FALSE) -> 300 | AA126: =原始值!T126+VLOOKUP($H126,怪物强度修正!$A$2:$R$17,COLUMN(AA126)-9,FALSE) -> 50
A127: ="PhyType.NewNpcType_"&D127 -> PhyType.NewNpcType_3051 | B127: NPC_Pattern | C127: 3051 | D127: 3051 | G127: =G15&"头目" -> 半兽人勇士_BJC头目 | H127: =H15 -> 边界村 | I127: =INT((I15+1)*1.7-1) -> 101 | K127: =原始值!D127+VLOOKUP($H127,怪物强度修正!$A$2:$R$17,COLUMN(K127)-9,FALSE) -> 7 | L127: =原始值!E127+VLOOKUP($H127,怪物强度修正!$A$2:$R$17,COLUMN(L127)-9,FALSE) -> 16 | M127: =K127 -> 7 | N127: =L127 -> 16 | O127: =原始值!H127+VLOOKUP($H127,怪物强度修正!$A$2:$R$17,COLUMN(O127)-9,FALSE) -> 0 | P127: =原始值!I127+VLOOKUP($H127,怪物强度修正!$A$2:$R$17,COLUMN(P127)-9,FALSE) -> 0 | Q127: =原始值!J127+VLOOKUP($H127,怪物强度修正!$A$2:$R$17,COLUMN(Q127)-9,FALSE) -> 2 | R127: =原始值!K127+VLOOKUP($H127,怪物强度修正!$A$2:$R$17,COLUMN(R127)-9,FALSE) -> 2 | S127: =原始值!L127+VLOOKUP($H127,怪物强度修正!$A$2:$R$17,COLUMN(S127)-9,FALSE) -> 1 | T127: =原始值!M127+VLOOKUP($H127,怪物强度修正!$A$2:$R$17,COLUMN(T127)-9,FALSE) -> 1 | U127: =原始值!N127+VLOOKUP($H127,怪物强度修正!$A$2:$R$17,COLUMN(U127)-9,FALSE) -> 104 | V127: 1 | W127: =原始值!P127+VLOOKUP($H127,怪物强度修正!$A$2:$R$17,COLUMN(W127)-9,FALSE) -> 13 | X127: =原始值!Q127+VLOOKUP($H127,怪物强度修正!$A$2:$R$17,COLUMN(X127)-9,FALSE) -> 10 | Y127: =原始值!R127+VLOOKUP($H127,怪物强度修正!$A$2:$R$17,COLUMN(Y127)-9,FALSE) -> 75 | Z127: =原始值!S127+VLOOKUP($H127,怪物强度修正!$A$2:$R$17,COLUMN(Z127)-9,FALSE) -> 300 | AA127: =原始值!T127+VLOOKUP($H127,怪物强度修正!$A$2:$R$17,COLUMN(AA127)-9,FALSE) -> 50
A128: ="PhyType.NewNpcType_"&D128 -> PhyType.NewNpcType_3052 | B128: NPC_Pattern | C128: 3052 | D128: 3052 | G128: =G16&"头目" -> 半兽人勇士_BQS头目 | H128: =H16 -> 比奇省 | I128: =INT((I16+1)*1.7-1) -> 101 | K128: =原始值!D128+VLOOKUP($H128,怪物强度修正!$A$2:$R$17,COLUMN(K128)-9,FALSE) -> 7 | L128: =原始值!E128+VLOOKUP($H128,怪物强度修正!$A$2:$R$17,COLUMN(L128)-9,FALSE) -> 16 | M128: =K128 -> 7 | N128: =L128 -> 16 | O128: =原始值!H128+VLOOKUP($H128,怪物强度修正!$A$2:$R$17,COLUMN(O128)-9,FALSE) -> 0 | P128: =原始值!I128+VLOOKUP($H128,怪物强度修正!$A$2:$R$17,COLUMN(P128)-9,FALSE) -> 0 | Q128: =原始值!J128+VLOOKUP($H128,怪物强度修正!$A$2:$R$17,COLUMN(Q128)-9,FALSE) -> 2 | R128: =原始值!K128+VLOOKUP($H128,怪物强度修正!$A$2:$R$17,COLUMN(R128)-9,FALSE) -> 2 | S128: =原始值!L128+VLOOKUP($H128,怪物强度修正!$A$2:$R$17,COLUMN(S128)-9,FALSE) -> 1 | T128: =原始值!M128+VLOOKUP($H128,怪物强度修正!$A$2:$R$17,COLUMN(T128)-9,FALSE) -> 1 | U128: =原始值!N128+VLOOKUP($H128,怪物强度修正!$A$2:$R$17,COLUMN(U128)-9,FALSE) -> 104 | V128: 1 | W128: =原始值!P128+VLOOKUP($H128,怪物强度修正!$A$2:$R$17,COLUMN(W128)-9,FALSE) -> 13 | X128: =原始值!Q128+VLOOKUP($H128,怪物强度修正!$A$2:$R$17,COLUMN(X128)-9,FALSE) -> 11 | Y128: =原始值!R128+VLOOKUP($H128,怪物强度修正!$A$2:$R$17,COLUMN(Y128)-9,FALSE) -> 75 | Z128: =原始值!S128+VLOOKUP($H128,怪物强度修正!$A$2:$R$17,COLUMN(Z128)-9,FALSE) -> 300 | AA128: =原始值!T128+VLOOKUP($H128,怪物强度修正!$A$2:$R$17,COLUMN(AA128)-9,FALSE) -> 50
A129: ="PhyType.NewNpcType_"&D129 -> PhyType.NewNpcType_306 | B129: NPC_Pattern | C129: 306 | D129: 306 | G129: =G17&"头目" -> 鹿头目 | H129: =H17 -> 边界村 | I129: =INT((I17+1)*1.7-1) -> 24 | K129: =原始值!D129+VLOOKUP($H129,怪物强度修正!$A$2:$R$17,COLUMN(K129)-9,FALSE) -> 2 | L129: =原始值!E129+VLOOKUP($H129,怪物强度修正!$A$2:$R$17,COLUMN(L129)-9,FALSE) -> 5 | M129: =K129 -> 2 | N129: =L129 -> 5 | O129: =原始值!H129+VLOOKUP($H129,怪物强度修正!$A$2:$R$17,COLUMN(O129)-9,FALSE) -> 0 | P129: =原始值!I129+VLOOKUP($H129,怪物强度修正!$A$2:$R$17,COLUMN(P129)-9,FALSE) -> 0 | Q129: =原始值!J129+VLOOKUP($H129,怪物强度修正!$A$2:$R$17,COLUMN(Q129)-9,FALSE) -> 0 | R129: =原始值!K129+VLOOKUP($H129,怪物强度修正!$A$2:$R$17,COLUMN(R129)-9,FALSE) -> 0 | S129: =原始值!L129+VLOOKUP($H129,怪物强度修正!$A$2:$R$17,COLUMN(S129)-9,FALSE) -> 0 | T129: =原始值!M129+VLOOKUP($H129,怪物强度修正!$A$2:$R$17,COLUMN(T129)-9,FALSE) -> 0 | U129: =原始值!N129+VLOOKUP($H129,怪物强度修正!$A$2:$R$17,COLUMN(U129)-9,FALSE) -> 24 | V129: 1 | W129: =原始值!P129+VLOOKUP($H129,怪物强度修正!$A$2:$R$17,COLUMN(W129)-9,FALSE) -> 12 | X129: =原始值!Q129+VLOOKUP($H129,怪物强度修正!$A$2:$R$17,COLUMN(X129)-9,FALSE) -> 1 | Y129: =原始值!R129+VLOOKUP($H129,怪物强度修正!$A$2:$R$17,COLUMN(Y129)-9,FALSE) -> 75 | Z129: =原始值!S129+VLOOKUP($H129,怪物强度修正!$A$2:$R$17,COLUMN(Z129)-9,FALSE) -> 300 | AA129: =原始值!T129+VLOOKUP($H129,怪物强度修正!$A$2:$R$17,COLUMN(AA129)-9,FALSE) -> 50
A130: ="PhyType.NewNpcType_"&D130 -> PhyType.NewNpcType_307 | B130: NPC_Pattern | C130: 307 | D130: 307 | G130: =G18&"头目" -> 残肢僵尸头目 | H130: =H18 -> 比奇矿区 | I130: =INT((I18+1)*1.7-1) -> 237 | K130: =原始值!D130+VLOOKUP($H130,怪物强度修正!$A$2:$R$17,COLUMN(K130)-9,FALSE) -> 6 | L130: =原始值!E130+VLOOKUP($H130,怪物强度修正!$A$2:$R$17,COLUMN(L130)-9,FALSE) -> 14 | M130: =K130 -> 6 | N130: =L130 -> 14 | O130: =原始值!H130+VLOOKUP($H130,怪物强度修正!$A$2:$R$17,COLUMN(O130)-9,FALSE) -> 0 | P130: =原始值!I130+VLOOKUP($H130,怪物强度修正!$A$2:$R$17,COLUMN(P130)-9,FALSE) -> 0 | Q130: =原始值!J130+VLOOKUP($H130,怪物强度修正!$A$2:$R$17,COLUMN(Q130)-9,FALSE) -> 2 | R130: =原始值!K130+VLOOKUP($H130,怪物强度修正!$A$2:$R$17,COLUMN(R130)-9,FALSE) -> 2 | S130: =原始值!L130+VLOOKUP($H130,怪物强度修正!$A$2:$R$17,COLUMN(S130)-9,FALSE) -> 1 | T130: =原始值!M130+VLOOKUP($H130,怪物强度修正!$A$2:$R$17,COLUMN(T130)-9,FALSE) -> 1 | U130: =原始值!N130+VLOOKUP($H130,怪物强度修正!$A$2:$R$17,COLUMN(U130)-9,FALSE) -> 248 | V130: 1 | W130: =原始值!P130+VLOOKUP($H130,怪物强度修正!$A$2:$R$17,COLUMN(W130)-9,FALSE) -> 12 | X130: =原始值!Q130+VLOOKUP($H130,怪物强度修正!$A$2:$R$17,COLUMN(X130)-9,FALSE) -> 15 | Y130: =原始值!R130+VLOOKUP($H130,怪物强度修正!$A$2:$R$17,COLUMN(Y130)-9,FALSE) -> 75 | Z130: =原始值!S130+VLOOKUP($H130,怪物强度修正!$A$2:$R$17,COLUMN(Z130)-9,FALSE) -> 300 | AA130: =原始值!T130+VLOOKUP($H130,怪物强度修正!$A$2:$R$17,COLUMN(AA130)-9,FALSE) -> 50
A131: ="PhyType.NewNpcType_"&D131 -> PhyType.NewNpcType_308 | B131: NPC_Pattern | C131: 308 | D131: 308 | G131: =G19&"头目" -> 直立僵尸头目 | H131: =H19 -> 比奇矿区 | I131: =INT((I19+1)*1.7-1) -> 254 | K131: =原始值!D131+VLOOKUP($H131,怪物强度修正!$A$2:$R$17,COLUMN(K131)-9,FALSE) -> 6 | L131: =原始值!E131+VLOOKUP($H131,怪物强度修正!$A$2:$R$17,COLUMN(L131)-9,FALSE) -> 18 | M131: =K131 -> 6 | N131: =L131 -> 18 | O131: =原始值!H131+VLOOKUP($H131,怪物强度修正!$A$2:$R$17,COLUMN(O131)-9,FALSE) -> 0 | P131: =原始值!I131+VLOOKUP($H131,怪物强度修正!$A$2:$R$17,COLUMN(P131)-9,FALSE) -> 0 | Q131: =原始值!J131+VLOOKUP($H131,怪物强度修正!$A$2:$R$17,COLUMN(Q131)-9,FALSE) -> 2 | R131: =原始值!K131+VLOOKUP($H131,怪物强度修正!$A$2:$R$17,COLUMN(R131)-9,FALSE) -> 2 | S131: =原始值!L131+VLOOKUP($H131,怪物强度修正!$A$2:$R$17,COLUMN(S131)-9,FALSE) -> 1 | T131: =原始值!M131+VLOOKUP($H131,怪物强度修正!$A$2:$R$17,COLUMN(T131)-9,FALSE) -> 1 | U131: =原始值!N131+VLOOKUP($H131,怪物强度修正!$A$2:$R$17,COLUMN(U131)-9,FALSE) -> 248 | V131: 1 | W131: =原始值!P131+VLOOKUP($H131,怪物强度修正!$A$2:$R$17,COLUMN(W131)-9,FALSE) -> 12 | X131: =原始值!Q131+VLOOKUP($H131,怪物强度修正!$A$2:$R$17,COLUMN(X131)-9,FALSE) -> 15 | Y131: =原始值!R131+VLOOKUP($H131,怪物强度修正!$A$2:$R$17,COLUMN(Y131)-9,FALSE) -> 75 | Z131: =原始值!S131+VLOOKUP($H131,怪物强度修正!$A$2:$R$17,COLUMN(Z131)-9,FALSE) -> 300 | AA131: =原始值!T131+VLOOKUP($H131,怪物强度修正!$A$2:$R$17,COLUMN(AA131)-9,FALSE) -> 50
... A175: ="PhyType.NewNpcType_"&D175 -> PhyType.NewNpcType_352 | B175: NPC_Pattern | C175: 352 | D175: 352 | G175: =G63&"头目" -> 暴牙蜘蛛头目 | H175: =H63 -> 赤月峡谷 | I175: =INT((I63+1)*1.7-1) -> 679 | K175: =原始值!D175+VLOOKUP($H175,怪物强度修正!$A$2:$R$17,COLUMN(K175)-9,FALSE) -> 31 | L175: =原始值!E175+VLOOKUP($H175,怪物强度修正!$A$2:$R$17,COLUMN(L175)-9,FALSE) -> 46 | M175: =K175 -> 31 | N175: =L175 -> 46 | O175: =原始值!H175+VLOOKUP($H175,怪物强度修正!$A$2:$R$17,COLUMN(O175)-9,FALSE) -> 0 | P175: =原始值!I175+VLOOKUP($H175,怪物强度修正!$A$2:$R$17,COLUMN(P175)-9,FALSE) -> 0 | Q175: =原始值!J175+VLOOKUP($H175,怪物强度修正!$A$2:$R$17,COLUMN(Q175)-9,FALSE) -> 13 | R175: =原始值!K175+VLOOKUP($H175,怪物强度修正!$A$2:$R$17,COLUMN(R175)-9,FALSE) -> 13 | S175: =原始值!L175+VLOOKUP($H175,怪物强度修正!$A$2:$R$17,COLUMN(S175)-9,FALSE) -> 32 | T175: =原始值!M175+VLOOKUP($H175,怪物强度修正!$A$2:$R$17,COLUMN(T175)-9,FALSE) -> 32 | U175: =原始值!N175+VLOOKUP($H175,怪物强度修正!$A$2:$R$17,COLUMN(U175)-9,FALSE) -> 800 | V175: 12 | W175: =原始值!P175+VLOOKUP($H175,怪物强度修正!$A$2:$R$17,COLUMN(W175)-9,FALSE) -> 17 | X175: =原始值!Q175+VLOOKUP($H175,怪物强度修正!$A$2:$R$17,COLUMN(X175)-9,FALSE) -> 17 | Y175: =原始值!R175+VLOOKUP($H175,怪物强度修正!$A$2:$R$17,COLUMN(Y175)-9,FALSE) -> 75 | Z175: =原始值!S175+VLOOKUP($H175,怪物强度修正!$A$2:$R$17,COLUMN(Z175)-9,FALSE) -> 300 | AA175: =原始值!T175+VLOOKUP($H175,怪物强度修正!$A$2:$R$17,COLUMN(AA175)-9,FALSE) -> 50
A176: ="PhyType.NewNpcType_"&D176 -> PhyType.NewNpcType_401 | B176: NPC_Pattern | C176: 401 | D176: 401 | G176: =G8&"散人精英" -> 稻草人散人精英 | H176: =H8 -> 边界村 | I176: =INT((I8+1)*3-1) -> 29 | K176: =原始值!D176+VLOOKUP($H176,怪物强度修正!$A$2:$R$17,COLUMN(K176)-9,FALSE) -> 2 | L176: =原始值!E176+VLOOKUP($H176,怪物强度修正!$A$2:$R$17,COLUMN(L176)-9,FALSE) -> 3 | M176: =K176 -> 2 | N176: =L176 -> 3 | O176: =原始值!H176+VLOOKUP($H176,怪物强度修正!$A$2:$R$17,COLUMN(O176)-9,FALSE) -> 0 | P176: =原始值!I176+VLOOKUP($H176,怪物强度修正!$A$2:$R$17,COLUMN(P176)-9,FALSE) -> 0 | Q176: =原始值!J176+VLOOKUP($H176,怪物强度修正!$A$2:$R$17,COLUMN(Q176)-9,FALSE) -> 0 | R176: =原始值!K176+VLOOKUP($H176,怪物强度修正!$A$2:$R$17,COLUMN(R176)-9,FALSE) -> 0 | S176: =原始值!L176+VLOOKUP($H176,怪物强度修正!$A$2:$R$17,COLUMN(S176)-9,FALSE) -> 5 | T176: =原始值!M176+VLOOKUP($H176,怪物强度修正!$A$2:$R$17,COLUMN(T176)-9,FALSE) -> 5 | U176: =原始值!N176+VLOOKUP($H176,怪物强度修正!$A$2:$R$17,COLUMN(U176)-9,FALSE) -> 15 | V176: 1 | W176: =原始值!P176+VLOOKUP($H176,怪物强度修正!$A$2:$R$17,COLUMN(W176)-9,FALSE) -> 5 | X176: =原始值!Q176+VLOOKUP($H176,怪物强度修正!$A$2:$R$17,COLUMN(X176)-9,FALSE) -> 7 | Y176: =原始值!R176+VLOOKUP($H176,怪物强度修正!$A$2:$R$17,COLUMN(Y176)-9,FALSE) -> 75 | Z176: =原始值!S176+VLOOKUP($H176,怪物强度修正!$A$2:$R$17,COLUMN(Z176)-9,FALSE) -> 300 | AA176: =原始值!T176+VLOOKUP($H176,怪物强度修正!$A$2:$R$17,COLUMN(AA176)-9,FALSE) -> 50
A177: ="PhyType.NewNpcType_"&D177 -> PhyType.NewNpcType_402 | B177: NPC_Pattern | C177: 402 | D177: 402 | G177: =G9&"散人精英" -> 钉耙猫散人精英 | H177: =H9 -> 边界村 | I177: =INT((I9+1)*3-1) -> 53 | K177: =原始值!D177+VLOOKUP($H177,怪物强度修正!$A$2:$R$17,COLUMN(K177)-9,FALSE) -> 3 | L177: =原始值!E177+VLOOKUP($H177,怪物强度修正!$A$2:$R$17,COLUMN(L177)-9,FALSE) -> 6 | M177: =K177 -> 3 | N177: =L177 -> 6 | O177: =原始值!H177+VLOOKUP($H177,怪物强度修正!$A$2:$R$17,COLUMN(O177)-9,FALSE) -> 0 | P177: =原始值!I177+VLOOKUP($H177,怪物强度修正!$A$2:$R$17,COLUMN(P177)-9,FALSE) -> 0 | Q177: =原始值!J177+VLOOKUP($H177,怪物强度修正!$A$2:$R$17,COLUMN(Q177)-9,FALSE) -> 0 | R177: =原始值!K177+VLOOKUP($H177,怪物强度修正!$A$2:$R$17,COLUMN(R177)-9,FALSE) -> 0 | S177: =原始值!L177+VLOOKUP($H177,怪物强度修正!$A$2:$R$17,COLUMN(S177)-9,FALSE) -> 5 | T177: =原始值!M177+VLOOKUP($H177,怪物强度修正!$A$2:$R$17,COLUMN(T177)-9,FALSE) -> 5 | U177: =原始值!N177+VLOOKUP($H177,怪物强度修正!$A$2:$R$17,COLUMN(U177)-9,FALSE) -> 23 | V177: 1 | W177: =原始值!P177+VLOOKUP($H177,怪物强度修正!$A$2:$R$17,COLUMN(W177)-9,FALSE) -> 5 | X177: =原始值!Q177+VLOOKUP($H177,怪物强度修正!$A$2:$R$17,COLUMN(X177)-9,FALSE) -> 7 | Y177: =原始值!R177+VLOOKUP($H177,怪物强度修正!$A$2:$R$17,COLUMN(Y177)-9,FALSE) -> 75 | Z177: =原始值!S177+VLOOKUP($H177,怪物强度修正!$A$2:$R$17,COLUMN(Z177)-9,FALSE) -> 300 | AA177: =原始值!T177+VLOOKUP($H177,怪物强度修正!$A$2:$R$17,COLUMN(AA177)-9,FALSE) -> 50
A178: ="PhyType.NewNpcType_"&D178 -> PhyType.NewNpcType_403 | B178: NPC_Pattern | C178: 403 | D178: 403 | G178: =G10&"散人精英" -> 半兽人散人精英 | H178: =H10 -> 边界村 | I178: =INT((I10+1)*3-1) -> 74 | K178: =原始值!D178+VLOOKUP($H178,怪物强度修正!$A$2:$R$17,COLUMN(K178)-9,FALSE) -> 5 | L178: =原始值!E178+VLOOKUP($H178,怪物强度修正!$A$2:$R$17,COLUMN(L178)-9,FALSE) -> 11 | M178: =K178 -> 5 | N178: =L178 -> 11 | O178: =原始值!H178+VLOOKUP($H178,怪物强度修正!$A$2:$R$17,COLUMN(O178)-9,FALSE) -> 0 | P178: =原始值!I178+VLOOKUP($H178,怪物强度修正!$A$2:$R$17,COLUMN(P178)-9,FALSE) -> 0 | Q178: =原始值!J178+VLOOKUP($H178,怪物强度修正!$A$2:$R$17,COLUMN(Q178)-9,FALSE) -> 1 | R178: =原始值!K178+VLOOKUP($H178,怪物强度修正!$A$2:$R$17,COLUMN(R178)-9,FALSE) -> 1 | S178: =原始值!L178+VLOOKUP($H178,怪物强度修正!$A$2:$R$17,COLUMN(S178)-9,FALSE) -> 5 | T178: =原始值!M178+VLOOKUP($H178,怪物强度修正!$A$2:$R$17,COLUMN(T178)-9,FALSE) -> 5 | U178: =原始值!N178+VLOOKUP($H178,怪物强度修正!$A$2:$R$17,COLUMN(U178)-9,FALSE) -> 30 | V178: 1 | W178: =原始值!P178+VLOOKUP($H178,怪物强度修正!$A$2:$R$17,COLUMN(W178)-9,FALSE) -> 6 | X178: =原始值!Q178+VLOOKUP($H178,怪物强度修正!$A$2:$R$17,COLUMN(X178)-9,FALSE) -> 8 | Y178: =原始值!R178+VLOOKUP($H178,怪物强度修正!$A$2:$R$17,COLUMN(Y178)-9,FALSE) -> 75 | Z178: =原始值!S178+VLOOKUP($H178,怪物强度修正!$A$2:$R$17,COLUMN(Z178)-9,FALSE) -> 300 | AA178: =原始值!T178+VLOOKUP($H178,怪物强度修正!$A$2:$R$17,COLUMN(AA178)-9,FALSE) -> 50
A179: ="PhyType.NewNpcType_"&D179 -> PhyType.NewNpcType_404 | B179: NPC_Pattern | C179: 404 | D179: 404 | G179: =G11&"散人精英" -> 半兽人战士散人精英 | H179: =H11 -> 比奇省 | I179: =INT((I11+1)*3-1) -> 269 | K179: =原始值!D179+VLOOKUP($H179,怪物强度修正!$A$2:$R$17,COLUMN(K179)-9,FALSE) -> 8 | L179: =原始值!E179+VLOOKUP($H179,怪物强度修正!$A$2:$R$17,COLUMN(L179)-9,FALSE) -> 18 | M179: =K179 -> 8 | N179: =L179 -> 18 | O179: =原始值!H179+VLOOKUP($H179,怪物强度修正!$A$2:$R$17,COLUMN(O179)-9,FALSE) -> 0 | P179: =原始值!I179+VLOOKUP($H179,怪物强度修正!$A$2:$R$17,COLUMN(P179)-9,FALSE) -> 0 | Q179: =原始值!J179+VLOOKUP($H179,怪物强度修正!$A$2:$R$17,COLUMN(Q179)-9,FALSE) -> 4 | R179: =原始值!K179+VLOOKUP($H179,怪物强度修正!$A$2:$R$17,COLUMN(R179)-9,FALSE) -> 4 | S179: =原始值!L179+VLOOKUP($H179,怪物强度修正!$A$2:$R$17,COLUMN(S179)-9,FALSE) -> 7 | T179: =原始值!M179+VLOOKUP($H179,怪物强度修正!$A$2:$R$17,COLUMN(T179)-9,FALSE) -> 7 | U179: =原始值!N179+VLOOKUP($H179,怪物强度修正!$A$2:$R$17,COLUMN(U179)-9,FALSE) -> 100 | V179: 1 | W179: =原始值!P179+VLOOKUP($H179,怪物强度修正!$A$2:$R$17,COLUMN(W179)-9,FALSE) -> 10 | X179: =原始值!Q179+VLOOKUP($H179,怪物强度修正!$A$2:$R$17,COLUMN(X179)-9,FALSE) -> 13 | Y179: =原始值!R179+VLOOKUP($H179,怪物强度修正!$A$2:$R$17,COLUMN(Y179)-9,FALSE) -> 75 | Z179: =原始值!S179+VLOOKUP($H179,怪物强度修正!$A$2:$R$17,COLUMN(Z179)-9,FALSE) -> 300 | AA179: =原始值!T179+VLOOKUP($H179,怪物强度修正!$A$2:$R$17,COLUMN(AA179)-9,FALSE) -> 50
A180: ="PhyType.NewNpcType_"&D180 -> PhyType.NewNpcType_4041 | B180: NPC_Pattern | C180: 4041 | D180: 4041 | G180: =G12&"散人精英" -> 半兽人战士_BJC散人精英 | H180: =H12 -> 边界村 | I180: =INT((I12+1)*3-1) -> 98 | K180: =原始值!D180+VLOOKUP($H180,怪物强度修正!$A$2:$R$17,COLUMN(K180)-9,FALSE) -> 6 | L180: =原始值!E180+VLOOKUP($H180,怪物强度修正!$A$2:$R$17,COLUMN(L180)-9,FALSE) -> 14 | M180: =K180 -> 6 | N180: =L180 -> 14 | O180: =原始值!H180+VLOOKUP($H180,怪物强度修正!$A$2:$R$17,COLUMN(O180)-9,FALSE) -> 0 | P180: =原始值!I180+VLOOKUP($H180,怪物强度修正!$A$2:$R$17,COLUMN(P180)-9,FALSE) -> 0 | Q180: =原始值!J180+VLOOKUP($H180,怪物强度修正!$A$2:$R$17,COLUMN(Q180)-9,FALSE) -> 1 | R180: =原始值!K180+VLOOKUP($H180,怪物强度修正!$A$2:$R$17,COLUMN(R180)-9,FALSE) -> 1 | S180: =原始值!L180+VLOOKUP($H180,怪物强度修正!$A$2:$R$17,COLUMN(S180)-9,FALSE) -> 5 | T180: =原始值!M180+VLOOKUP($H180,怪物强度修正!$A$2:$R$17,COLUMN(T180)-9,FALSE) -> 5 | U180: =原始值!N180+VLOOKUP($H180,怪物强度修正!$A$2:$R$17,COLUMN(U180)-9,FALSE) -> 35 | V180: 1 | W180: =原始值!P180+VLOOKUP($H180,怪物强度修正!$A$2:$R$17,COLUMN(W180)-9,FALSE) -> 10 | X180: =原始值!Q180+VLOOKUP($H180,怪物强度修正!$A$2:$R$17,COLUMN(X180)-9,FALSE) -> 9 | Y180: =原始值!R180+VLOOKUP($H180,怪物强度修正!$A$2:$R$17,COLUMN(Y180)-9,FALSE) -> 75 | Z180: =原始值!S180+VLOOKUP($H180,怪物强度修正!$A$2:$R$17,COLUMN(Z180)-9,FALSE) -> 300 | AA180: =原始值!T180+VLOOKUP($H180,怪物强度修正!$A$2:$R$17,COLUMN(AA180)-9,FALSE) -> 50
A181: ="PhyType.NewNpcType_"&D181 -> PhyType.NewNpcType_4042 | B181: NPC_Pattern | C181: 4042 | D181: 4042 | G181: =G13&"散人精英" -> 半兽人战士_BQS散人精英 | H181: =H13 -> 比奇省 | I181: =INT((I13+1)*3-1) -> 119 | K181: =原始值!D181+VLOOKUP($H181,怪物强度修正!$A$2:$R$17,COLUMN(K181)-9,FALSE) -> 8 | L181: =原始值!E181+VLOOKUP($H181,怪物强度修正!$A$2:$R$17,COLUMN(L181)-9,FALSE) -> 17 | M181: =K181 -> 8 | N181: =L181 -> 17 | O181: =原始值!H181+VLOOKUP($H181,怪物强度修正!$A$2:$R$17,COLUMN(O181)-9,FALSE) -> 0 | P181: =原始值!I181+VLOOKUP($H181,怪物强度修正!$A$2:$R$17,COLUMN(P181)-9,FALSE) -> 0 | Q181: =原始值!J181+VLOOKUP($H181,怪物强度修正!$A$2:$R$17,COLUMN(Q181)-9,FALSE) -> 1 | R181: =原始值!K181+VLOOKUP($H181,怪物强度修正!$A$2:$R$17,COLUMN(R181)-9,FALSE) -> 1 | S181: =原始值!L181+VLOOKUP($H181,怪物强度修正!$A$2:$R$17,COLUMN(S181)-9,FALSE) -> 5 | T181: =原始值!M181+VLOOKUP($H181,怪物强度修正!$A$2:$R$17,COLUMN(T181)-9,FALSE) -> 5 | U181: =原始值!N181+VLOOKUP($H181,怪物强度修正!$A$2:$R$17,COLUMN(U181)-9,FALSE) -> 45 | V181: 1 | W181: =原始值!P181+VLOOKUP($H181,怪物强度修正!$A$2:$R$17,COLUMN(W181)-9,FALSE) -> 10 | X181: =原始值!Q181+VLOOKUP($H181,怪物强度修正!$A$2:$R$17,COLUMN(X181)-9,FALSE) -> 10 | Y181: =原始值!R181+VLOOKUP($H181,怪物强度修正!$A$2:$R$17,COLUMN(Y181)-9,FALSE) -> 75 | Z181: =原始值!S181+VLOOKUP($H181,怪物强度修正!$A$2:$R$17,COLUMN(Z181)-9,FALSE) -> 300 | AA181: =原始值!T181+VLOOKUP($H181,怪物强度修正!$A$2:$R$17,COLUMN(AA181)-9,FALSE) -> 50
A182: ="PhyType.NewNpcType_"&D182 -> PhyType.NewNpcType_405 | B182: NPC_Pattern | C182: 405 | D182: 405 | G182: =G14&"散人精英" -> 半兽人勇士散人精英 | H182: =H14 -> 比奇省 | I182: =INT((I14+1)*3-1) -> 899 | K182: =原始值!D182+VLOOKUP($H182,怪物强度修正!$A$2:$R$17,COLUMN(K182)-9,FALSE) -> 23 | L182: =原始值!E182+VLOOKUP($H182,怪物强度修正!$A$2:$R$17,COLUMN(L182)-9,FALSE) -> 48 | M182: =K182 -> 23 | N182: =L182 -> 48 | O182: =原始值!H182+VLOOKUP($H182,怪物强度修正!$A$2:$R$17,COLUMN(O182)-9,FALSE) -> 0 | P182: =原始值!I182+VLOOKUP($H182,怪物强度修正!$A$2:$R$17,COLUMN(P182)-9,FALSE) -> 0 | Q182: =原始值!J182+VLOOKUP($H182,怪物强度修正!$A$2:$R$17,COLUMN(Q182)-9,FALSE) -> 0 | R182: =原始值!K182+VLOOKUP($H182,怪物强度修正!$A$2:$R$17,COLUMN(R182)-9,FALSE) -> 0 | S182: =原始值!L182+VLOOKUP($H182,怪物强度修正!$A$2:$R$17,COLUMN(S182)-9,FALSE) -> 5 | T182: =原始值!M182+VLOOKUP($H182,怪物强度修正!$A$2:$R$17,COLUMN(T182)-9,FALSE) -> 5 | U182: =原始值!N182+VLOOKUP($H182,怪物强度修正!$A$2:$R$17,COLUMN(U182)-9,FALSE) -> 300 | V182: 1 | W182: =原始值!P182+VLOOKUP($H182,怪物强度修正!$A$2:$R$17,COLUMN(W182)-9,FALSE) -> 13 | X182: =原始值!Q182+VLOOKUP($H182,怪物强度修正!$A$2:$R$17,COLUMN(X182)-9,FALSE) -> 13 | Y182: =原始值!R182+VLOOKUP($H182,怪物强度修正!$A$2:$R$17,COLUMN(Y182)-9,FALSE) -> 75 | Z182: =原始值!S182+VLOOKUP($H182,怪物强度修正!$A$2:$R$17,COLUMN(Z182)-9,FALSE) -> 300 | AA182: =原始值!T182+VLOOKUP($H182,怪物强度修正!$A$2:$R$17,COLUMN(AA182)-9,FALSE) -> 50
A183: ="PhyType.NewNpcType_"&D183 -> PhyType.NewNpcType_4051 | B183: NPC_Pattern | C183: 4051 | D183: 4051 | G183: =G15&"散人精英" -> 半兽人勇士_BJC散人精英 | H183: =H15 -> 边界村 | I183: =INT((I15+1)*3-1) -> 179 | K183: =原始值!D183+VLOOKUP($H183,怪物强度修正!$A$2:$R$17,COLUMN(K183)-9,FALSE) -> 9 | L183: =原始值!E183+VLOOKUP($H183,怪物强度修正!$A$2:$R$17,COLUMN(L183)-9,FALSE) -> 20 | M183: =K183 -> 9 | N183: =L183 -> 20 | O183: =原始值!H183+VLOOKUP($H183,怪物强度修正!$A$2:$R$17,COLUMN(O183)-9,FALSE) -> 0 | P183: =原始值!I183+VLOOKUP($H183,怪物强度修正!$A$2:$R$17,COLUMN(P183)-9,FALSE) -> 0 | Q183: =原始值!J183+VLOOKUP($H183,怪物强度修正!$A$2:$R$17,COLUMN(Q183)-9,FALSE) -> 3 | R183: =原始值!K183+VLOOKUP($H183,怪物强度修正!$A$2:$R$17,COLUMN(R183)-9,FALSE) -> 3 | S183: =原始值!L183+VLOOKUP($H183,怪物强度修正!$A$2:$R$17,COLUMN(S183)-9,FALSE) -> 7 | T183: =原始值!M183+VLOOKUP($H183,怪物强度修正!$A$2:$R$17,COLUMN(T183)-9,FALSE) -> 7 | U183: =原始值!N183+VLOOKUP($H183,怪物强度修正!$A$2:$R$17,COLUMN(U183)-9,FALSE) -> 65 | V183: 1 | W183: =原始值!P183+VLOOKUP($H183,怪物强度修正!$A$2:$R$17,COLUMN(W183)-9,FALSE) -> 13 | X183: =原始值!Q183+VLOOKUP($H183,怪物强度修正!$A$2:$R$17,COLUMN(X183)-9,FALSE) -> 10 | Y183: =原始值!R183+VLOOKUP($H183,怪物强度修正!$A$2:$R$17,COLUMN(Y183)-9,FALSE) -> 75 | Z183: =原始值!S183+VLOOKUP($H183,怪物强度修正!$A$2:$R$17,COLUMN(Z183)-9,FALSE) -> 300 | AA183: =原始值!T183+VLOOKUP($H183,怪物强度修正!$A$2:$R$17,COLUMN(AA183)-9,FALSE) -> 50
A184: ="PhyType.NewNpcType_"&D184 -> PhyType.NewNpcType_4052 | B184: NPC_Pattern | C184: 4052 | D184: 4052 | G184: =G16&"散人精英" -> 半兽人勇士_BQS散人精英 | H184: =H16 -> 比奇省 | I184: =INT((I16+1)*3-1) -> 179 | K184: =原始值!D184+VLOOKUP($H184,怪物强度修正!$A$2:$R$17,COLUMN(K184)-9,FALSE) -> 9 | L184: =原始值!E184+VLOOKUP($H184,怪物强度修正!$A$2:$R$17,COLUMN(L184)-9,FALSE) -> 20 | M184: =K184 -> 9 | N184: =L184 -> 20 | O184: =原始值!H184+VLOOKUP($H184,怪物强度修正!$A$2:$R$17,COLUMN(O184)-9,FALSE) -> 0 | P184: =原始值!I184+VLOOKUP($H184,怪物强度修正!$A$2:$R$17,COLUMN(P184)-9,FALSE) -> 0 | Q184: =原始值!J184+VLOOKUP($H184,怪物强度修正!$A$2:$R$17,COLUMN(Q184)-9,FALSE) -> 3 | R184: =原始值!K184+VLOOKUP($H184,怪物强度修正!$A$2:$R$17,COLUMN(R184)-9,FALSE) -> 3 | S184: =原始值!L184+VLOOKUP($H184,怪物强度修正!$A$2:$R$17,COLUMN(S184)-9,FALSE) -> 7 | T184: =原始值!M184+VLOOKUP($H184,怪物强度修正!$A$2:$R$17,COLUMN(T184)-9,FALSE) -> 7 | U184: =原始值!N184+VLOOKUP($H184,怪物强度修正!$A$2:$R$17,COLUMN(U184)-9,FALSE) -> 65 | V184: 1 | W184: =原始值!P184+VLOOKUP($H184,怪物强度修正!$A$2:$R$17,COLUMN(W184)-9,FALSE) -> 13 | X184: =原始值!Q184+VLOOKUP($H184,怪物强度修正!$A$2:$R$17,COLUMN(X184)-9,FALSE) -> 11 | Y184: =原始值!R184+VLOOKUP($H184,怪物强度修正!$A$2:$R$17,COLUMN(Y184)-9,FALSE) -> 75 | Z184: =原始值!S184+VLOOKUP($H184,怪物强度修正!$A$2:$R$17,COLUMN(Z184)-9,FALSE) -> 300 | AA184: =原始值!T184+VLOOKUP($H184,怪物强度修正!$A$2:$R$17,COLUMN(AA184)-9,FALSE) -> 50
A185: ="PhyType.NewNpcType_"&D185 -> PhyType.NewNpcType_406 | B185: NPC_Pattern | C185: 406 | D185: 406 | G185: =G17&"散人精英" -> 鹿散人精英 | H185: =H17 -> 边界村 | I185: =INT((I17+1)*3-1) -> 44 | K185: =原始值!D185+VLOOKUP($H185,怪物强度修正!$A$2:$R$17,COLUMN(K185)-9,FALSE) -> 3 | L185: =原始值!E185+VLOOKUP($H185,怪物强度修正!$A$2:$R$17,COLUMN(L185)-9,FALSE) -> 6 | M185: =K185 -> 3 | N185: =L185 -> 6 | O185: =原始值!H185+VLOOKUP($H185,怪物强度修正!$A$2:$R$17,COLUMN(O185)-9,FALSE) -> 0 | P185: =原始值!I185+VLOOKUP($H185,怪物强度修正!$A$2:$R$17,COLUMN(P185)-9,FALSE) -> 0 | Q185: =原始值!J185+VLOOKUP($H185,怪物强度修正!$A$2:$R$17,COLUMN(Q185)-9,FALSE) -> 0 | R185: =原始值!K185+VLOOKUP($H185,怪物强度修正!$A$2:$R$17,COLUMN(R185)-9,FALSE) -> 0 | S185: =原始值!L185+VLOOKUP($H185,怪物强度修正!$A$2:$R$17,COLUMN(S185)-9,FALSE) -> 5 | T185: =原始值!M185+VLOOKUP($H185,怪物强度修正!$A$2:$R$17,COLUMN(T185)-9,FALSE) -> 5 | U185: =原始值!N185+VLOOKUP($H185,怪物强度修正!$A$2:$R$17,COLUMN(U185)-9,FALSE) -> 15 | V185: 1 | W185: =原始值!P185+VLOOKUP($H185,怪物强度修正!$A$2:$R$17,COLUMN(W185)-9,FALSE) -> 12 | X185: =原始值!Q185+VLOOKUP($H185,怪物强度修正!$A$2:$R$17,COLUMN(X185)-9,FALSE) -> 1 | Y185: =原始值!R185+VLOOKUP($H185,怪物强度修正!$A$2:$R$17,COLUMN(Y185)-9,FALSE) -> 75 | Z185: =原始值!S185+VLOOKUP($H185,怪物强度修正!$A$2:$R$17,COLUMN(Z185)-9,FALSE) -> 300 | AA185: =原始值!T185+VLOOKUP($H185,怪物强度修正!$A$2:$R$17,COLUMN(AA185)-9,FALSE) -> 50
A186: ="PhyType.NewNpcType_"&D186 -> PhyType.NewNpcType_407 | B186: NPC_Pattern | C186: 407 | D186: 407 | G186: =G18&"散人精英" -> 残肢僵尸散人精英 | H186: =H18 -> 比奇矿区 | I186: =INT((I18+1)*3-1) -> 419 | K186: =原始值!D186+VLOOKUP($H186,怪物强度修正!$A$2:$R$17,COLUMN(K186)-9,FALSE) -> 8 | L186: =原始值!E186+VLOOKUP($H186,怪物强度修正!$A$2:$R$17,COLUMN(L186)-9,FALSE) -> 18 | M186: =K186 -> 8 | N186: =L186 -> 18 | O186: =原始值!H186+VLOOKUP($H186,怪物强度修正!$A$2:$R$17,COLUMN(O186)-9,FALSE) -> 0 | P186: =原始值!I186+VLOOKUP($H186,怪物强度修正!$A$2:$R$17,COLUMN(P186)-9,FALSE) -> 0 | Q186: =原始值!J186+VLOOKUP($H186,怪物强度修正!$A$2:$R$17,COLUMN(Q186)-9,FALSE) -> 3 | R186: =原始值!K186+VLOOKUP($H186,怪物强度修正!$A$2:$R$17,COLUMN(R186)-9,FALSE) -> 3 | S186: =原始值!L186+VLOOKUP($H186,怪物强度修正!$A$2:$R$17,COLUMN(S186)-9,FALSE) -> 7 | T186: =原始值!M186+VLOOKUP($H186,怪物强度修正!$A$2:$R$17,COLUMN(T186)-9,FALSE) -> 7 | U186: =原始值!N186+VLOOKUP($H186,怪物强度修正!$A$2:$R$17,COLUMN(U186)-9,FALSE) -> 155 | V186: 1 | W186: =原始值!P186+VLOOKUP($H186,怪物强度修正!$A$2:$R$17,COLUMN(W186)-9,FALSE) -> 12 | X186: =原始值!Q186+VLOOKUP($H186,怪物强度修正!$A$2:$R$17,COLUMN(X186)-9,FALSE) -> 15 | Y186: =原始值!R186+VLOOKUP($H186,怪物强度修正!$A$2:$R$17,COLUMN(Y186)-9,FALSE) -> 75 | Z186: =原始值!S186+VLOOKUP($H186,怪物强度修正!$A$2:$R$17,COLUMN(Z186)-9,FALSE) -> 300 | AA186: =原始值!T186+VLOOKUP($H186,怪物强度修正!$A$2:$R$17,COLUMN(AA186)-9,FALSE) -> 50
A187: ="PhyType.NewNpcType_"&D187 -> PhyType.NewNpcType_408 | B187: NPC_Pattern | C187: 408 | D187: 408 | G187: =G19&"散人精英" -> 直立僵尸散人精英 | H187: =H19 -> 比奇矿区 | I187: =INT((I19+1)*3-1) -> 449 | K187: =原始值!D187+VLOOKUP($H187,怪物强度修正!$A$2:$R$17,COLUMN(K187)-9,FALSE) -> 8 | L187: =原始值!E187+VLOOKUP($H187,怪物强度修正!$A$2:$R$17,COLUMN(L187)-9,FALSE) -> 23 | M187: =K187 -> 8 | N187: =L187 -> 23 | O187: =原始值!H187+VLOOKUP($H187,怪物强度修正!$A$2:$R$17,COLUMN(O187)-9,FALSE) -> 0 | P187: =原始值!I187+VLOOKUP($H187,怪物强度修正!$A$2:$R$17,COLUMN(P187)-9,FALSE) -> 0 | Q187: =原始值!J187+VLOOKUP($H187,怪物强度修正!$A$2:$R$17,COLUMN(Q187)-9,FALSE) -> 3 | R187: =原始值!K187+VLOOKUP($H187,怪物强度修正!$A$2:$R$17,COLUMN(R187)-9,FALSE) -> 3 | S187: =原始值!L187+VLOOKUP($H187,怪物强度修正!$A$2:$R$17,COLUMN(S187)-9,FALSE) -> 7 | T187: =原始值!M187+VLOOKUP($H187,怪物强度修正!$A$2:$R$17,COLUMN(T187)-9,FALSE) -> 7 | U187: =原始值!N187+VLOOKUP($H187,怪物强度修正!$A$2:$R$17,COLUMN(U187)-9,FALSE) -> 155 | V187: 1 | W187: =原始值!P187+VLOOKUP($H187,怪物强度修正!$A$2:$R$17,COLUMN(W187)-9,FALSE) -> 12 | X187: =原始值!Q187+VLOOKUP($H187,怪物强度修正!$A$2:$R$17,COLUMN(X187)-9,FALSE) -> 15 | Y187: =原始值!R187+VLOOKUP($H187,怪物强度修正!$A$2:$R$17,COLUMN(Y187)-9,FALSE) -> 75 | Z187: =原始值!S187+VLOOKUP($H187,怪物强度修正!$A$2:$R$17,COLUMN(Z187)-9,FALSE) -> 300 | AA187: =原始值!T187+VLOOKUP($H187,怪物强度修正!$A$2:$R$17,COLUMN(AA187)-9,FALSE) -> 50
... A231: ="PhyType.NewNpcType_"&D231 -> PhyType.NewNpcType_452 | B231: NPC_Pattern | C231: 452 | D231: 452 | G231: =G63&"散人精英" -> 暴牙蜘蛛散人精英 | H231: =H63 -> 赤月峡谷 | I231: =INT((I63+1)*3-1) -> 1199 | K231: =原始值!D231+VLOOKUP($H231,怪物强度修正!$A$2:$R$17,COLUMN(K231)-9,FALSE) -> 38 | L231: =原始值!E231+VLOOKUP($H231,怪物强度修正!$A$2:$R$17,COLUMN(L231)-9,FALSE) -> 56 | M231: =K231 -> 38 | N231: =L231 -> 56 | O231: =原始值!H231+VLOOKUP($H231,怪物强度修正!$A$2:$R$17,COLUMN(O231)-9,FALSE) -> 0 | P231: =原始值!I231+VLOOKUP($H231,怪物强度修正!$A$2:$R$17,COLUMN(P231)-9,FALSE) -> 0 | Q231: =原始值!J231+VLOOKUP($H231,怪物强度修正!$A$2:$R$17,COLUMN(Q231)-9,FALSE) -> 17 | R231: =原始值!K231+VLOOKUP($H231,怪物强度修正!$A$2:$R$17,COLUMN(R231)-9,FALSE) -> 17 | S231: =原始值!L231+VLOOKUP($H231,怪物强度修正!$A$2:$R$17,COLUMN(S231)-9,FALSE) -> 52 | T231: =原始值!M231+VLOOKUP($H231,怪物强度修正!$A$2:$R$17,COLUMN(T231)-9,FALSE) -> 52 | U231: =原始值!N231+VLOOKUP($H231,怪物强度修正!$A$2:$R$17,COLUMN(U231)-9,FALSE) -> 500 | V231: 12 | W231: =原始值!P231+VLOOKUP($H231,怪物强度修正!$A$2:$R$17,COLUMN(W231)-9,FALSE) -> 17 | X231: =原始值!Q231+VLOOKUP($H231,怪物强度修正!$A$2:$R$17,COLUMN(X231)-9,FALSE) -> 17 | Y231: =原始值!R231+VLOOKUP($H231,怪物强度修正!$A$2:$R$17,COLUMN(Y231)-9,FALSE) -> 75 | Z231: =原始值!S231+VLOOKUP($H231,怪物强度修正!$A$2:$R$17,COLUMN(Z231)-9,FALSE) -> 300 | AA231: =原始值!T231+VLOOKUP($H231,怪物强度修正!$A$2:$R$17,COLUMN(AA231)-9,FALSE) -> 50
A232: ="PhyType.NewNpcType_"&D232 -> PhyType.NewNpcType_501 | B232: NPC_Pattern | C232: 501 | D232: 501 | G232: =G8&"精英" -> 稻草人精英 | H232: =H8 -> 边界村 | I232: =INT((I8+1)*3-1) -> 29 | K232: =原始值!D232+VLOOKUP($H232,怪物强度修正!$A$2:$R$17,COLUMN(K232)-9,FALSE) -> 2 | L232: =原始值!E232+VLOOKUP($H232,怪物强度修正!$A$2:$R$17,COLUMN(L232)-9,FALSE) -> 3 | M232: =K232 -> 2 | N232: =L232 -> 3 | O232: =原始值!H232+VLOOKUP($H232,怪物强度修正!$A$2:$R$17,COLUMN(O232)-9,FALSE) -> 0 | P232: =原始值!I232+VLOOKUP($H232,怪物强度修正!$A$2:$R$17,COLUMN(P232)-9,FALSE) -> 0 | Q232: =原始值!J232+VLOOKUP($H232,怪物强度修正!$A$2:$R$17,COLUMN(Q232)-9,FALSE) -> 0 | R232: =原始值!K232+VLOOKUP($H232,怪物强度修正!$A$2:$R$17,COLUMN(R232)-9,FALSE) -> 0 | S232: =原始值!L232+VLOOKUP($H232,怪物强度修正!$A$2:$R$17,COLUMN(S232)-9,FALSE) -> 5 | T232: =原始值!M232+VLOOKUP($H232,怪物强度修正!$A$2:$R$17,COLUMN(T232)-9,FALSE) -> 5 | U232: =原始值!N232+VLOOKUP($H232,怪物强度修正!$A$2:$R$17,COLUMN(U232)-9,FALSE) -> 45 | V232: 1 | W232: =原始值!P232+VLOOKUP($H232,怪物强度修正!$A$2:$R$17,COLUMN(W232)-9,FALSE) -> 5 | X232: =原始值!Q232+VLOOKUP($H232,怪物强度修正!$A$2:$R$17,COLUMN(X232)-9,FALSE) -> 7 | Y232: =原始值!R232+VLOOKUP($H232,怪物强度修正!$A$2:$R$17,COLUMN(Y232)-9,FALSE) -> 75 | Z232: =原始值!S232+VLOOKUP($H232,怪物强度修正!$A$2:$R$17,COLUMN(Z232)-9,FALSE) -> 300 | AA232: =原始值!T232+VLOOKUP($H232,怪物强度修正!$A$2:$R$17,COLUMN(AA232)-9,FALSE) -> 50
A233: ="PhyType.NewNpcType_"&D233 -> PhyType.NewNpcType_502 | B233: NPC_Pattern | C233: 502 | D233: 502 | G233: =G9&"精英" -> 钉耙猫精英 | H233: =H9 -> 边界村 | I233: =INT((I9+1)*3-1) -> 53 | K233: =原始值!D233+VLOOKUP($H233,怪物强度修正!$A$2:$R$17,COLUMN(K233)-9,FALSE) -> 3 | L233: =原始值!E233+VLOOKUP($H233,怪物强度修正!$A$2:$R$17,COLUMN(L233)-9,FALSE) -> 6 | M233: =K233 -> 3 | N233: =L233 -> 6 | O233: =原始值!H233+VLOOKUP($H233,怪物强度修正!$A$2:$R$17,COLUMN(O233)-9,FALSE) -> 0 | P233: =原始值!I233+VLOOKUP($H233,怪物强度修正!$A$2:$R$17,COLUMN(P233)-9,FALSE) -> 0 | Q233: =原始值!J233+VLOOKUP($H233,怪物强度修正!$A$2:$R$17,COLUMN(Q233)-9,FALSE) -> 0 | R233: =原始值!K233+VLOOKUP($H233,怪物强度修正!$A$2:$R$17,COLUMN(R233)-9,FALSE) -> 0 | S233: =原始值!L233+VLOOKUP($H233,怪物强度修正!$A$2:$R$17,COLUMN(S233)-9,FALSE) -> 5 | T233: =原始值!M233+VLOOKUP($H233,怪物强度修正!$A$2:$R$17,COLUMN(T233)-9,FALSE) -> 5 | U233: =原始值!N233+VLOOKUP($H233,怪物强度修正!$A$2:$R$17,COLUMN(U233)-9,FALSE) -> 69 | V233: 1 | W233: =原始值!P233+VLOOKUP($H233,怪物强度修正!$A$2:$R$17,COLUMN(W233)-9,FALSE) -> 5 | X233: =原始值!Q233+VLOOKUP($H233,怪物强度修正!$A$2:$R$17,COLUMN(X233)-9,FALSE) -> 7 | Y233: =原始值!R233+VLOOKUP($H233,怪物强度修正!$A$2:$R$17,COLUMN(Y233)-9,FALSE) -> 75 | Z233: =原始值!S233+VLOOKUP($H233,怪物强度修正!$A$2:$R$17,COLUMN(Z233)-9,FALSE) -> 300 | AA233: =原始值!T233+VLOOKUP($H233,怪物强度修正!$A$2:$R$17,COLUMN(AA233)-9,FALSE) -> 50
A234: ="PhyType.NewNpcType_"&D234 -> PhyType.NewNpcType_503 | B234: NPC_Pattern | C234: 503 | D234: 503 | G234: =G10&"精英" -> 半兽人精英 | H234: =H10 -> 边界村 | I234: =INT((I10+1)*3-1) -> 74 | K234: =原始值!D234+VLOOKUP($H234,怪物强度修正!$A$2:$R$17,COLUMN(K234)-9,FALSE) -> 5 | L234: =原始值!E234+VLOOKUP($H234,怪物强度修正!$A$2:$R$17,COLUMN(L234)-9,FALSE) -> 11 | M234: =K234 -> 5 | N234: =L234 -> 11 | O234: =原始值!H234+VLOOKUP($H234,怪物强度修正!$A$2:$R$17,COLUMN(O234)-9,FALSE) -> 0 | P234: =原始值!I234+VLOOKUP($H234,怪物强度修正!$A$2:$R$17,COLUMN(P234)-9,FALSE) -> 0 | Q234: =原始值!J234+VLOOKUP($H234,怪物强度修正!$A$2:$R$17,COLUMN(Q234)-9,FALSE) -> 1 | R234: =原始值!K234+VLOOKUP($H234,怪物强度修正!$A$2:$R$17,COLUMN(R234)-9,FALSE) -> 1 | S234: =原始值!L234+VLOOKUP($H234,怪物强度修正!$A$2:$R$17,COLUMN(S234)-9,FALSE) -> 5 | T234: =原始值!M234+VLOOKUP($H234,怪物强度修正!$A$2:$R$17,COLUMN(T234)-9,FALSE) -> 5 | U234: =原始值!N234+VLOOKUP($H234,怪物强度修正!$A$2:$R$17,COLUMN(U234)-9,FALSE) -> 90 | V234: 1 | W234: =原始值!P234+VLOOKUP($H234,怪物强度修正!$A$2:$R$17,COLUMN(W234)-9,FALSE) -> 6 | X234: =原始值!Q234+VLOOKUP($H234,怪物强度修正!$A$2:$R$17,COLUMN(X234)-9,FALSE) -> 8 | Y234: =原始值!R234+VLOOKUP($H234,怪物强度修正!$A$2:$R$17,COLUMN(Y234)-9,FALSE) -> 75 | Z234: =原始值!S234+VLOOKUP($H234,怪物强度修正!$A$2:$R$17,COLUMN(Z234)-9,FALSE) -> 300 | AA234: =原始值!T234+VLOOKUP($H234,怪物强度修正!$A$2:$R$17,COLUMN(AA234)-9,FALSE) -> 50
A235: ="PhyType.NewNpcType_"&D235 -> PhyType.NewNpcType_504 | B235: NPC_Pattern | C235: 504 | D235: 504 | G235: =G11&"精英" -> 半兽人战士精英 | H235: =H11 -> 比奇省 | I235: =INT((I11+1)*3-1) -> 269 | K235: =原始值!D235+VLOOKUP($H235,怪物强度修正!$A$2:$R$17,COLUMN(K235)-9,FALSE) -> 8 | L235: =原始值!E235+VLOOKUP($H235,怪物强度修正!$A$2:$R$17,COLUMN(L235)-9,FALSE) -> 18 | M235: =K235 -> 8 | N235: =L235 -> 18 | O235: =原始值!H235+VLOOKUP($H235,怪物强度修正!$A$2:$R$17,COLUMN(O235)-9,FALSE) -> 0 | P235: =原始值!I235+VLOOKUP($H235,怪物强度修正!$A$2:$R$17,COLUMN(P235)-9,FALSE) -> 0 | Q235: =原始值!J235+VLOOKUP($H235,怪物强度修正!$A$2:$R$17,COLUMN(Q235)-9,FALSE) -> 4 | R235: =原始值!K235+VLOOKUP($H235,怪物强度修正!$A$2:$R$17,COLUMN(R235)-9,FALSE) -> 4 | S235: =原始值!L235+VLOOKUP($H235,怪物强度修正!$A$2:$R$17,COLUMN(S235)-9,FALSE) -> 7 | T235: =原始值!M235+VLOOKUP($H235,怪物强度修正!$A$2:$R$17,COLUMN(T235)-9,FALSE) -> 7 | U235: =原始值!N235+VLOOKUP($H235,怪物强度修正!$A$2:$R$17,COLUMN(U235)-9,FALSE) -> 300 | V235: 1 | W235: =原始值!P235+VLOOKUP($H235,怪物强度修正!$A$2:$R$17,COLUMN(W235)-9,FALSE) -> 10 | X235: =原始值!Q235+VLOOKUP($H235,怪物强度修正!$A$2:$R$17,COLUMN(X235)-9,FALSE) -> 13 | Y235: =原始值!R235+VLOOKUP($H235,怪物强度修正!$A$2:$R$17,COLUMN(Y235)-9,FALSE) -> 75 | Z235: =原始值!S235+VLOOKUP($H235,怪物强度修正!$A$2:$R$17,COLUMN(Z235)-9,FALSE) -> 300 | AA235: =原始值!T235+VLOOKUP($H235,怪物强度修正!$A$2:$R$17,COLUMN(AA235)-9,FALSE) -> 50
A236: ="PhyType.NewNpcType_"&D236 -> PhyType.NewNpcType_5041 | B236: NPC_Pattern | C236: 5041 | D236: 5041 | G236: =G12&"精英" -> 半兽人战士_BJC精英 | H236: =H12 -> 边界村 | I236: =INT((I12+1)*3-1) -> 98 | K236: =原始值!D236+VLOOKUP($H236,怪物强度修正!$A$2:$R$17,COLUMN(K236)-9,FALSE) -> 6 | L236: =原始值!E236+VLOOKUP($H236,怪物强度修正!$A$2:$R$17,COLUMN(L236)-9,FALSE) -> 14 | M236: =K236 -> 6 | N236: =L236 -> 14 | O236: =原始值!H236+VLOOKUP($H236,怪物强度修正!$A$2:$R$17,COLUMN(O236)-9,FALSE) -> 0 | P236: =原始值!I236+VLOOKUP($H236,怪物强度修正!$A$2:$R$17,COLUMN(P236)-9,FALSE) -> 0 | Q236: =原始值!J236+VLOOKUP($H236,怪物强度修正!$A$2:$R$17,COLUMN(Q236)-9,FALSE) -> 1 | R236: =原始值!K236+VLOOKUP($H236,怪物强度修正!$A$2:$R$17,COLUMN(R236)-9,FALSE) -> 1 | S236: =原始值!L236+VLOOKUP($H236,怪物强度修正!$A$2:$R$17,COLUMN(S236)-9,FALSE) -> 5 | T236: =原始值!M236+VLOOKUP($H236,怪物强度修正!$A$2:$R$17,COLUMN(T236)-9,FALSE) -> 5 | U236: =原始值!N236+VLOOKUP($H236,怪物强度修正!$A$2:$R$17,COLUMN(U236)-9,FALSE) -> 105 | V236: 1 | W236: =原始值!P236+VLOOKUP($H236,怪物强度修正!$A$2:$R$17,COLUMN(W236)-9,FALSE) -> 10 | X236: =原始值!Q236+VLOOKUP($H236,怪物强度修正!$A$2:$R$17,COLUMN(X236)-9,FALSE) -> 9 | Y236: =原始值!R236+VLOOKUP($H236,怪物强度修正!$A$2:$R$17,COLUMN(Y236)-9,FALSE) -> 75 | Z236: =原始值!S236+VLOOKUP($H236,怪物强度修正!$A$2:$R$17,COLUMN(Z236)-9,FALSE) -> 300 | AA236: =原始值!T236+VLOOKUP($H236,怪物强度修正!$A$2:$R$17,COLUMN(AA236)-9,FALSE) -> 50
A237: ="PhyType.NewNpcType_"&D237 -> PhyType.NewNpcType_5042 | B237: NPC_Pattern | C237: 5042 | D237: 5042 | G237: =G13&"精英" -> 半兽人战士_BQS精英 | H237: =H13 -> 比奇省 | I237: =INT((I13+1)*3-1) -> 119 | K237: =原始值!D237+VLOOKUP($H237,怪物强度修正!$A$2:$R$17,COLUMN(K237)-9,FALSE) -> 8 | L237: =原始值!E237+VLOOKUP($H237,怪物强度修正!$A$2:$R$17,COLUMN(L237)-9,FALSE) -> 17 | M237: =K237 -> 8 | N237: =L237 -> 17 | O237: =原始值!H237+VLOOKUP($H237,怪物强度修正!$A$2:$R$17,COLUMN(O237)-9,FALSE) -> 0 | P237: =原始值!I237+VLOOKUP($H237,怪物强度修正!$A$2:$R$17,COLUMN(P237)-9,FALSE) -> 0 | Q237: =原始值!J237+VLOOKUP($H237,怪物强度修正!$A$2:$R$17,COLUMN(Q237)-9,FALSE) -> 1 | R237: =原始值!K237+VLOOKUP($H237,怪物强度修正!$A$2:$R$17,COLUMN(R237)-9,FALSE) -> 1 | S237: =原始值!L237+VLOOKUP($H237,怪物强度修正!$A$2:$R$17,COLUMN(S237)-9,FALSE) -> 5 | T237: =原始值!M237+VLOOKUP($H237,怪物强度修正!$A$2:$R$17,COLUMN(T237)-9,FALSE) -> 5 | U237: =原始值!N237+VLOOKUP($H237,怪物强度修正!$A$2:$R$17,COLUMN(U237)-9,FALSE) -> 135 | V237: 1 | W237: =原始值!P237+VLOOKUP($H237,怪物强度修正!$A$2:$R$17,COLUMN(W237)-9,FALSE) -> 10 | X237: =原始值!Q237+VLOOKUP($H237,怪物强度修正!$A$2:$R$17,COLUMN(X237)-9,FALSE) -> 10 | Y237: =原始值!R237+VLOOKUP($H237,怪物强度修正!$A$2:$R$17,COLUMN(Y237)-9,FALSE) -> 75 | Z237: =原始值!S237+VLOOKUP($H237,怪物强度修正!$A$2:$R$17,COLUMN(Z237)-9,FALSE) -> 300 | AA237: =原始值!T237+VLOOKUP($H237,怪物强度修正!$A$2:$R$17,COLUMN(AA237)-9,FALSE) -> 50
A238: ="PhyType.NewNpcType_"&D238 -> PhyType.NewNpcType_505 | B238: NPC_Pattern | C238: 505 | D238: 505 | G238: =G14&"精英" -> 半兽人勇士精英 | H238: =H14 -> 比奇省 | I238: =INT((I14+1)*3-1) -> 899 | K238: =原始值!D238+VLOOKUP($H238,怪物强度修正!$A$2:$R$17,COLUMN(K238)-9,FALSE) -> 23 | L238: =原始值!E238+VLOOKUP($H238,怪物强度修正!$A$2:$R$17,COLUMN(L238)-9,FALSE) -> 48 | M238: =K238 -> 23 | N238: =L238 -> 48 | O238: =原始值!H238+VLOOKUP($H238,怪物强度修正!$A$2:$R$17,COLUMN(O238)-9,FALSE) -> 0 | P238: =原始值!I238+VLOOKUP($H238,怪物强度修正!$A$2:$R$17,COLUMN(P238)-9,FALSE) -> 0 | Q238: =原始值!J238+VLOOKUP($H238,怪物强度修正!$A$2:$R$17,COLUMN(Q238)-9,FALSE) -> 0 | R238: =原始值!K238+VLOOKUP($H238,怪物强度修正!$A$2:$R$17,COLUMN(R238)-9,FALSE) -> 0 | S238: =原始值!L238+VLOOKUP($H238,怪物强度修正!$A$2:$R$17,COLUMN(S238)-9,FALSE) -> 5 | T238: =原始值!M238+VLOOKUP($H238,怪物强度修正!$A$2:$R$17,COLUMN(T238)-9,FALSE) -> 5 | U238: =原始值!N238+VLOOKUP($H238,怪物强度修正!$A$2:$R$17,COLUMN(U238)-9,FALSE) -> 900 | V238: 1 | W238: =原始值!P238+VLOOKUP($H238,怪物强度修正!$A$2:$R$17,COLUMN(W238)-9,FALSE) -> 13 | X238: =原始值!Q238+VLOOKUP($H238,怪物强度修正!$A$2:$R$17,COLUMN(X238)-9,FALSE) -> 13 | Y238: =原始值!R238+VLOOKUP($H238,怪物强度修正!$A$2:$R$17,COLUMN(Y238)-9,FALSE) -> 75 | Z238: =原始值!S238+VLOOKUP($H238,怪物强度修正!$A$2:$R$17,COLUMN(Z238)-9,FALSE) -> 300 | AA238: =原始值!T238+VLOOKUP($H238,怪物强度修正!$A$2:$R$17,COLUMN(AA238)-9,FALSE) -> 50
A239: ="PhyType.NewNpcType_"&D239 -> PhyType.NewNpcType_5051 | B239: NPC_Pattern | C239: 5051 | D239: 5051 | G239: =G15&"精英" -> 半兽人勇士_BJC精英 | H239: =H15 -> 边界村 | I239: =INT((I15+1)*3-1) -> 179 | K239: =原始值!D239+VLOOKUP($H239,怪物强度修正!$A$2:$R$17,COLUMN(K239)-9,FALSE) -> 9 | L239: =原始值!E239+VLOOKUP($H239,怪物强度修正!$A$2:$R$17,COLUMN(L239)-9,FALSE) -> 20 | M239: =K239 -> 9 | N239: =L239 -> 20 | O239: =原始值!H239+VLOOKUP($H239,怪物强度修正!$A$2:$R$17,COLUMN(O239)-9,FALSE) -> 0 | P239: =原始值!I239+VLOOKUP($H239,怪物强度修正!$A$2:$R$17,COLUMN(P239)-9,FALSE) -> 0 | Q239: =原始值!J239+VLOOKUP($H239,怪物强度修正!$A$2:$R$17,COLUMN(Q239)-9,FALSE) -> 3 | R239: =原始值!K239+VLOOKUP($H239,怪物强度修正!$A$2:$R$17,COLUMN(R239)-9,FALSE) -> 3 | S239: =原始值!L239+VLOOKUP($H239,怪物强度修正!$A$2:$R$17,COLUMN(S239)-9,FALSE) -> 7 | T239: =原始值!M239+VLOOKUP($H239,怪物强度修正!$A$2:$R$17,COLUMN(T239)-9,FALSE) -> 7 | U239: =原始值!N239+VLOOKUP($H239,怪物强度修正!$A$2:$R$17,COLUMN(U239)-9,FALSE) -> 195 | V239: 1 | W239: =原始值!P239+VLOOKUP($H239,怪物强度修正!$A$2:$R$17,COLUMN(W239)-9,FALSE) -> 13 | X239: =原始值!Q239+VLOOKUP($H239,怪物强度修正!$A$2:$R$17,COLUMN(X239)-9,FALSE) -> 10 | Y239: =原始值!R239+VLOOKUP($H239,怪物强度修正!$A$2:$R$17,COLUMN(Y239)-9,FALSE) -> 75 | Z239: =原始值!S239+VLOOKUP($H239,怪物强度修正!$A$2:$R$17,COLUMN(Z239)-9,FALSE) -> 300 | AA239: =原始值!T239+VLOOKUP($H239,怪物强度修正!$A$2:$R$17,COLUMN(AA239)-9,FALSE) -> 50
A240: ="PhyType.NewNpcType_"&D240 -> PhyType.NewNpcType_5052 | B240: NPC_Pattern | C240: 5052 | D240: 5052 | G240: =G16&"精英" -> 半兽人勇士_BQS精英 | H240: =H16 -> 比奇省 | I240: =INT((I16+1)*3-1) -> 179 | K240: =原始值!D240+VLOOKUP($H240,怪物强度修正!$A$2:$R$17,COLUMN(K240)-9,FALSE) -> 9 | L240: =原始值!E240+VLOOKUP($H240,怪物强度修正!$A$2:$R$17,COLUMN(L240)-9,FALSE) -> 20 | M240: =K240 -> 9 | N240: =L240 -> 20 | O240: =原始值!H240+VLOOKUP($H240,怪物强度修正!$A$2:$R$17,COLUMN(O240)-9,FALSE) -> 0 | P240: =原始值!I240+VLOOKUP($H240,怪物强度修正!$A$2:$R$17,COLUMN(P240)-9,FALSE) -> 0 | Q240: =原始值!J240+VLOOKUP($H240,怪物强度修正!$A$2:$R$17,COLUMN(Q240)-9,FALSE) -> 3 | R240: =原始值!K240+VLOOKUP($H240,怪物强度修正!$A$2:$R$17,COLUMN(R240)-9,FALSE) -> 3 | S240: =原始值!L240+VLOOKUP($H240,怪物强度修正!$A$2:$R$17,COLUMN(S240)-9,FALSE) -> 7 | T240: =原始值!M240+VLOOKUP($H240,怪物强度修正!$A$2:$R$17,COLUMN(T240)-9,FALSE) -> 7 | U240: =原始值!N240+VLOOKUP($H240,怪物强度修正!$A$2:$R$17,COLUMN(U240)-9,FALSE) -> 195 | V240: 1 | W240: =原始值!P240+VLOOKUP($H240,怪物强度修正!$A$2:$R$17,COLUMN(W240)-9,FALSE) -> 13 | X240: =原始值!Q240+VLOOKUP($H240,怪物强度修正!$A$2:$R$17,COLUMN(X240)-9,FALSE) -> 11 | Y240: =原始值!R240+VLOOKUP($H240,怪物强度修正!$A$2:$R$17,COLUMN(Y240)-9,FALSE) -> 75 | Z240: =原始值!S240+VLOOKUP($H240,怪物强度修正!$A$2:$R$17,COLUMN(Z240)-9,FALSE) -> 300 | AA240: =原始值!T240+VLOOKUP($H240,怪物强度修正!$A$2:$R$17,COLUMN(AA240)-9,FALSE) -> 50
A241: ="PhyType.NewNpcType_"&D241 -> PhyType.NewNpcType_506 | B241: NPC_Pattern | C241: 506 | D241: 506 | G241: =G17&"精英" -> 鹿精英 | H241: =H17 -> 边界村 | I241: =INT((I17+1)*3-1) -> 44 | K241: =原始值!D241+VLOOKUP($H241,怪物强度修正!$A$2:$R$17,COLUMN(K241)-9,FALSE) -> 3 | L241: =原始值!E241+VLOOKUP($H241,怪物强度修正!$A$2:$R$17,COLUMN(L241)-9,FALSE) -> 6 | M241: =K241 -> 3 | N241: =L241 -> 6 | O241: =原始值!H241+VLOOKUP($H241,怪物强度修正!$A$2:$R$17,COLUMN(O241)-9,FALSE) -> 0 | P241: =原始值!I241+VLOOKUP($H241,怪物强度修正!$A$2:$R$17,COLUMN(P241)-9,FALSE) -> 0 | Q241: =原始值!J241+VLOOKUP($H241,怪物强度修正!$A$2:$R$17,COLUMN(Q241)-9,FALSE) -> 0 | R241: =原始值!K241+VLOOKUP($H241,怪物强度修正!$A$2:$R$17,COLUMN(R241)-9,FALSE) -> 0 | S241: =原始值!L241+VLOOKUP($H241,怪物强度修正!$A$2:$R$17,COLUMN(S241)-9,FALSE) -> 5 | T241: =原始值!M241+VLOOKUP($H241,怪物强度修正!$A$2:$R$17,COLUMN(T241)-9,FALSE) -> 5 | U241: =原始值!N241+VLOOKUP($H241,怪物强度修正!$A$2:$R$17,COLUMN(U241)-9,FALSE) -> 45 | V241: 1 | W241: =原始值!P241+VLOOKUP($H241,怪物强度修正!$A$2:$R$17,COLUMN(W241)-9,FALSE) -> 12 | X241: =原始值!Q241+VLOOKUP($H241,怪物强度修正!$A$2:$R$17,COLUMN(X241)-9,FALSE) -> 1 | Y241: =原始值!R241+VLOOKUP($H241,怪物强度修正!$A$2:$R$17,COLUMN(Y241)-9,FALSE) -> 75 | Z241: =原始值!S241+VLOOKUP($H241,怪物强度修正!$A$2:$R$17,COLUMN(Z241)-9,FALSE) -> 300 | AA241: =原始值!T241+VLOOKUP($H241,怪物强度修正!$A$2:$R$17,COLUMN(AA241)-9,FALSE) -> 50
A242: ="PhyType.NewNpcType_"&D242 -> PhyType.NewNpcType_507 | B242: NPC_Pattern | C242: 507 | D242: 507 | G242: =G18&"精英" -> 残肢僵尸精英 | H242: =H18 -> 比奇矿区 | I242: =INT((I18+1)*3-1) -> 419 | K242: =原始值!D242+VLOOKUP($H242,怪物强度修正!$A$2:$R$17,COLUMN(K242)-9,FALSE) -> 8 | L242: =原始值!E242+VLOOKUP($H242,怪物强度修正!$A$2:$R$17,COLUMN(L242)-9,FALSE) -> 18 | M242: =K242 -> 8 | N242: =L242 -> 18 | O242: =原始值!H242+VLOOKUP($H242,怪物强度修正!$A$2:$R$17,COLUMN(O242)-9,FALSE) -> 0 | P242: =原始值!I242+VLOOKUP($H242,怪物强度修正!$A$2:$R$17,COLUMN(P242)-9,FALSE) -> 0 | Q242: =原始值!J242+VLOOKUP($H242,怪物强度修正!$A$2:$R$17,COLUMN(Q242)-9,FALSE) -> 3 | R242: =原始值!K242+VLOOKUP($H242,怪物强度修正!$A$2:$R$17,COLUMN(R242)-9,FALSE) -> 3 | S242: =原始值!L242+VLOOKUP($H242,怪物强度修正!$A$2:$R$17,COLUMN(S242)-9,FALSE) -> 7 | T242: =原始值!M242+VLOOKUP($H242,怪物强度修正!$A$2:$R$17,COLUMN(T242)-9,FALSE) -> 7 | U242: =原始值!N242+VLOOKUP($H242,怪物强度修正!$A$2:$R$17,COLUMN(U242)-9,FALSE) -> 465 | V242: 1 | W242: =原始值!P242+VLOOKUP($H242,怪物强度修正!$A$2:$R$17,COLUMN(W242)-9,FALSE) -> 12 | X242: =原始值!Q242+VLOOKUP($H242,怪物强度修正!$A$2:$R$17,COLUMN(X242)-9,FALSE) -> 15 | Y242: =原始值!R242+VLOOKUP($H242,怪物强度修正!$A$2:$R$17,COLUMN(Y242)-9,FALSE) -> 75 | Z242: =原始值!S242+VLOOKUP($H242,怪物强度修正!$A$2:$R$17,COLUMN(Z242)-9,FALSE) -> 300 | AA242: =原始值!T242+VLOOKUP($H242,怪物强度修正!$A$2:$R$17,COLUMN(AA242)-9,FALSE) -> 50
A243: ="PhyType.NewNpcType_"&D243 -> PhyType.NewNpcType_508 | B243: NPC_Pattern | C243: 508 | D243: 508 | G243: =G19&"精英" -> 直立僵尸精英 | H243: =H19 -> 比奇矿区 | I243: =INT((I19+1)*3-1) -> 449 | K243: =原始值!D243+VLOOKUP($H243,怪物强度修正!$A$2:$R$17,COLUMN(K243)-9,FALSE) -> 8 | L243: =原始值!E243+VLOOKUP($H243,怪物强度修正!$A$2:$R$17,COLUMN(L243)-9,FALSE) -> 23 | M243: =K243 -> 8 | N243: =L243 -> 23 | O243: =原始值!H243+VLOOKUP($H243,怪物强度修正!$A$2:$R$17,COLUMN(O243)-9,FALSE) -> 0 | P243: =原始值!I243+VLOOKUP($H243,怪物强度修正!$A$2:$R$17,COLUMN(P243)-9,FALSE) -> 0 | Q243: =原始值!J243+VLOOKUP($H243,怪物强度修正!$A$2:$R$17,COLUMN(Q243)-9,FALSE) -> 3 | R243: =原始值!K243+VLOOKUP($H243,怪物强度修正!$A$2:$R$17,COLUMN(R243)-9,FALSE) -> 3 | S243: =原始值!L243+VLOOKUP($H243,怪物强度修正!$A$2:$R$17,COLUMN(S243)-9,FALSE) -> 7 | T243: =原始值!M243+VLOOKUP($H243,怪物强度修正!$A$2:$R$17,COLUMN(T243)-9,FALSE) -> 7 | U243: =原始值!N243+VLOOKUP($H243,怪物强度修正!$A$2:$R$17,COLUMN(U243)-9,FALSE) -> 465 | V243: 1 | W243: =原始值!P243+VLOOKUP($H243,怪物强度修正!$A$2:$R$17,COLUMN(W243)-9,FALSE) -> 12 | X243: =原始值!Q243+VLOOKUP($H243,怪物强度修正!$A$2:$R$17,COLUMN(X243)-9,FALSE) -> 15 | Y243: =原始值!R243+VLOOKUP($H243,怪物强度修正!$A$2:$R$17,COLUMN(Y243)-9,FALSE) -> 75 | Z243: =原始值!S243+VLOOKUP($H243,怪物强度修正!$A$2:$R$17,COLUMN(Z243)-9,FALSE) -> 300 | AA243: =原始值!T243+VLOOKUP($H243,怪物强度修正!$A$2:$R$17,COLUMN(AA243)-9,FALSE) -> 50
... A287: ="PhyType.NewNpcType_"&D287 -> PhyType.NewNpcType_552 | B287: NPC_Pattern | C287: 552 | D287: 552 | G287: =G63&"精英" -> 暴牙蜘蛛精英 | H287: =H63 -> 赤月峡谷 | I287: =INT((I63+1)*3-1) -> 1199 | K287: =原始值!D287+VLOOKUP($H287,怪物强度修正!$A$2:$R$17,COLUMN(K287)-9,FALSE) -> 38 | L287: =原始值!E287+VLOOKUP($H287,怪物强度修正!$A$2:$R$17,COLUMN(L287)-9,FALSE) -> 56 | M287: =K287 -> 38 | N287: =L287 -> 56 | O287: =原始值!H287+VLOOKUP($H287,怪物强度修正!$A$2:$R$17,COLUMN(O287)-9,FALSE) -> 0 | P287: =原始值!I287+VLOOKUP($H287,怪物强度修正!$A$2:$R$17,COLUMN(P287)-9,FALSE) -> 0 | Q287: =原始值!J287+VLOOKUP($H287,怪物强度修正!$A$2:$R$17,COLUMN(Q287)-9,FALSE) -> 17 | R287: =原始值!K287+VLOOKUP($H287,怪物强度修正!$A$2:$R$17,COLUMN(R287)-9,FALSE) -> 17 | S287: =原始值!L287+VLOOKUP($H287,怪物强度修正!$A$2:$R$17,COLUMN(S287)-9,FALSE) -> 52 | T287: =原始值!M287+VLOOKUP($H287,怪物强度修正!$A$2:$R$17,COLUMN(T287)-9,FALSE) -> 52 | U287: =原始值!N287+VLOOKUP($H287,怪物强度修正!$A$2:$R$17,COLUMN(U287)-9,FALSE) -> 1500 | V287: 12 | W287: =原始值!P287+VLOOKUP($H287,怪物强度修正!$A$2:$R$17,COLUMN(W287)-9,FALSE) -> 17 | X287: =原始值!Q287+VLOOKUP($H287,怪物强度修正!$A$2:$R$17,COLUMN(X287)-9,FALSE) -> 17 | Y287: =原始值!R287+VLOOKUP($H287,怪物强度修正!$A$2:$R$17,COLUMN(Y287)-9,FALSE) -> 75 | Z287: =原始值!S287+VLOOKUP($H287,怪物强度修正!$A$2:$R$17,COLUMN(Z287)-9,FALSE) -> 300 | AA287: =原始值!T287+VLOOKUP($H287,怪物强度修正!$A$2:$R$17,COLUMN(AA287)-9,FALSE) -> 50
A288: ="PhyType.NewNpcType_"&D288 -> PhyType.NewNpcType_701 | B288: NPC_Pattern | C288: 701 | D288: 701 | G288: 魔化半兽人勇士 | H288: 边界村 | I288: 39 | K288: 5 | L288: 10 | M288: =K288 -> 5 | N288: =L288 -> 10 | O288: =原始值!H288+VLOOKUP($H288,怪物强度修正!$A$2:$R$17,COLUMN(O288)-9,FALSE) -> 0 | P288: =原始值!I288+VLOOKUP($H288,怪物强度修正!$A$2:$R$17,COLUMN(P288)-9,FALSE) -> 0 | Q288: =原始值!J288+VLOOKUP($H288,怪物强度修正!$A$2:$R$17,COLUMN(Q288)-9,FALSE) -> 1 | R288: =原始值!K288+VLOOKUP($H288,怪物强度修正!$A$2:$R$17,COLUMN(R288)-9,FALSE) -> 1 | S288: =原始值!L288+VLOOKUP($H288,怪物强度修正!$A$2:$R$17,COLUMN(S288)-9,FALSE) -> 0 | T288: =原始值!M288+VLOOKUP($H288,怪物强度修正!$A$2:$R$17,COLUMN(T288)-9,FALSE) -> 0 | U288: =原始值!N288+VLOOKUP($H288,怪物强度修正!$A$2:$R$17,COLUMN(U288)-9,FALSE) -> 60 | V288: 1 | W288: 9 | X288: =原始值!Q288+VLOOKUP($H288,怪物强度修正!$A$2:$R$17,COLUMN(X288)-9,FALSE) -> 7 | Y288: =原始值!R288+VLOOKUP($H288,怪物强度修正!$A$2:$R$17,COLUMN(Y288)-9,FALSE) -> 75 | Z288: =原始值!S288+VLOOKUP($H288,怪物强度修正!$A$2:$R$17,COLUMN(Z288)-9,FALSE) -> 300 | AA288: =原始值!T288+VLOOKUP($H288,怪物强度修正!$A$2:$R$17,COLUMN(AA288)-9,FALSE) -> 50
A289: ="PhyType.NewNpcType_"&D289 -> PhyType.NewNpcType_702 | B289: NPC_Pattern | C289: 702 | D289: 702 | G289: 半兽人首领-刚鬃 | H289: 比奇省 | I289: 59 | K289: =原始值!D289+VLOOKUP($H289,怪物强度修正!$A$2:$R$17,COLUMN(K289)-9,FALSE) -> 6 | L289: =原始值!E289+VLOOKUP($H289,怪物强度修正!$A$2:$R$17,COLUMN(L289)-9,FALSE) -> 14 | M289: =K289 -> 6 | N289: =L289 -> 14 | O289: =原始值!H289+VLOOKUP($H289,怪物强度修正!$A$2:$R$17,COLUMN(O289)-9,FALSE) -> 0 | P289: =原始值!I289+VLOOKUP($H289,怪物强度修正!$A$2:$R$17,COLUMN(P289)-9,FALSE) -> 0 | Q289: =原始值!J289+VLOOKUP($H289,怪物强度修正!$A$2:$R$17,COLUMN(Q289)-9,FALSE) -> 1 | R289: =原始值!K289+VLOOKUP($H289,怪物强度修正!$A$2:$R$17,COLUMN(R289)-9,FALSE) -> 1 | S289: =原始值!L289+VLOOKUP($H289,怪物强度修正!$A$2:$R$17,COLUMN(S289)-9,FALSE) -> 0 | T289: =原始值!M289+VLOOKUP($H289,怪物强度修正!$A$2:$R$17,COLUMN(T289)-9,FALSE) -> 0 | U289: =原始值!N289+VLOOKUP($H289,怪物强度修正!$A$2:$R$17,COLUMN(U289)-9,FALSE) -> 80 | V289: 1 | W289: =原始值!P289+VLOOKUP($H289,怪物强度修正!$A$2:$R$17,COLUMN(W289)-9,FALSE) -> 9 | X289: =原始值!Q289+VLOOKUP($H289,怪物强度修正!$A$2:$R$17,COLUMN(X289)-9,FALSE) -> 9 | Y289: =原始值!R289+VLOOKUP($H289,怪物强度修正!$A$2:$R$17,COLUMN(Y289)-9,FALSE) -> 75 | Z289: =原始值!S289+VLOOKUP($H289,怪物强度修正!$A$2:$R$17,COLUMN(Z289)-9,FALSE) -> 300 | AA289: =原始值!T289+VLOOKUP($H289,怪物强度修正!$A$2:$R$17,COLUMN(AA289)-9,FALSE) -> 50
A290: ="PhyType.NewNpcType_"&D290 -> PhyType.NewNpcType_703 | B290: NPC_Pattern | C290: 703 | D290: 703 | G290: 大勇 | H290: 比奇省 | I290: 89 | K290: =原始值!D290+VLOOKUP($H290,怪物强度修正!$A$2:$R$17,COLUMN(K290)-9,FALSE) -> 7 | L290: =原始值!E290+VLOOKUP($H290,怪物强度修正!$A$2:$R$17,COLUMN(L290)-9,FALSE) -> 16 | M290: =K290 -> 7 | N290: =L290 -> 16 | O290: =原始值!H290+VLOOKUP($H290,怪物强度修正!$A$2:$R$17,COLUMN(O290)-9,FALSE) -> 0 | P290: =原始值!I290+VLOOKUP($H290,怪物强度修正!$A$2:$R$17,COLUMN(P290)-9,FALSE) -> 0 | Q290: =原始值!J290+VLOOKUP($H290,怪物强度修正!$A$2:$R$17,COLUMN(Q290)-9,FALSE) -> 1 | R290: =原始值!K290+VLOOKUP($H290,怪物强度修正!$A$2:$R$17,COLUMN(R290)-9,FALSE) -> 1 | S290: =原始值!L290+VLOOKUP($H290,怪物强度修正!$A$2:$R$17,COLUMN(S290)-9,FALSE) -> 0 | T290: =原始值!M290+VLOOKUP($H290,怪物强度修正!$A$2:$R$17,COLUMN(T290)-9,FALSE) -> 0 | U290: =原始值!N290+VLOOKUP($H290,怪物强度修正!$A$2:$R$17,COLUMN(U290)-9,FALSE) -> 100 | V290: 1 | W290: =原始值!P290+VLOOKUP($H290,怪物强度修正!$A$2:$R$17,COLUMN(W290)-9,FALSE) -> 10 | X290: =原始值!Q290+VLOOKUP($H290,怪物强度修正!$A$2:$R$17,COLUMN(X290)-9,FALSE) -> 10 | Y290: =原始值!R290+VLOOKUP($H290,怪物强度修正!$A$2:$R$17,COLUMN(Y290)-9,FALSE) -> 75 | Z290: =原始值!S290+VLOOKUP($H290,怪物强度修正!$A$2:$R$17,COLUMN(Z290)-9,FALSE) -> 300 | AA290: =原始值!T290+VLOOKUP($H290,怪物强度修正!$A$2:$R$17,COLUMN(AA290)-9,FALSE) -> 50
A291: ="PhyType.NewNpcType_"&D291 -> PhyType.NewNpcType_704 | B291: NPC_Pattern | C291: 704 | D291: 704 | G291: 尸王 | H291: 比奇矿区 | I291: 299 | K291: =原始值!D291+VLOOKUP($H291,怪物强度修正!$A$2:$R$17,COLUMN(K291)-9,FALSE) -> 12 | L291: =原始值!E291+VLOOKUP($H291,怪物强度修正!$A$2:$R$17,COLUMN(L291)-9,FALSE) -> 25 | M291: =K291 -> 12 | N291: =L291 -> 25 | O291: =原始值!H291+VLOOKUP($H291,怪物强度修正!$A$2:$R$17,COLUMN(O291)-9,FALSE) -> 0 | P291: =原始值!I291+VLOOKUP($H291,怪物强度修正!$A$2:$R$17,COLUMN(P291)-9,FALSE) -> 0 | Q291: =原始值!J291+VLOOKUP($H291,怪物强度修正!$A$2:$R$17,COLUMN(Q291)-9,FALSE) -> 1 | R291: =原始值!K291+VLOOKUP($H291,怪物强度修正!$A$2:$R$17,COLUMN(R291)-9,FALSE) -> 1 | S291: =原始值!L291+VLOOKUP($H291,怪物强度修正!$A$2:$R$17,COLUMN(S291)-9,FALSE) -> 1 | T291: =原始值!M291+VLOOKUP($H291,怪物强度修正!$A$2:$R$17,COLUMN(T291)-9,FALSE) -> 1 | U291: =原始值!N291+VLOOKUP($H291,怪物强度修正!$A$2:$R$17,COLUMN(U291)-9,FALSE) -> 700 | V291: 1 | W291: =原始值!P291+VLOOKUP($H291,怪物强度修正!$A$2:$R$17,COLUMN(W291)-9,FALSE) -> 12 | X291: =原始值!Q291+VLOOKUP($H291,怪物强度修正!$A$2:$R$17,COLUMN(X291)-9,FALSE) -> 14 | Y291: =原始值!R291+VLOOKUP($H291,怪物强度修正!$A$2:$R$17,COLUMN(Y291)-9,FALSE) -> 75 | Z291: =原始值!S291+VLOOKUP($H291,怪物强度修正!$A$2:$R$17,COLUMN(Z291)-9,FALSE) -> 300 | AA291: =原始值!T291+VLOOKUP($H291,怪物强度修正!$A$2:$R$17,COLUMN(AA291)-9,FALSE) -> 50
A292: ="PhyType.NewNpcType_"&D292 -> PhyType.NewNpcType_705 | B292: NPC_Pattern | C292: 705 | D292: 705 | G292: 沃玛教主 | H292: 沃玛寺庙 | I292: 499 | K292: =原始值!D292+VLOOKUP($H292,怪物强度修正!$A$2:$R$17,COLUMN(K292)-9,FALSE) -> 15 | L292: =原始值!E292+VLOOKUP($H292,怪物强度修正!$A$2:$R$17,COLUMN(L292)-9,FALSE) -> 28 | M292: =K292 -> 15 | N292: =L292 -> 28 | O292: =原始值!H292+VLOOKUP($H292,怪物强度修正!$A$2:$R$17,COLUMN(O292)-9,FALSE) -> 0 | P292: =原始值!I292+VLOOKUP($H292,怪物强度修正!$A$2:$R$17,COLUMN(P292)-9,FALSE) -> 0 | Q292: =原始值!J292+VLOOKUP($H292,怪物强度修正!$A$2:$R$17,COLUMN(Q292)-9,FALSE) -> 2 | R292: =原始值!K292+VLOOKUP($H292,怪物强度修正!$A$2:$R$17,COLUMN(R292)-9,FALSE) -> 2 | S292: =原始值!L292+VLOOKUP($H292,怪物强度修正!$A$2:$R$17,COLUMN(S292)-9,FALSE) -> 2 | T292: =原始值!M292+VLOOKUP($H292,怪物强度修正!$A$2:$R$17,COLUMN(T292)-9,FALSE) -> 2 | U292: =原始值!N292+VLOOKUP($H292,怪物强度修正!$A$2:$R$17,COLUMN(U292)-9,FALSE) -> 1000 | V292: 1 | W292: =原始值!P292+VLOOKUP($H292,怪物强度修正!$A$2:$R$17,COLUMN(W292)-9,FALSE) -> 15 | X292: =原始值!Q292+VLOOKUP($H292,怪物强度修正!$A$2:$R$17,COLUMN(X292)-9,FALSE) -> 16 | Y292: =原始值!R292+VLOOKUP($H292,怪物强度修正!$A$2:$R$17,COLUMN(Y292)-9,FALSE) -> 75 | Z292: =原始值!S292+VLOOKUP($H292,怪物强度修正!$A$2:$R$17,COLUMN(Z292)-9,FALSE) -> 300 | AA292: =原始值!T292+VLOOKUP($H292,怪物强度修正!$A$2:$R$17,COLUMN(AA292)-9,FALSE) -> 50
A293: ="PhyType.NewNpcType_"&D293 -> PhyType.NewNpcType_706 | B293: NPC_Pattern | C293: 706 | D293: 706 | G293: 触龙神 | H293: 死亡峡谷 | I293: 499 | K293: =原始值!D293+VLOOKUP($H293,怪物强度修正!$A$2:$R$17,COLUMN(K293)-9,FALSE) -> 23 | L293: =原始值!E293+VLOOKUP($H293,怪物强度修正!$A$2:$R$17,COLUMN(L293)-9,FALSE) -> 43 | M293: =K293 -> 23 | N293: =L293 -> 43 | O293: =原始值!H293+VLOOKUP($H293,怪物强度修正!$A$2:$R$17,COLUMN(O293)-9,FALSE) -> 0 | P293: =原始值!I293+VLOOKUP($H293,怪物强度修正!$A$2:$R$17,COLUMN(P293)-9,FALSE) -> 0 | Q293: =原始值!J293+VLOOKUP($H293,怪物强度修正!$A$2:$R$17,COLUMN(Q293)-9,FALSE) -> 1 | R293: =原始值!K293+VLOOKUP($H293,怪物强度修正!$A$2:$R$17,COLUMN(R293)-9,FALSE) -> 1 | S293: =原始值!L293+VLOOKUP($H293,怪物强度修正!$A$2:$R$17,COLUMN(S293)-9,FALSE) -> 7 | T293: =原始值!M293+VLOOKUP($H293,怪物强度修正!$A$2:$R$17,COLUMN(T293)-9,FALSE) -> 7 | U293: =原始值!N293+VLOOKUP($H293,怪物强度修正!$A$2:$R$17,COLUMN(U293)-9,FALSE) -> 1000 | V293: 1 | W293: =原始值!P293+VLOOKUP($H293,怪物强度修正!$A$2:$R$17,COLUMN(W293)-9,FALSE) -> 15 | X293: =原始值!Q293+VLOOKUP($H293,怪物强度修正!$A$2:$R$17,COLUMN(X293)-9,FALSE) -> 16 | Y293: =原始值!R293+VLOOKUP($H293,怪物强度修正!$A$2:$R$17,COLUMN(Y293)-9,FALSE) -> 75 | Z293: =原始值!S293+VLOOKUP($H293,怪物强度修正!$A$2:$R$17,COLUMN(Z293)-9,FALSE) -> 300 | AA293: =原始值!T293+VLOOKUP($H293,怪物强度修正!$A$2:$R$17,COLUMN(AA293)-9,FALSE) -> 50
A294: ="PhyType.NewNpcType_"&D294 -> PhyType.NewNpcType_707 | B294: NPC_Pattern | C294: 707 | D294: 707 | G294: 双头半兽人 | H294: 沃玛森林 | I294: 129 | K294: =原始值!D294+VLOOKUP($H294,怪物强度修正!$A$2:$R$17,COLUMN(K294)-9,FALSE) -> 8 | L294: =原始值!E294+VLOOKUP($H294,怪物强度修正!$A$2:$R$17,COLUMN(L294)-9,FALSE) -> 19 | M294: =K294 -> 8 | N294: =L294 -> 19 | O294: =原始值!H294+VLOOKUP($H294,怪物强度修正!$A$2:$R$17,COLUMN(O294)-9,FALSE) -> 0 | P294: =原始值!I294+VLOOKUP($H294,怪物强度修正!$A$2:$R$17,COLUMN(P294)-9,FALSE) -> 0 | Q294: =原始值!J294+VLOOKUP($H294,怪物强度修正!$A$2:$R$17,COLUMN(Q294)-9,FALSE) -> 1 | R294: =原始值!K294+VLOOKUP($H294,怪物强度修正!$A$2:$R$17,COLUMN(R294)-9,FALSE) -> 1 | S294: =原始值!L294+VLOOKUP($H294,怪物强度修正!$A$2:$R$17,COLUMN(S294)-9,FALSE) -> 0 | T294: =原始值!M294+VLOOKUP($H294,怪物强度修正!$A$2:$R$17,COLUMN(T294)-9,FALSE) -> 0 | U294: =原始值!N294+VLOOKUP($H294,怪物强度修正!$A$2:$R$17,COLUMN(U294)-9,FALSE) -> 130 | V294: 1 | W294: =原始值!P294+VLOOKUP($H294,怪物强度修正!$A$2:$R$17,COLUMN(W294)-9,FALSE) -> 15 | X294: =原始值!Q294+VLOOKUP($H294,怪物强度修正!$A$2:$R$17,COLUMN(X294)-9,FALSE) -> 15 | Y294: =原始值!R294+VLOOKUP($H294,怪物强度修正!$A$2:$R$17,COLUMN(Y294)-9,FALSE) -> 75 | Z294: =原始值!S294+VLOOKUP($H294,怪物强度修正!$A$2:$R$17,COLUMN(Z294)-9,FALSE) -> 300 | AA294: =原始值!T294+VLOOKUP($H294,怪物强度修正!$A$2:$R$17,COLUMN(AA294)-9,FALSE) -> 50
A295: ="PhyType.NewNpcType_"&D295 -> PhyType.NewNpcType_708 | B295: NPC_Pattern | C295: 708 | D295: 708 | G295: 耐艹稻草人 | H295: 边界村 | I295: 49 | K295: =原始值!D295+VLOOKUP($H295,怪物强度修正!$A$2:$R$17,COLUMN(K295)-9,FALSE) -> 2 | L295: =原始值!E295+VLOOKUP($H295,怪物强度修正!$A$2:$R$17,COLUMN(L295)-9,FALSE) -> 3 | M295: =K295 -> 2 | N295: =L295 -> 3 | O295: =原始值!H295+VLOOKUP($H295,怪物强度修正!$A$2:$R$17,COLUMN(O295)-9,FALSE) -> 0 | P295: =原始值!I295+VLOOKUP($H295,怪物强度修正!$A$2:$R$17,COLUMN(P295)-9,FALSE) -> 0 | Q295: =原始值!J295+VLOOKUP($H295,怪物强度修正!$A$2:$R$17,COLUMN(Q295)-9,FALSE) -> 0 | R295: =原始值!K295+VLOOKUP($H295,怪物强度修正!$A$2:$R$17,COLUMN(R295)-9,FALSE) -> 0 | S295: =原始值!L295+VLOOKUP($H295,怪物强度修正!$A$2:$R$17,COLUMN(S295)-9,FALSE) -> 0 | T295: =原始值!M295+VLOOKUP($H295,怪物强度修正!$A$2:$R$17,COLUMN(T295)-9,FALSE) -> 0 | U295: =原始值!N295+VLOOKUP($H295,怪物强度修正!$A$2:$R$17,COLUMN(U295)-9,FALSE) -> 110 | V295: 1 | W295: =原始值!P295+VLOOKUP($H295,怪物强度修正!$A$2:$R$17,COLUMN(W295)-9,FALSE) -> 7 | X295: =原始值!Q295+VLOOKUP($H295,怪物强度修正!$A$2:$R$17,COLUMN(X295)-9,FALSE) -> 7 | Y295: =原始值!R295+VLOOKUP($H295,怪物强度修正!$A$2:$R$17,COLUMN(Y295)-9,FALSE) -> 75 | Z295: =原始值!S295+VLOOKUP($H295,怪物强度修正!$A$2:$R$17,COLUMN(Z295)-9,FALSE) -> 300 | AA295: =原始值!T295+VLOOKUP($H295,怪物强度修正!$A$2:$R$17,COLUMN(AA295)-9,FALSE) -> 50
A296: ="PhyType.NewNpcType_"&D296 -> PhyType.NewNpcType_709 | B296: NPC_Pattern | C296: 709 | D296: 709 | G296: 任务祖玛卫士 | H296: 祖玛寺庙 | I296: 649 | K296: =原始值!D296+VLOOKUP($H296,怪物强度修正!$A$2:$R$17,COLUMN(K296)-9,FALSE) -> 30 | L296: =原始值!E296+VLOOKUP($H296,怪物强度修正!$A$2:$R$17,COLUMN(L296)-9,FALSE) -> 45 | M296: =K296 -> 30 | N296: =L296 -> 45 | O296: =原始值!H296+VLOOKUP($H296,怪物强度修正!$A$2:$R$17,COLUMN(O296)-9,FALSE) -> 0 | P296: =原始值!I296+VLOOKUP($H296,怪物强度修正!$A$2:$R$17,COLUMN(P296)-9,FALSE) -> 0 | Q296: =原始值!J296+VLOOKUP($H296,怪物强度修正!$A$2:$R$17,COLUMN(Q296)-9,FALSE) -> 1 | R296: =原始值!K296+VLOOKUP($H296,怪物强度修正!$A$2:$R$17,COLUMN(R296)-9,FALSE) -> 1 | S296: =原始值!L296+VLOOKUP($H296,怪物强度修正!$A$2:$R$17,COLUMN(S296)-9,FALSE) -> 2 | T296: =原始值!M296+VLOOKUP($H296,怪物强度修正!$A$2:$R$17,COLUMN(T296)-9,FALSE) -> 2 | U296: =原始值!N296+VLOOKUP($H296,怪物强度修正!$A$2:$R$17,COLUMN(U296)-9,FALSE) -> 1300 | V296: 1 | W296: =原始值!P296+VLOOKUP($H296,怪物强度修正!$A$2:$R$17,COLUMN(W296)-9,FALSE) -> 15 | X296: =原始值!Q296+VLOOKUP($H296,怪物强度修正!$A$2:$R$17,COLUMN(X296)-9,FALSE) -> 17 | Y296: =原始值!R296+VLOOKUP($H296,怪物强度修正!$A$2:$R$17,COLUMN(Y296)-9,FALSE) -> 75 | Z296: =原始值!S296+VLOOKUP($H296,怪物强度修正!$A$2:$R$17,COLUMN(Z296)-9,FALSE) -> 300 | AA296: =原始值!T296+VLOOKUP($H296,怪物强度修正!$A$2:$R$17,COLUMN(AA296)-9,FALSE) -> 50
A297: ="PhyType.NewNpcType_"&D297 -> PhyType.NewNpcType_751 | B297: NPC_Pattern | C297: 751 | D297: 751 | G297: 1级公会BOSS | H297: 公会属地 | I297: =U297-1 -> 4999 | K297: 50 | L297: 100 | M297: =K297 -> 50 | N297: =L297 -> 100 | O297: 0 | P297: 0 | Q297: 20 | R297: 20 | S297: 12 | T297: 15 | U297: 5000 | V297: 1 | W297: 15 | X297: 20 | Y297: 75 | Z297: 300 | AA297: 50
A298: ="PhyType.NewNpcType_"&D298 -> PhyType.NewNpcType_752 | B298: NPC_Pattern | C298: 752 | D298: 752 | G298: 钱多多 | H298: 富贵神殿 | I298: 0 | K298: 10 | L298: 20 | M298: =K298 -> 10 | N298: =L298 -> 20 | O298: 0 | P298: 0 | Q298: 0 | R298: 0 | S298: 0 | T298: 0 | U298: 300 | V298: 1 | W298: 15 | X298: 15 | Y298: 75 | Z298: 300 | AA298: 50
A299: ="PhyType.NewNpcType_"&D299 -> PhyType.NewNpcType_753 | B299: NPC_Pattern | C299: 753 | D299: 753 | G299: 2级公会BOSS | H299: 公会属地 | I299: =U299-1 -> 6499 | K299: 55 | L299: 110 | M299: =K299 -> 55 | N299: =L299 -> 110 | O299: 0 | P299: 0 | Q299: 15 | R299: 15 | S299: 20 | T299: 20 | U299: 6500 | V299: 1 | W299: 16 | X299: 21 | Y299: 75 | Z299: 300 | AA299: 50
A300: ="PhyType.NewNpcType_"&D300 -> PhyType.NewNpcType_754 | B300: NPC_Pattern | C300: 754 | D300: 754 | G300: 3级公会BOSS | H300: 公会属地 | I300: =U300-1 -> 7999 | K300: 60 | L300: 120 | M300: =K300 -> 60 | N300: =L300 -> 120 | O300: 0 | P300: 0 | Q300: 18 | R300: 18 | S300: 25 | T300: 25 | U300: 8000 | V300: 1 | W300: 17 | X300: 22 | Y300: 75 | Z300: 300 | AA300: 50
A301: ="PhyType.NewNpcType_"&D301 -> PhyType.NewNpcType_755 | B301: NPC_Pattern | C301: 755 | D301: 755 | G301: 4级公会BOSS | H301: 公会属地 | I301: =U301-1 -> 9999 | K301: 65 | L301: 130 | M301: =K301 -> 65 | N301: =L301 -> 130 | O301: 0 | P301: 0 | Q301: 21 | R301: 21 | S301: 30 | T301: 30 | U301: 10000 | V301: 1 | W301: 18 | X301: 23 | Y301: 75 | Z301: 300 | AA301: 50
A302: ="PhyType.NewNpcType_"&D302 -> PhyType.NewNpcType_756 | B302: NPC_Pattern | C302: 756 | D302: 756 | G302: 5级公会BOSS | H302: 公会属地 | I302: =U302-1 -> 11999 | K302: 70 | L302: 140 | M302: =K302 -> 70 | N302: =L302 -> 140 | O302: 0 | P302: 0 | Q302: 24 | R302: 24 | S302: 35 | T302: 35 | U302: 12000 | V302: 1 | W302: 19 | X302: 24 | Y302: 75 | Z302: 300 | AA302: 50
A303: ="PhyType.NewNpcType_"&D303 -> PhyType.NewNpcType_757 | B303: NPC_Pattern | C303: 757 | D303: 757 | G303: 6级公会BOSS | H303: 公会属地 | I303: =U303-1 -> 14999 | K303: 75 | L303: 150 | M303: =K303 -> 75 | N303: =L303 -> 150 | O303: 0 | P303: 0 | Q303: 27 | R303: 27 | S303: 40 | T303: 40 | U303: 15000 | V303: 1 | W303: 20 | X303: 25 | Y303: 75 | Z303: 300 | AA303: 50
A304: ="PhyType.NewNpcType_"&D304 -> PhyType.NewNpcType_758 | B304: NPC_Pattern | C304: 758 | D304: 758 | G304: 7级公会BOSS | H304: 公会属地 | I304: =U304-1 -> 19999 | K304: 80 | L304: 160 | M304: =K304 -> 80 | N304: =L304 -> 160 | O304: 0 | P304: 0 | Q304: 30 | R304: 30 | S304: 45 | T304: 45 | U304: 20000 | V304: 1 | W304: 21 | X304: 26 | Y304: 75 | Z304: 300 | AA304: 50
A305: ="PhyType.NewNpcType_"&D305 -> PhyType.NewNpcType_759 | B305: NPC_Pattern | C305: 759 | D305: 759 | G305: 低级半兽人守护者 | H305: 藏宝图召唤 | I305: =U305-1 -> 499 | K305: 30 | L305: 50 | M305: =K305 -> 30 | N305: =L305 -> 50 | O305: 0 | P305: 0 | Q305: 0 | R305: 0 | S305: 0 | T305: 0 | U305: 500 | V305: 1 | W305: 15 | X305: 15 | Y305: 75 | Z305: 300 | AA305: 50
A306: ="PhyType.NewNpcType_"&D306 -> PhyType.NewNpcType_760 | B306: NPC_Pattern | C306: 760 | D306: 760 | G306: 中级半兽人守护者 | H306: 藏宝图召唤 | I306: =U306-1 -> 999 | K306: 45 | L306: 75 | M306: =K306 -> 45 | N306: =L306 -> 75 | O306: 0 | P306: 0 | Q306: 0 | R306: 0 | S306: 0 | T306: 0 | U306: 1000 | V306: 1 | W306: 17 | X306: 17 | Y306: 75 | Z306: 300 | AA306: 50
A307: ="PhyType.NewNpcType_"&D307 -> PhyType.NewNpcType_761 | B307: NPC_Pattern | C307: 761 | D307: 761 | G307: 高级半兽人守护者 | H307: 藏宝图召唤 | I307: =U307-1 -> 1999 | K307: 60 | L307: 100 | M307: =K307 -> 60 | N307: =L307 -> 100 | O307: 0 | P307: 0 | Q307: 0 | R307: 0 | S307: 0 | T307: 0 | U307: 2000 | V307: 1 | W307: 20 | X307: 20 | Y307: 75 | Z307: 300 | AA307: 50
A308: ="PhyType.NewNpcType_"&D308 -> PhyType.NewNpcType_762 | B308: NPC_Pattern | C308: 762 | D308: 762 | G308: 世界活动BOSS | H308: 世界活动 | I308: 0 | K308: 80 | L308: 130 | M308: =K308 -> 80 | N308: =L308 -> 130 | O308: 0 | P308: 0 | Q308: 10 | R308: 10 | S308: 20 | T308: 20 | U308: 2000000 | V308: 1 | W308: 20 | X308: 20 | Y308: 75 | Z308: 300 | AA308: 50
A309: ="PhyType.NewNpcType_"&D309 -> PhyType.NewNpcType_801 | B309: NPC_Pattern | C309: 801 | D309: 801 | G309: 卫士 | K309: 200 | L309: 200 | M309: =K309 -> 200 | N309: =L309 -> 200 | O309: 200 | P309: 200 | Q309: 100 | R309: 100 | S309: 100 | T309: 100 | U309: 9999 | V309: 1 | W309: 200 | X309: 200 | Y309: 75 | Z309: 300 | AA309: 50 | AB309: 10000
A310: ="PhyType.NewNpcType_"&D310 -> PhyType.NewNpcType_802 | B310: NPC_Pattern | C310: 802 | D310: 802 | G310: 弓箭手 | K310: 15 | L310: 30 | M310: =K310 -> 15 | N310: =L310 -> 30 | O310: 0 | P310: 0 | Q310: 20 | R310: 20 | S310: 20 | T310: 20 | U310: 2000 | V310: 1 | W310: 15 | X310: 18 | Y310: 75 | Z310: 300 | AA310: 50
A311: ="PhyType.NewNpcType_"&D311 -> PhyType.NewNpcType_803 | B311: NPC_Pattern | C311: 803 | D311: 803 | G311: 木桩 | K311: 0 | L311: 0 | M311: =K311 -> 0 | N311: =L311 -> 0 | O311: 0 | P311: 0 | Q311: 0 | R311: 0 | S311: 0 | T311: 0 | U311: 9999 | V311: 1 | W311: 0 | X311: 0 | Y311: 75 | Z311: 300 | AA311: 50 | AB311: 10000
A312: ="PhyType.NewNpcType_"&D312 -> PhyType.NewNpcType_804 | B312: NPC_Pattern | C312: 804 | D312: 804 | G312: 低血量图腾 | K312: 0 | L312: 0 | M312: =K312 -> 0 | N312: =L312 -> 0 | O312: 0 | P312: 0 | Q312: 0 | R312: 0 | S312: 0 | T312: 0 | U312: 100 | V312: 1 | W312: 5 | X312: 5 | Y312: 75 | Z312: 300 | AA312: 50
A313: ="PhyType.NewNpcType_"&D313 -> PhyType.NewNpcType_805 | B313: NPC_Pattern | C313: 805 | D313: 805 | G313: 中血量图腾 | K313: 0 | L313: 0 | M313: =K313 -> 0 | N313: =L313 -> 0 | O313: 0 | P313: 0 | Q313: 0 | R313: 0 | S313: 0 | T313: 0 | U313: 200 | V313: 1 | W313: 5 | X313: 5 | Y313: 75 | Z313: 300 | AA313: 50
A314: ="PhyType.NewNpcType_"&D314 -> PhyType.NewNpcType_806 | B314: NPC_Pattern | C314: 806 | D314: 806 | G314: 高血量图腾 | K314: 0 | L314: 0 | M314: =K314 -> 0 | N314: =L314 -> 0 | O314: 0 | P314: 0 | Q314: 0 | R314: 0 | S314: 0 | T314: 0 | U314: 500 | V314: 1 | W314: 5 | X314: 5 | Y314: 75 | Z314: 300 | AA314: 50
A315: ="PhyType.NewNpcType_"&D315 -> PhyType.NewNpcType_807 | B315: NPC_Pattern | C315: 807 | D315: 807 | G315: 变异骷髅 | K315: 11 | L315: 26 | M315: =K315 -> 11 | N315: =L315 -> 26 | O315: 0 | P315: 0 | Q315: 10 | R315: 10 | S315: 10 | T315: 10 | U315: 60 | V315: 1 | W315: 15 | X315: 22 | Y315: 75 | Z315: 300 | AA315: 50
...

Sheet 怪物强度修正
B1: catPhyAtk | C1: catMaxPhyAtk | D1: catMagAtk | E1: catMaxMagAtk | F1: catTaoAtk | G1: catMaxTaoAtk | H1: catPhyDef | I1: catMaxPhyDef | J1: catMagDef | K1: catMaxMagDef | L1: catMaxHp | M1: catMaxMp | N1: catAccurate | O1: catAgility | P1: catHpRecovery | Q1: catHpRecoveryTap | R1: catTapIncrease
A2: 边界村 | B2: 0 | C2: 0 | D2: 0 | E2: 0 | F2: 0 | G2: 0 | H2: 0 | I2: 0 | J2: 0 | K2: 0 | L2: 0 | M2: 0 | N2: 0 | O2: -3 | P2: 0 | Q2: 0 | R2: 0
A3: 比奇省 | B3: 0 | C3: 0 | D3: 0 | E3: 0 | F3: 0 | G3: 0 | H3: 0 | I3: 0 | J3: 0 | K3: 0 | L3: 0 | M3: 0 | N3: 0 | O3: -2 | P3: 0 | Q3: 0 | R3: 0
A4: 沃玛森林 | B4: 0 | C4: 0 | D4: 0 | E4: 0 | F4: 0 | G4: 0 | H4: 0 | I4: 0 | J4: 0 | K4: 0 | L4: 0 | M4: 0 | N4: 0 | O4: -1 | P4: 0 | Q4: 0 | R4: 0
A5: 盟重 | B5: 0 | C5: 0 | D5: 0 | E5: 0 | F5: 0 | G5: 0 | H5: 0 | I5: 0 | J5: 0 | K5: 0 | L5: 0 | M5: 0 | N5: 0 | O5: 0 | P5: 0 | Q5: 0 | R5: 0
A6: 比奇矿区 | B6: 0 | C6: 0 | D6: 0 | E6: 0 | F6: 0 | G6: 0 | H6: 0 | I6: 0 | J6: 0 | K6: 0 | L6: 0 | M6: 0 | N6: 0 | O6: 0 | P6: 0 | Q6: 0 | R6: 0
A7: 沃玛寺庙 | B7: -2 | C7: -2 | D7: 0 | E7: 0 | F7: 0 | G7: 0 | H7: 0 | I7: 0 | J7: 0 | K7: 0 | L7: 0 | M7: 0 | N7: 0 | O7: 0 | P7: 0 | Q7: 0 | R7: 0
A8: 死亡峡谷 | B8: 3 | C8: 3 | D8: 0 | E8: 0 | F8: 0 | G8: 0 | H8: 1 | I8: 1 | J8: 2 | K8: 2 | L8: 0 | M8: 0 | N8: 0 | O8: 0 | P8: 0 | Q8: 0 | R8: 0
A9: 石墓 | B9: 3 | C9: 3 | D9: 0 | E9: 0 | F9: 0 | G9: 0 | H9: 1 | I9: 1 | J9: 2 | K9: 2 | L9: 0 | M9: 0 | N9: 0 | O9: 0 | P9: 0 | Q9: 0 | R9: 0
A10: 祖玛寺庙 | B10: 4 | C10: 4 | D10: 0 | E10: 0 | F10: 0 | G10: 0 | H10: 1 | I10: 1 | J10: 2 | K10: 2 | L10: 0 | M10: 0 | N10: 0 | O10: 0 | P10: 0 | Q10: 0 | R10: 0
A11: 虹魔教坛 | B11: 0 | C11: 0 | D11: 0 | E11: 0 | F11: 0 | G11: 0 | H11: 0 | I11: 0 | J11: 0 | K11: 0 | L11: 0 | M11: 0 | N11: 0 | O11: 0 | P11: 0 | Q11: 0 | R11: 0
A12: 赤月峡谷 | B12: 5 | C12: 5 | D12: 0 | E12: 0 | F12: 0 | G12: 0 | H12: 1 | I12: 1 | J12: 2 | K12: 2 | L12: 0 | M12: 0 | N12: 0 | O12: 0 | P12: 0 | Q12: 0 | R12: 0

Sheet 原始值
A1: TemplateID | B1: Description | C1: Map | D1: catPhyAtk | E1: catMaxPhyAtk | F1: catMagAtk | G1: catMaxMagAtk | H1: catTaoAtk | I1: catMaxTaoAtk | J1: catPhyDef | K1: catMaxPhyDef | L1: catMagDef | M1: catMaxMagDef | N1: catMaxHp | O1: catMaxMp | P1: catAccurate | Q1: catAgility | R1: catHpRecovery | S1: catHpRecoveryTap | T1: catTapIncrease
A2: Both | B2: Both | C2: Both | D2: Both | E2: Both | F2: Both | G2: Both | H2: Both | I2: Both | J2: Both | K2: Both | L2: Both | M2: Both | N2: Both | O2: Both | P2: Both | Q2: Both | R2: Both | S2: Both | T2: Both
B3: 默认数据行 | C3: 所在地图 | D3: 0 | E3: 0 | F3: 0 | G3: 0 | H3: 0 | I3: 0 | J3: 0 | K3: 0 | L3: 0 | M3: 0 | N3: 0 | O3: 0 | P3: 0 | Q3: 0 | R3: 0 | S3: 0 | T3: 0
A4: 11 | B4: 标准物理型
A5: 1 | B5: 战士模板
A6: 100 | B6: 标准NPC | D6: 0 | E6: 0 | F6: 0 | G6: 0 | H6: 0 | I6: 0 | J6: 0 | K6: 0 | L6: 0 | M6: 0 | N6: 9999 | O6: 0 | P6: 5 | Q6: 5 | R6: 75 | S6: 300 | T6: 50
A7: 6 | B7: 物件模板 | D7: 2 | E7: 4 | F7: 1 | G7: 1 | H7: 1 | I7: 1 | J7: 1 | K7: 1 | L7: 1 | M7: 1 | N7: 50 | O7: 0 | P7: 5 | Q7: 10 | R7: 75 | S7: 300 | T7: 50
A8: 101 | B8: 稻草人 | C8: 边界村 | D8: =1 -> 1 | E8: 2 | F8: 0 | G8: 0 | H8: 0 | I8: 0 | J8: 0 | K8: 0 | L8: 0 | M8: 0 | N8: 15 | O8: 0 | P8: 5 | Q8: 10 | R8: 75 | S8: 300 | T8: 50
A9: 102 | B9: 钉耙猫 | C9: 边界村 | D9: 2 | E9: 4 | F9: 0 | G9: 0 | H9: 0 | I9: 0 | J9: 0 | K9: 0 | L9: 0 | M9: 0 | N9: 23 | O9: 0 | P9: 5 | Q9: 10 | R9: 75 | S9: 300 | T9: 50
A10: 103 | B10: 半兽人_BJC | C10: 边界村 | D10: 3 | E10: 7 | F10: 0 | G10: 0 | H10: 0 | I10: 0 | J10: 1 | K10: 1 | L10: 0 | M10: 0 | N10: 30 | O10: 0 | P10: 6 | Q10: 11 | R10: 75 | S10: 300 | T10: 50
A11: 104 | B11: 半兽人战士 | C11: 比奇省 | D11: 5 | E11: 12 | F11: 0 | G11: 0 | H11: 0 | I11: 0 | J11: 3 | K11: 3 | L11: 1 | M11: 1 | N11: 100 | O11: 0 | P11: 10 | Q11: 15 | R11: 75 | S11: 300 | T11: 50
A12: 1041 | B12: 半兽人战士_BJC | C12: 边界村 | D12: 4 | E12: 9 | F12: 0 | G12: 0 | H12: 0 | I12: 0 | J12: 1 | K12: 1 | L12: 0 | M12: 0 | N12: 35 | O12: 0 | P12: 10 | Q12: 12 | R12: 75 | S12: 300 | T12: 50
A13: 1042 | B13: 半兽人战士_BQS | C13: 比奇省 | D13: 5 | E13: 11 | F13: 0 | G13: 0 | H13: 0 | I13: 0 | J13: 1 | K13: 1 | L13: 0 | M13: 0 | N13: 45 | O13: 0 | P13: 10 | Q13: 12 | R13: 75 | S13: 300 | T13: 50
A14: 105 | B14: 半兽人勇士 | C14: 比奇省 | D14: 15 | E14: 32 | F14: 0 | G14: 0 | H14: 0 | I14: 0 | J14: 0 | K14: 0 | L14: 0 | M14: 0 | N14: 300 | O14: 0 | P14: 13 | Q14: 15 | R14: 75 | S14: 300 | T14: 50
A15: 1051 | B15: 半兽人勇士_BJC | C15: 边界村 | D15: 6 | E15: 13 | F15: 0 | G15: 0 | H15: 0 | I15: 0 | J15: 2 | K15: 2 | L15: 1 | M15: 1 | N15: 65 | O15: 0 | P15: 13 | Q15: 13 | R15: 75 | S15: 300 | T15: 50
A16: 1052 | B16: 半兽人勇士_BQS | C16: 比奇省 | D16: 6 | E16: 13 | F16: 0 | G16: 0 | H16: 0 | I16: 0 | J16: 2 | K16: 2 | L16: 1 | M16: 1 | N16: 65 | O16: 0 | P16: 13 | Q16: 13 | R16: 75 | S16: 300 | T16: 50
A17: 106 | B17: 鹿 | C17: 边界村 | D17: 2 | E17: 4 | F17: 0 | G17: 0 | H17: 0 | I17: 0 | J17: 0 | K17: 0 | L17: 0 | M17: 0 | N17: 15 | O17: 0 | P17: 12 | Q17: 4 | R17: 75 | S17: 300 | T17: 50
A18: 107 | B18: 残肢僵尸 | C18: 比奇矿区 | D18: 5 | E18: 12 | F18: 0 | G18: 0 | H18: 0 | I18: 0 | J18: 2 | K18: 2 | L18: 1 | M18: 1 | N18: 155 | O18: 0 | P18: 12 | Q18: 15 | R18: 75 | S18: 300 | T18: 50
A19: 108 | B19: 直立僵尸 | C19: 比奇矿区 | D19: 5 | E19: 15 | F19: 0 | G19: 0 | H19: 0 | I19: 0 | J19: 2 | K19: 2 | L19: 1 | M19: 1 | N19: 155 | O19: 0 | P19: 12 | Q19: 15 | R19: 75 | S19: 300 | T19: 50
A20: 109 | B20: 和尚僵尸 | C20: 比奇矿区 | D20: 8 | E20: 15 | F20: 0 | G20: 0 | H20: 0 | I20: 0 | J20: 2 | K20: 2 | L20: 1 | M20: 1 | N20: 155 | O20: 0 | P20: 12 | Q20: 15 | R20: 75 | S20: 300 | T20: 50
... A63: 152 | B63: 暴牙蜘蛛 | C63: 赤月峡谷 | D63: 22 | E63: 34 | F63: 0 | G63: 0 | H63: 0 | I63: 0 | J63: 12 | K63: 12 | L63: 30 | M63: 30 | N63: 500 | O63: 0 | P63: 17 | Q63: 17 | R63: 75 | S63: 300 | T63: 50
A64: 201 | B64: =B8&"微型" -> 稻草人微型 | C64: =C8 -> 边界村 | D64: =ROUND(D8*0.8,0) -> 1 | E64: =ROUND(E8*0.8,0) -> 2 | F64: =ROUND(F8*0.8,0) -> 0 | G64: =ROUND(G8*0.8,0) -> 0 | H64: =ROUND(H8*0.8,0) -> 0 | I64: =ROUND(I8*0.8,0) -> 0 | J64: =J8 -> 0 | K64: =K8 -> 0 | L64: =L8 -> 0 | M64: =M8 -> 0 | N64: =ROUND(N8*0.7,0) -> 11 | O64: =ROUND(O8*0.8,0) -> 0 | P64: =P8 -> 5 | Q64: =Q8 -> 10 | R64: =R8 -> 75 | S64: =S8 -> 300 | T64: =T8 -> 50
A65: 202 | B65: =B9&"微型" -> 钉耙猫微型 | C65: =C9 -> 边界村 | D65: =ROUND(D9*0.8,0) -> 2 | E65: =ROUND(E9*0.8,0) -> 3 | F65: =ROUND(F9*0.8,0) -> 0 | G65: =ROUND(G9*0.8,0) -> 0 | H65: =ROUND(H9*0.8,0) -> 0 | I65: =ROUND(I9*0.8,0) -> 0 | J65: =J9 -> 0 | K65: =K9 -> 0 | L65: =L9 -> 0 | M65: =M9 -> 0 | N65: =ROUND(N9*0.7,0) -> 16 | O65: =ROUND(O9*0.8,0) -> 0 | P65: =P9 -> 5 | Q65: =Q9 -> 10 | R65: =R9 -> 75 | S65: =S9 -> 300 | T65: =T9 -> 50
A66: 203 | B66: =B10&"微型" -> 半兽人_BJC微型 | C66: =C10 -> 边界村 | D66: =ROUND(D10*0.8,0) -> 2 | E66: =ROUND(E10*0.8,0) -> 6 | F66: =ROUND(F10*0.8,0) -> 0 | G66: =ROUND(G10*0.8,0) -> 0 | H66: =ROUND(H10*0.8,0) -> 0 | I66: =ROUND(I10*0.8,0) -> 0 | J66: =J10 -> 1 | K66: =K10 -> 1 | L66: =L10 -> 0 | M66: =M10 -> 0 | N66: =ROUND(N10*0.7,0) -> 21 | O66: =ROUND(O10*0.8,0) -> 0 | P66: =P10 -> 6 | Q66: =Q10 -> 11 | R66: =R10 -> 75 | S66: =S10 -> 300 | T66: =T10 -> 50
A67: 204 | B67: =B11&"微型" -> 半兽人战士微型 | C67: =C11 -> 比奇省 | D67: =ROUND(D11*0.8,0) -> 4 | E67: =ROUND(E11*0.8,0) -> 10 | F67: =ROUND(F11*0.8,0) -> 0 | G67: =ROUND(G11*0.8,0) -> 0 | H67: =ROUND(H11*0.8,0) -> 0 | I67: =ROUND(I11*0.8,0) -> 0 | J67: =J11 -> 3 | K67: =K11 -> 3 | L67: =L11 -> 1 | M67: =M11 -> 1 | N67: =ROUND(N11*0.7,0) -> 70 | O67: =ROUND(O11*0.8,0) -> 0 | P67: =P11 -> 10 | Q67: =Q11 -> 15 | R67: =R11 -> 75 | S67: =S11 -> 300 | T67: =T11 -> 50
A68: 2041 | B68: =B12&"微型" -> 半兽人战士_BJC微型 | C68: =C12 -> 边界村 | D68: =ROUND(D12*0.8,0) -> 3 | E68: =ROUND(E12*0.8,0) -> 7 | F68: =ROUND(F12*0.8,0) -> 0 | G68: =ROUND(G12*0.8,0) -> 0 | H68: =ROUND(H12*0.8,0) -> 0 | I68: =ROUND(I12*0.8,0) -> 0 | J68: =J12 -> 1 | K68: =K12 -> 1 | L68: =L12 -> 0 | M68: =M12 -> 0 | N68: =ROUND(N12*0.7,0) -> 25 | O68: =ROUND(O12*0.8,0) -> 0 | P68: =P12 -> 10 | Q68: =Q12 -> 12 | R68: =R12 -> 75 | S68: =S12 -> 300 | T68: =T12 -> 50
A69: 2042 | B69: =B13&"微型" -> 半兽人战士_BQS微型 | C69: =C13 -> 比奇省 | D69: =ROUND(D13*0.8,0) -> 4 | E69: =ROUND(E13*0.8,0) -> 9 | F69: =ROUND(F13*0.8,0) -> 0 | G69: =ROUND(G13*0.8,0) -> 0 | H69: =ROUND(H13*0.8,0) -> 0 | I69: =ROUND(I13*0.8,0) -> 0 | J69: =J13 -> 1 | K69: =K13 -> 1 | L69: =L13 -> 0 | M69: =M13 -> 0 | N69: =ROUND(N13*0.7,0) -> 32 | O69: =ROUND(O13*0.8,0) -> 0 | P69: =P13 -> 10 | Q69: =Q13 -> 12 | R69: =R13 -> 75 | S69: =S13 -> 300 | T69: =T13 -> 50
A70: 205 | B70: =B14&"微型" -> 半兽人勇士微型 | C70: =C14 -> 比奇省 | D70: =ROUND(D14*0.8,0) -> 12 | E70: =ROUND(E14*0.8,0) -> 26 | F70: =ROUND(F14*0.8,0) -> 0 | G70: =ROUND(G14*0.8,0) -> 0 | H70: =ROUND(H14*0.8,0) -> 0 | I70: =ROUND(I14*0.8,0) -> 0 | J70: =J14 -> 0 | K70: =K14 -> 0 | L70: =L14 -> 0 | M70: =M14 -> 0 | N70: =ROUND(N14*0.7,0) -> 210 | O70: =ROUND(O14*0.8,0) -> 0 | P70: =P14 -> 13 | Q70: =Q14 -> 15 | R70: =R14 -> 75 | S70: =S14 -> 300 | T70: =T14 -> 50
A71: 2051 | B71: =B15&"微型" -> 半兽人勇士_BJC微型 | C71: =C15 -> 边界村 | D71: =ROUND(D15*0.8,0) -> 5 | E71: =ROUND(E15*0.8,0) -> 10 | F71: =ROUND(F15*0.8,0) -> 0 | G71: =ROUND(G15*0.8,0) -> 0 | H71: =ROUND(H15*0.8,0) -> 0 | I71: =ROUND(I15*0.8,0) -> 0 | J71: =J15 -> 2 | K71: =K15 -> 2 | L71: =L15 -> 1 | M71: =M15 -> 1 | N71: =ROUND(N15*0.7,0) -> 46 | O71: =ROUND(O15*0.8,0) -> 0 | P71: =P15 -> 13 | Q71: =Q15 -> 13 | R71: =R15 -> 75 | S71: =S15 -> 300 | T71: =T15 -> 50
A72: 2052 | B72: =B16&"微型" -> 半兽人勇士_BQS微型 | C72: =C16 -> 比奇省 | D72: =ROUND(D16*0.8,0) -> 5 | E72: =ROUND(E16*0.8,0) -> 10 | F72: =ROUND(F16*0.8,0) -> 0 | G72: =ROUND(G16*0.8,0) -> 0 | H72: =ROUND(H16*0.8,0) -> 0 | I72: =ROUND(I16*0.8,0) -> 0 | J72: =J16 -> 2 | K72: =K16 -> 2 | L72: =L16 -> 1 | M72: =M16 -> 1 | N72: =ROUND(N16*0.7,0) -> 46 | O72: =ROUND(O16*0.8,0) -> 0 | P72: =P16 -> 13 | Q72: =Q16 -> 13 | R72: =R16 -> 75 | S72: =S16 -> 300 | T72: =T16 -> 50
A73: 206 | B73: =B17&"微型" -> 鹿微型 | C73: =C17 -> 边界村 | D73: =ROUND(D17*0.8,0) -> 2 | E73: =ROUND(E17*0.8,0) -> 3 | F73: =ROUND(F17*0.8,0) -> 0 | G73: =ROUND(G17*0.8,0) -> 0 | H73: =ROUND(H17*0.8,0) -> 0 | I73: =ROUND(I17*0.8,0) -> 0 | J73: =J17 -> 0 | K73: =K17 -> 0 | L73: =L17 -> 0 | M73: =M17 -> 0 | N73: =ROUND(N17*0.7,0) -> 11 | O73: =ROUND(O17*0.8,0) -> 0 | P73: =P17 -> 12 | Q73: =Q17 -> 4 | R73: =R17 -> 75 | S73: =S17 -> 300 | T73: =T17 -> 50
A74: 207 | B74: =B18&"微型" -> 残肢僵尸微型 | C74: =C18 -> 比奇矿区 | D74: =ROUND(D18*0.8,0) -> 4 | E74: =ROUND(E18*0.8,0) -> 10 | F74: =ROUND(F18*0.8,0) -> 0 | G74: =ROUND(G18*0.8,0) -> 0 | H74: =ROUND(H18*0.8,0) -> 0 | I74: =ROUND(I18*0.8,0) -> 0 | J74: =J18 -> 2 | K74: =K18 -> 2 | L74: =L18 -> 1 | M74: =M18 -> 1 | N74: =ROUND(N18*0.7,0) -> 109 | O74: =ROUND(O18*0.8,0) -> 0 | P74: =P18 -> 12 | Q74: =Q18 -> 15 | R74: =R18 -> 75 | S74: =S18 -> 300 | T74: =T18 -> 50
A75: 208 | B75: =B19&"微型" -> 直立僵尸微型 | C75: =C19 -> 比奇矿区 | D75: =ROUND(D19*0.8,0) -> 4 | E75: =ROUND(E19*0.8,0) -> 12 | F75: =ROUND(F19*0.8,0) -> 0 | G75: =ROUND(G19*0.8,0) -> 0 | H75: =ROUND(H19*0.8,0) -> 0 | I75: =ROUND(I19*0.8,0) -> 0 | J75: =J19 -> 2 | K75: =K19 -> 2 | L75: =L19 -> 1 | M75: =M19 -> 1 | N75: =ROUND(N19*0.7,0) -> 109 | O75: =ROUND(O19*0.8,0) -> 0 | P75: =P19 -> 12 | Q75: =Q19 -> 15 | R75: =R19 -> 75 | S75: =S19 -> 300 | T75: =T19 -> 50
... A87: 219 | B87: =B31&"微型" -> 多角虫微型 | C87: =C31 -> 盟重 | D87: =ROUND(D31*0.8,0) -> 6 | E87: =ROUND(E31*0.8,0) -> 6 | F87: =ROUND(F31*0.8,0) -> 0 | G87: =ROUND(G31*0.8,0) -> 0 | H87: =ROUND(H31*0.8,0) -> 0 | I87: =ROUND(I31*0.8,0) -> 0 | J87: =J31 -> 0 | K87: =K31 -> 0 | L87: =L31 -> 0 | M87: =M31 -> 0 | N87: =ROUND(N31*0.7,0) -> 36 | O87: =ROUND(O31*0.8,0) -> 0 | P87: =P31 -> 10 | Q87: =Q31 -> 13 | R87: =R31 -> 75 | S87: =S31 -> 300 | T87: =T31 -> 50
A88: 220 | B88: =B32&"微型" -> 蜈蚣微型 | C88: =C32 -> 死亡峡谷 | D88: =ROUND(D32*0.8,0) -> 10 | E88: =ROUND(E32*0.8,0) -> 14 | F88: =ROUND(F32*0.8,0) -> 0 | G88: =ROUND(G32*0.8,0) -> 0 | H88: =ROUND(H32*0.8,0) -> 0 | I88: =ROUND(I32*0.8,0) -> 0 | J88: =J32 -> 0 | K88: =K32 -> 0 | L88: =L32 -> 5 | M88: =M32 -> 5 | N88: =ROUND(N32*0.7,-1) -> 160 | O88: =ROUND(O32*0.8,0) -> 0 | P88: =P32 -> 13 | Q88: =Q32 -> 15 | R88: =R32 -> 75 | S88: =S32 -> 300 | T88: =T32 -> 50
A89: 221 | B89: =B33&"微型" -> 巨型蠕虫微型 | C89: =C33 -> 死亡峡谷 | D89: =ROUND(D33*0.8,0) -> 12 | E89: =ROUND(E33*0.8,0) -> 14 | F89: =ROUND(F33*0.8,0) -> 0 | G89: =ROUND(G33*0.8,0) -> 0 | H89: =ROUND(H33*0.8,0) -> 0 | I89: =ROUND(I33*0.8,0) -> 0 | J89: =J33 -> 3 | K89: =K33 -> 3 | L89: =L33 -> 3 | M89: =M33 -> 3 | N89: =ROUND(N33*0.7,-1) -> 140 | O89: =ROUND(O33*0.8,0) -> 0 | P89: =P33 -> 13 | Q89: =Q33 -> 15 | R89: =R33 -> 75 | S89: =S33 -> 300 | T89: =T33 -> 50
A90: 222 | B90: =B34&"微型" -> 钳虫微型 | C90: =C34 -> 死亡峡谷 | D90: =ROUND(D34*0.8,0) -> 12 | E90: =ROUND(E34*0.8,0) -> 20 | F90: =ROUND(F34*0.8,0) -> 0 | G90: =ROUND(G34*0.8,0) -> 0 | H90: =ROUND(H34*0.8,0) -> 0 | I90: =ROUND(I34*0.8,0) -> 0 | J90: =J34 -> 5 | K90: =K34 -> 5 | L90: =L34 -> 7 | M90: =M34 -> 7 | N90: =ROUND(N34*0.7,-1) -> 190 | O90: =ROUND(O34*0.8,0) -> 0 | P90: =P34 -> 13 | Q90: =Q34 -> 15 | R90: =R34 -> 75 | S90: =S34 -> 300 | T90: =T34 -> 50
A91: 223 | B91: =B35&"微型" -> 跳跳蜂微型 | C91: =C35 -> 死亡峡谷 | D91: =ROUND(D35*0.8,0) -> 10 | E91: =ROUND(E35*0.8,0) -> 14 | F91: =ROUND(F35*0.8,0) -> 0 | G91: =ROUND(G35*0.8,0) -> 0 | H91: =ROUND(H35*0.8,0) -> 0 | I91: =ROUND(I35*0.8,0) -> 0 | J91: =J35 -> 3 | K91: =K35 -> 3 | L91: =L35 -> 3 | M91: =M35 -> 3 | N91: =ROUND(N35*0.7,-1) -> 140 | O91: =ROUND(O35*0.8,0) -> 0 | P91: =P35 -> 13 | Q91: =Q35 -> 15 | R91: =R35 -> 75 | S91: =S35 -> 300 | T91: =T35 -> 50
A92: 224 | B92: =B36&"微型" -> 恶蛆微型 | C92: =C36 -> 石墓 | D92: =ROUND(D36*0.8,0) -> 8 | E92: =ROUND(E36*0.8,0) -> 12 | F92: =ROUND(F36*0.8,0) -> 0 | G92: =ROUND(G36*0.8,0) -> 0 | H92: =ROUND(H36*0.8,0) -> 0 | I92: =ROUND(I36*0.8,0) -> 0 | J92: =J36 -> 5 | K92: =K36 -> 5 | L92: =L36 -> 0 | M92: =M36 -> 0 | N92: =ROUND(N36*0.7,-1) -> 160 | O92: =ROUND(O36*0.8,0) -> 0 | P92: =P36 -> 13 | Q92: =Q36 -> 15 | R92: =R36 -> 75 | S92: =S36 -> 300 | T92: =T36 -> 50
A93: 225 | B93: =B37&"微型" -> 红野猪微型 | C93: =C37 -> 石墓 | D93: =ROUND(D37*0.8,0) -> 14 | E93: =ROUND(E37*0.8,0) -> 20 | F93: =ROUND(F37*0.8,0) -> 0 | G93: =ROUND(G37*0.8,0) -> 0 | H93: =ROUND(H37*0.8,0) -> 0 | I93: =ROUND(I37*0.8,0) -> 0 | J93: =J37 -> 0 | K93: =K37 -> 0 | L93: =L37 -> 8 | M93: =M37 -> 8 | N93: =ROUND(N37*0.7,-1) -> 230 | O93: =ROUND(O37*0.8,0) -> 0 | P93: =P37 -> 13 | Q93: =Q37 -> 15 | R93: =R37 -> 75 | S93: =S37 -> 300 | T93: =T37 -> 50
A94: 226 | B94: =B38&"微型" -> 黑野猪微型 | C94: =C38 -> 石墓 | D94: =ROUND(D38*0.8,0) -> 16 | E94: =ROUND(E38*0.8,0) -> 21 | F94: =ROUND(F38*0.8,0) -> 0 | G94: =ROUND(G38*0.8,0) -> 0 | H94: =ROUND(H38*0.8,0) -> 0 | I94: =ROUND(I38*0.8,0) -> 0 | J94: =J38 -> 10 | K94: =K38 -> 10 | L94: =L38 -> 0 | M94: =M38 -> 0 | N94: =ROUND(N38*0.7,-1) -> 220 | O94: =ROUND(O38*0.8,0) -> 0 | P94: =P38 -> 13 | Q94: =Q38 -> 15 | R94: =R38 -> 75 | S94: =S38 -> 300 | T94: =T38 -> 50
A95: 227 | B95: =B39&"微型" -> 白野猪微型 | C95: =C39 -> 石墓 | D95: =ROUND(D39*0.8,0) -> 24 | E95: =ROUND(E39*0.8,0) -> 44 | F95: =ROUND(F39*0.8,0) -> 0 | G95: =ROUND(G39*0.8,0) -> 0 | H95: =ROUND(H39*0.8,0) -> 0 | I95: =ROUND(I39*0.8,0) -> 0 | J95: =J39 -> 15 | K95: =K39 -> 15 | L95: =L39 -> 15 | M95: =M39 -> 15 | N95: =ROUND(N39*0.7,-1) -> 700 | O95: =ROUND(O39*0.8,0) -> 0 | P95: =P39 -> 17 | Q95: =Q39 -> 25 | R95: =R39 -> 75 | S95: =S39 -> 300 | T95: =T39 -> 50
A96: 228 | B96: =B40&"微型" -> 虹魔猪卫微型 | C96: =C40 -> 虹魔教坛 | D96: =ROUND(D40*0.8,0) -> 32 | E96: =ROUND(E40*0.8,0) -> 48 | F96: =ROUND(F40*0.8,0) -> 0 | G96: =ROUND(G40*0.8,0) -> 0 | H96: =ROUND(H40*0.8,0) -> 0 | I96: =ROUND(I40*0.8,0) -> 0 | J96: =J40 -> 20 | K96: =K40 -> 20 | L96: =L40 -> 20 | M96: =M40 -> 20 | N96: =ROUND(N40*0.7,-1) -> 1050 | O96: =ROUND(O40*0.8,0) -> 0 | P96: =P40 -> 17 | Q96: =Q40 -> 25 | R96: =R40 -> 75 | S96: =S40 -> 300 | T96: =T40 -> 50
A97: 229 | B97: =B41&"微型" -> 虹魔蝎卫微型 | C97: =C41 -> 虹魔教坛 | D97: =ROUND(D41*0.8,0) -> 36 | E97: =ROUND(E41*0.8,0) -> 52 | F97: =ROUND(F41*0.8,0) -> 0 | G97: =ROUND(G41*0.8,0) -> 0 | H97: =ROUND(H41*0.8,0) -> 0 | I97: =ROUND(I41*0.8,0) -> 0 | J97: =J41 -> 25 | K97: =K41 -> 25 | L97: =L41 -> 25 | M97: =M41 -> 25 | N97: =ROUND(N41*0.7,-1) -> 1400 | O97: =ROUND(O41*0.8,0) -> 0 | P97: =P41 -> 17 | Q97: =Q41 -> 25 | R97: =R41 -> 75 | S97: =S41 -> 300 | T97: =T41 -> 50
A98: 230 | B98: =B42&"微型" -> 残肢僵尸1微型 | C98: =C42 -> 比奇矿区 | D98: =ROUND(D42*0.8,0) -> 4 | E98: =ROUND(E42*0.8,0) -> 10 | F98: =ROUND(F42*0.8,0) -> 0 | G98: =ROUND(G42*0.8,0) -> 0 | H98: =ROUND(H42*0.8,0) -> 0 | I98: =ROUND(I42*0.8,0) -> 0 | J98: =J42 -> 2 | K98: =K42 -> 2 | L98: =L42 -> 1 | M98: =M42 -> 1 | N98: =ROUND(N42*0.7,0) -> 54 | O98: =ROUND(O42*0.8,0) -> 0 | P98: =P42 -> 5 | Q98: =Q42 -> 10 | R98: =R42 -> 75 | S98: =S42 -> 300 | T98: =T42 -> 50
A99: 231 | B99: =B43&"微型" -> 直立僵尸2微型 | C99: =C43 -> 比奇矿区 | D99: =ROUND(D43*0.8,0) -> 4 | E99: =ROUND(E43*0.8,0) -> 12 | F99: =ROUND(F43*0.8,0) -> 0 | G99: =ROUND(G43*0.8,0) -> 0 | H99: =ROUND(H43*0.8,0) -> 0 | I99: =ROUND(I43*0.8,0) -> 0 | J99: =J43 -> 2 | K99: =K43 -> 2 | L99: =L43 -> 1 | M99: =M43 -> 1 | N99: =ROUND(N43*0.7,0) -> 54 | O99: =ROUND(O43*0.8,0) -> 0 | P99: =P43 -> 5 | Q99: =Q43 -> 10 | R99: =R43 -> 75 | S99: =S43 -> 300 | T99: =T43 -> 50
A100: 232 | B100: =B44&"微型" -> 残肢僵尸1微型 | C100: =C44 -> 比奇矿区 | D100: =ROUND(D44*0.8,0) -> 4 | E100: =ROUND(E44*0.8,0) -> 10 | F100: =ROUND(F44*0.8,0) -> 0 | G100: =ROUND(G44*0.8,0) -> 0 | H100: =ROUND(H44*0.8,0) -> 0 | I100: =ROUND(I44*0.8,0) -> 0 | J100: =J44 -> 2 | K100: =K44 -> 2 | L100: =L44 -> 1 | M100: =M44 -> 1 | N100: =ROUND(N44*0.7,0) -> 27 | O100: =ROUND(O44*0.8,0) -> 0 | P100: =P44 -> 5 | Q100: =Q44 -> 10 | R100: =R44 -> 75 | S100: =S44 -> 300 | T100: =T44 -> 50
A101: 233 | B101: =B45&"微型" -> 直立僵尸2微型 | C101: =C45 -> 比奇矿区 | D101: =ROUND(D45*0.8,0) -> 4 | E101: =ROUND(E45*0.8,0) -> 12 | F101: =ROUND(F45*0.8,0) -> 0 | G101: =ROUND(G45*0.8,0) -> 0 | H101: =ROUND(H45*0.8,0) -> 0 | I101: =ROUND(I45*0.8,0) -> 0 | J101: =J45 -> 2 | K101: =K45 -> 2 | L101: =L45 -> 1 | M101: =M45 -> 1 | N101: =ROUND(N45*0.7,0) -> 27 | O101: =ROUND(O45*0.8,0) -> 0 | P101: =P45 -> 5 | Q101: =Q45 -> 10 | R101: =R45 -> 75 | S101: =S45 -> 300 | T101: =T45 -> 50
A102: 234 | B102: =B46&"微型" -> 祖玛老鼠微型 | C102: =C46 -> 祖玛寺庙 | D102: =ROUND(D46*0.8,0) -> 10 | E102: =ROUND(E46*0.8,0) -> 18 | F102: =ROUND(F46*0.8,0) -> 0 | G102: =ROUND(G46*0.8,0) -> 0 | H102: =ROUND(H46*0.8,0) -> 0 | I102: =ROUND(I46*0.8,0) -> 0 | J102: =J46 -> 3 | K102: =K46 -> 3 | L102: =L46 -> 5 | M102: =M46 -> 5 | N102: =ROUND(N46*0.7,-1) -> 270 | O102: =ROUND(O46*0.8,0) -> 0 | P102: =P46 -> 12 | Q102: =Q46 -> 15 | R102: =R46 -> 75 | S102: =S46 -> 300 | T102: =T46 -> 50
A103: 235 | B103: =B47&"微型" -> 祖玛卫士弓微型 | C103: =C47 -> 祖玛寺庙 | D103: =ROUND(D47*0.8,0) -> 10 | E103: =ROUND(E47*0.8,0) -> 14 | F103: =ROUND(F47*0.8,0) -> 0 | G103: =ROUND(G47*0.8,0) -> 0 | H103: =ROUND(H47*0.8,0) -> 0 | I103: =ROUND(I47*0.8,0) -> 0 | J103: =J47 -> 10 | K103: =K47 -> 10 | L103: =L47 -> 10 | M103: =M47 -> 10 | N103: =ROUND(N47*0.7,-1) -> 270 | O103: =ROUND(O47*0.8,0) -> 0 | P103: =P47 -> 15 | Q103: =Q47 -> 15 | R103: =R47 -> 75 | S103: =S47 -> 300 | T103: =T47 -> 50
A104: 236 | B104: =B48&"微型" -> 祖玛卫士枪微型 | C104: =C48 -> 祖玛寺庙 | D104: =ROUND(D48*0.8,0) -> 16 | E104: =ROUND(E48*0.8,0) -> 26 | F104: =ROUND(F48*0.8,0) -> 0 | G104: =ROUND(G48*0.8,0) -> 0 | H104: =ROUND(H48*0.8,0) -> 0 | I104: =ROUND(I48*0.8,0) -> 0 | J104: =J48 -> 12 | K104: =K48 -> 12 | L104: =L48 -> 12 | M104: =M48 -> 12 | N104: =ROUND(N48*0.7,-1) -> 350 | O104: =ROUND(O48*0.8,0) -> 0 | P104: =P48 -> 15 | Q104: =Q48 -> 17 | R104: =R48 -> 75 | S104: =S48 -> 300 | T104: =T48 -> 50
A105: 237 | B105: =B49&"微型" -> 祖玛卫士锤微型 | C105: =C49 -> 祖玛寺庙 | D105: =ROUND(D49*0.8,0) -> 18 | E105: =ROUND(E49*0.8,0) -> 27 | F105: =ROUND(F49*0.8,0) -> 0 | G105: =ROUND(G49*0.8,0) -> 0 | H105: =ROUND(H49*0.8,0) -> 0 | I105: =ROUND(I49*0.8,0) -> 0 | J105: =J49 -> 15 | K105: =K49 -> 15 | L105: =L49 -> 15 | M105: =M49 -> 15 | N105: =ROUND(N49*0.7,-1) -> 350 | O105: =ROUND(O49*0.8,0) -> 0 | P105: =P49 -> 15 | Q105: =Q49 -> 17 | R105: =R49 -> 75 | S105: =S49 -> 300 | T105: =T49 -> 50
A106: 241 | B106: =B50&"微型" -> 角蝇巢穴微型 | C106: =C50 -> 祖玛寺庙 | D106: =ROUND(D50*0.8,0) -> 0 | E106: =ROUND(E50*0.8,0) -> 0 | F106: =ROUND(F50*0.8,0) -> 0 | G106: =ROUND(G50*0.8,0) -> 0 | H106: =ROUND(H50*0.8,0) -> 0 | I106: =ROUND(I50*0.8,0) -> 0 | J106: =J50 -> 0 | K106: =K50 -> 0 | L106: =L50 -> 6 | M106: =M50 -> 6 | N106: =ROUND(N50*0.7,-1) -> 140 | O106: =ROUND(O50*0.8,0) -> 0 | P106: =P50 -> 1 | Q106: =Q50 -> 1 | R106: =R50 -> 75 | S106: =S50 -> 300 | T106: =T50 -> 50
A107: 239 | B107: =B51&"微型" -> 角蝇微型 | C107: =C51 -> 祖玛寺庙 | D107: =ROUND(D51*0.8,0) -> 0 | E107: =ROUND(E51*0.8,0) -> 18 | F107: =ROUND(F51*0.8,0) -> 0 | G107: =ROUND(G51*0.8,0) -> 0 | H107: =ROUND(H51*0.8,0) -> 0 | I107: =ROUND(I51*0.8,0) -> 0 | J107: =J51 -> 0 | K107: =K51 -> 0 | L107: =L51 -> 0 | M107: =M51 -> 0 | N107: =ROUND(N51*0.7,0) -> 2 | O107: =ROUND(O51*0.8,0) -> 0 | P107: =P51 -> 18 | Q107: =Q51 -> 5 | R107: =R51 -> 75 | S107: =S51 -> 300 | T107: =T51 -> 50
A108: 240 | B108: =B52&"微型" -> 楔蛾微型 | C108: =C52 -> 祖玛寺庙 | D108: =ROUND(D52*0.8,0) -> 10 | E108: =ROUND(E52*0.8,0) -> 14 | F108: =ROUND(F52*0.8,0) -> 0 | G108: =ROUND(G52*0.8,0) -> 0 | H108: =ROUND(H52*0.8,0) -> 0 | I108: =ROUND(I52*0.8,0) -> 0 | J108: =J52 -> 0 | K108: =K52 -> 0 | L108: =L52 -> 5 | M108: =M52 -> 5 | N108: =ROUND(N52*0.7,-1) -> 150 | O108: =ROUND(O52*0.8,0) -> 0 | P108: =P52 -> 15 | Q108: =Q52 -> 17 | R108: =R52 -> 75 | S108: =S52 -> 300 | T108: =T52 -> 50
A109: 242 | B109: =B53&"微型" -> 鹰卫微型 | C109: =C53 -> 赤月峡谷 | D109: =ROUND(D53*0.8,0) -> 24 | E109: =ROUND(E53*0.8,0) -> 40 | F109: =ROUND(F53*0.8,0) -> 0 | G109: =ROUND(G53*0.8,0) -> 0 | H109: =ROUND(H53*0.8,0) -> 0 | I109: =ROUND(I53*0.8,0) -> 0 | J109: =J53 -> 15 | K109: =K53 -> 15 | L109: =L53 -> 18 | M109: =M53 -> 18 | N109: =ROUND(N53*0.7,-1) -> 1050 | O109: =ROUND(O53*0.8,0) -> 0 | P109: =P53 -> 15 | Q109: =Q53 -> 20 | R109: =R53 -> 75 | S109: =S53 -> 300 | T109: =T53 -> 50
A110: 243 | B110: =B54&"微型" -> 月魔蜘蛛微型 | C110: =C54 -> 赤月峡谷 | D110: =ROUND(D54*0.8,0) -> 22 | E110: =ROUND(E54*0.8,0) -> 22 | F110: =ROUND(F54*0.8,0) -> 0 | G110: =ROUND(G54*0.8,0) -> 0 | H110: =ROUND(H54*0.8,0) -> 0 | I110: =ROUND(I54*0.8,0) -> 0 | J110: =J54 -> 12 | K110: =K54 -> 12 | L110: =L54 -> 28 | M110: =M54 -> 28 | N110: =ROUND(N54*0.7,-1) -> 600 | O110: =ROUND(O54*0.8,0) -> 0 | P110: =P54 -> 50 | Q110: =Q54 -> 20 | R110: =R54 -> 75 | S110: =S54 -> 300 | T110: =T54 -> 50
A111: 244 | B111: =B55&"微型" -> 天狼蜘蛛微型 | C111: =C55 -> 赤月峡谷 | D111: =ROUND(D55*0.8,0) -> 18 | E111: =ROUND(E55*0.8,0) -> 27 | F111: =ROUND(F55*0.8,0) -> 0 | G111: =ROUND(G55*0.8,0) -> 0 | H111: =ROUND(H55*0.8,0) -> 0 | I111: =ROUND(I55*0.8,0) -> 0 | J111: =J55 -> 8 | K111: =K55 -> 8 | L111: =L55 -> 20 | M111: =M55 -> 20 | N111: =ROUND(N55*0.7,-1) -> 350 | O111: =ROUND(O55*0.8,0) -> 0 | P111: =P55 -> 15 | Q111: =Q55 -> 17 | R111: =R55 -> 75 | S111: =S55 -> 300 | T111: =T55 -> 50
A112: 245 | B112: =B56&"微型" -> 钢牙蜘蛛微型 | C112: =C56 -> 赤月峡谷 | D112: =ROUND(D56*0.8,0) -> 28 | E112: =ROUND(E56*0.8,0) -> 40 | F112: =ROUND(F56*0.8,0) -> 0 | G112: =ROUND(G56*0.8,0) -> 0 | H112: =ROUND(H56*0.8,0) -> 0 | I112: =ROUND(I56*0.8,0) -> 0 | J112: =J56 -> 13 | K112: =K56 -> 13 | L112: =L56 -> 33 | M112: =M56 -> 33 | N112: =ROUND(N56*0.7,-1) -> 560 | O112: =ROUND(O56*0.8,0) -> 0 | P112: =P56 -> 20 | Q112: =Q56 -> 17 | R112: =R56 -> 75 | S112: =S56 -> 300 | T112: =T56 -> 50
A113: 246 | B113: =B57&"微型" -> 花吻蜘蛛微型 | C113: =C57 -> 赤月峡谷 | D113: =ROUND(D57*0.8,0) -> 16 | E113: =ROUND(E57*0.8,0) -> 48 | F113: =ROUND(F57*0.8,0) -> 0 | G113: =ROUND(G57*0.8,0) -> 0 | H113: =ROUND(H57*0.8,0) -> 0 | I113: =ROUND(I57*0.8,0) -> 0 | J113: =J57 -> 12 | K113: =K57 -> 12 | L113: =L57 -> 27 | M113: =M57 -> 27 | N113: =ROUND(N57*0.7,-1) -> 530 | O113: =ROUND(O57*0.8,0) -> 0 | P113: =P57 -> 17 | Q113: =Q57 -> 25 | R113: =R57 -> 75 | S113: =S57 -> 300 | T113: =T57 -> 50
A114: 247 | B114: =B58&"微型" -> 黑锷蜘蛛微型 | C114: =C58 -> 赤月峡谷 | D114: =ROUND(D58*0.8,0) -> 12 | E114: =ROUND(E58*0.8,0) -> 60 | F114: =ROUND(F58*0.8,0) -> 0 | G114: =ROUND(G58*0.8,0) -> 0 | H114: =ROUND(H58*0.8,0) -> 0 | I114: =ROUND(I58*0.8,0) -> 0 | J114: =J58 -> 11 | K114: =K58 -> 11 | L114: =L58 -> 30 | M114: =M58 -> 30 | N114: =ROUND(N58*0.7,-1) -> 840 | O114: =ROUND(O58*0.8,0) -> 0 | P114: =P58 -> 17 | Q114: =Q58 -> 17 | R114: =R58 -> 75 | S114: =S58 -> 300 | T114: =T58 -> 50
A115: 248 | B115: =B59&"微型" -> 幻影蜘蛛微型 | C115: =C59 -> 赤月峡谷 | D115: =ROUND(D59*0.8,0) -> 0 | E115: =ROUND(E59*0.8,0) -> 0 | F115: =ROUND(F59*0.8,0) -> 0 | G115: =ROUND(G59*0.8,0) -> 0 | H115: =ROUND(H59*0.8,0) -> 0 | I115: =ROUND(I59*0.8,0) -> 0 | J115: =J59 -> 10 | K115: =K59 -> 10 | L115: =L59 -> 23 | M115: =M59 -> 23 | N115: =ROUND(N59*0.7,-1) -> 840 | O115: =ROUND(O59*0.8,0) -> 0 | P115: =P59 -> 1 | Q115: =Q59 -> 1 | R115: =R59 -> 75 | S115: =S59 -> 300 | T115: =T59 -> 50
A116: 249 | B116: =B60&"微型" -> 爆裂蜘蛛微型 | C116: =C60 -> 赤月峡谷 | D116: =ROUND(D60*0.8,0) -> 16 | E116: =ROUND(E60*0.8,0) -> 16 | F116: =ROUND(F60*0.8,0) -> 0 | G116: =ROUND(G60*0.8,0) -> 0 | H116: =ROUND(H60*0.8,0) -> 0 | I116: =ROUND(I60*0.8,0) -> 0 | J116: =J60 -> 0 | K116: =K60 -> 0 | L116: =L60 -> 0 | M116: =M60 -> 0 | N116: =ROUND(N60*0.7,0) -> 7 | O116: =ROUND(O60*0.8,0) -> 0 | P116: =P60 -> 30 | Q116: =Q60 -> 30 | R116: =R60 -> 75 | S116: =S60 -> 300 | T116: =T60 -> 50
A117: 250 | B117: =B61&"微型" -> 血巨人微型 | C117: =C61 -> 赤月峡谷 | D117: =ROUND(D61*0.8,0) -> 28 | E117: =ROUND(E61*0.8,0) -> 56 | F117: =ROUND(F61*0.8,0) -> 0 | G117: =ROUND(G61*0.8,0) -> 0 | H117: =ROUND(H61*0.8,0) -> 0 | I117: =ROUND(I61*0.8,0) -> 0 | J117: =J61 -> 15 | K117: =K61 -> 15 | L117: =L61 -> 30 | M117: =M61 -> 30 | N117: =ROUND(N61*0.7,-1) -> 840 | O117: =ROUND(O61*0.8,0) -> 0 | P117: =P61 -> 17 | Q117: =Q61 -> 20 | R117: =R61 -> 75 | S117: =S61 -> 300 | T117: =T61 -> 50
A118: 251 | B118: =B62&"微型" -> 血僵尸微型 | C118: =C62 -> 赤月峡谷 | D118: =ROUND(D62*0.8,0) -> 28 | E118: =ROUND(E62*0.8,0) -> 40 | F118: =ROUND(F62*0.8,0) -> 0 | G118: =ROUND(G62*0.8,0) -> 0 | H118: =ROUND(H62*0.8,0) -> 0 | I118: =ROUND(I62*0.8,0) -> 0 | J118: =J62 -> 18 | K118: =K62 -> 18 | L118: =L62 -> 30 | M118: =M62 -> 30 | N118: =ROUND(N62*0.7,-1) -> 840 | O118: =ROUND(O62*0.8,0) -> 0 | P118: =P62 -> 25 | Q118: =Q62 -> 10 | R118: =R62 -> 75 | S118: =S62 -> 300 | T118: =T62 -> 50
A119: 252 | B119: =B63&"微型" -> 暴牙蜘蛛微型 | C119: =C63 -> 赤月峡谷 | D119: =ROUND(D63*0.8,0) -> 18 | E119: =ROUND(E63*0.8,0) -> 27 | F119: =ROUND(F63*0.8,0) -> 0 | G119: =ROUND(G63*0.8,0) -> 0 | H119: =ROUND(H63*0.8,0) -> 0 | I119: =ROUND(I63*0.8,0) -> 0 | J119: =J63 -> 12 | K119: =K63 -> 12 | L119: =L63 -> 30 | M119: =M63 -> 30 | N119: =ROUND(N63*0.7,-1) -> 350 | O119: =ROUND(O63*0.8,0) -> 0 | P119: =P63 -> 17 | Q119: =Q63 -> 17 | R119: =R63 -> 75 | S119: =S63 -> 300 | T119: =T63 -> 50
A120: 301 | B120: =B8&"头目" -> 稻草人头目 | C120: =C8 -> 边界村 | D120: =ROUND(D8*1.2,0) -> 1 | E120: =ROUND(E8*1.2,0) -> 2 | F120: =ROUND(F8*1.5,0) -> 0 | G120: =ROUND(G8*1.5,0) -> 0 | H120: =ROUND(H8*1.5,0) -> 0 | I120: =ROUND(I8*1.5,0) -> 0 | J120: =J8 -> 0 | K120: =K8 -> 0 | L120: =L8 -> 0 | M120: =M8 -> 0 | N120: =ROUND(N8*1.6,0) -> 24 | O120: =O8 -> 0 | P120: =P8 -> 5 | Q120: =Q8 -> 10 | R120: =R8 -> 75 | S120: =S8 -> 300 | T120: =T8 -> 50
A121: 302 | B121: =B9&"头目" -> 钉耙猫头目 | C121: =C9 -> 边界村 | D121: =ROUND(D9*1.2,0) -> 2 | E121: =ROUND(E9*1.2,0) -> 5 | F121: =ROUND(F9*1.5,0) -> 0 | G121: =ROUND(G9*1.5,0) -> 0 | H121: =ROUND(H9*1.5,0) -> 0 | I121: =ROUND(I9*1.5,0) -> 0 | J121: =J9 -> 0 | K121: =K9 -> 0 | L121: =L9 -> 0 | M121: =M9 -> 0 | N121: =ROUND(N9*1.6,0) -> 37 | O121: =O9 -> 0 | P121: =P9 -> 5 | Q121: =Q9 -> 10 | R121: =R9 -> 75 | S121: =S9 -> 300 | T121: =T9 -> 50
A122: 303 | B122: =B10&"头目" -> 半兽人_BJC头目 | C122: =C10 -> 边界村 | D122: =ROUND(D10*1.2,0) -> 4 | E122: =ROUND(E10*1.2,0) -> 8 | F122: =ROUND(F10*1.5,0) -> 0 | G122: =ROUND(G10*1.5,0) -> 0 | H122: =ROUND(H10*1.5,0) -> 0 | I122: =ROUND(I10*1.5,0) -> 0 | J122: =J10 -> 1 | K122: =K10 -> 1 | L122: =L10 -> 0 | M122: =M10 -> 0 | N122: =ROUND(N10*1.6,0) -> 48 | O122: =O10 -> 0 | P122: =P10 -> 6 | Q122: =Q10 -> 11 | R122: =R10 -> 75 | S122: =S10 -> 300 | T122: =T10 -> 50
A123: 304 | B123: =B11&"头目" -> 半兽人战士头目 | C123: =C11 -> 比奇省 | D123: =ROUND(D11*1.2,0) -> 6 | E123: =ROUND(E11*1.2,0) -> 14 | F123: =ROUND(F11*1.5,0) -> 0 | G123: =ROUND(G11*1.5,0) -> 0 | H123: =ROUND(H11*1.5,0) -> 0 | I123: =ROUND(I11*1.5,0) -> 0 | J123: =J11 -> 3 | K123: =K11 -> 3 | L123: =L11 -> 1 | M123: =M11 -> 1 | N123: =ROUND(N11*1.6,0) -> 160 | O123: =O11 -> 0 | P123: =P11 -> 10 | Q123: =Q11 -> 15 | R123: =R11 -> 75 | S123: =S11 -> 300 | T123: =T11 -> 50
A124: 3041 | B124: =B12&"头目" -> 半兽人战士_BJC头目 | C124: =C12 -> 边界村 | D124: =ROUND(D12*1.2,0) -> 5 | E124: =ROUND(E12*1.2,0) -> 11 | F124: =ROUND(F12*1.5,0) -> 0 | G124: =ROUND(G12*1.5,0) -> 0 | H124: =ROUND(H12*1.5,0) -> 0 | I124: =ROUND(I12*1.5,0) -> 0 | J124: =J12 -> 1 | K124: =K12 -> 1 | L124: =L12 -> 0 | M124: =M12 -> 0 | N124: =ROUND(N12*1.6,0) -> 56 | O124: =O12 -> 0 | P124: =P12 -> 10 | Q124: =Q12 -> 12 | R124: =R12 -> 75 | S124: =S12 -> 300 | T124: =T12 -> 50
A125: 3042 | B125: =B13&"头目" -> 半兽人战士_BQS头目 | C125: =C13 -> 比奇省 | D125: =ROUND(D13*1.2,0) -> 6 | E125: =ROUND(E13*1.2,0) -> 13 | F125: =ROUND(F13*1.5,0) -> 0 | G125: =ROUND(G13*1.5,0) -> 0 | H125: =ROUND(H13*1.5,0) -> 0 | I125: =ROUND(I13*1.5,0) -> 0 | J125: =J13 -> 1 | K125: =K13 -> 1 | L125: =L13 -> 0 | M125: =M13 -> 0 | N125: =ROUND(N13*1.6,0) -> 72 | O125: =O13 -> 0 | P125: =P13 -> 10 | Q125: =Q13 -> 12 | R125: =R13 -> 75 | S125: =S13 -> 300 | T125: =T13 -> 50
A126: 305 | B126: =B14&"头目" -> 半兽人勇士头目 | C126: =C14 -> 比奇省 | D126: =ROUND(D14*1.2,0) -> 18 | E126: =ROUND(E14*1.2,0) -> 38 | F126: =ROUND(F14*1.5,0) -> 0 | G126: =ROUND(G14*1.5,0) -> 0 | H126: =ROUND(H14*1.5,0) -> 0 | I126: =ROUND(I14*1.5,0) -> 0 | J126: =J14 -> 0 | K126: =K14 -> 0 | L126: =L14 -> 0 | M126: =M14 -> 0 | N126: =ROUND(N14*1.6,0) -> 480 | O126: =O14 -> 0 | P126: =P14 -> 13 | Q126: =Q14 -> 15 | R126: =R14 -> 75 | S126: =S14 -> 300 | T126: =T14 -> 50
A127: 3051 | B127: =B15&"头目" -> 半兽人勇士_BJC头目 | C127: =C15 -> 边界村 | D127: =ROUND(D15*1.2,0) -> 7 | E127: =ROUND(E15*1.2,0) -> 16 | F127: =ROUND(F15*1.5,0) -> 0 | G127: =ROUND(G15*1.5,0) -> 0 | H127: =ROUND(H15*1.5,0) -> 0 | I127: =ROUND(I15*1.5,0) -> 0 | J127: =J15 -> 2 | K127: =K15 -> 2 | L127: =L15 -> 1 | M127: =M15 -> 1 | N127: =ROUND(N15*1.6,0) -> 104 | O127: =O15 -> 0 | P127: =P15 -> 13 | Q127: =Q15 -> 13 | R127: =R15 -> 75 | S127: =S15 -> 300 | T127: =T15 -> 50
A128: 3052 | B128: =B16&"头目" -> 半兽人勇士_BQS头目 | C128: =C16 -> 比奇省 | D128: =ROUND(D16*1.2,0) -> 7 | E128: =ROUND(E16*1.2,0) -> 16 | F128: =ROUND(F16*1.5,0) -> 0 | G128: =ROUND(G16*1.5,0) -> 0 | H128: =ROUND(H16*1.5,0) -> 0 | I128: =ROUND(I16*1.5,0) -> 0 | J128: =J16 -> 2 | K128: =K16 -> 2 | L128: =L16 -> 1 | M128: =M16 -> 1 | N128: =ROUND(N16*1.6,0) -> 104 | O128: =O16 -> 0 | P128: =P16 -> 13 | Q128: =Q16 -> 13 | R128: =R16 -> 75 | S128: =S16 -> 300 | T128: =T16 -> 50
A129: 306 | B129: =B17&"头目" -> 鹿头目 | C129: =C17 -> 边界村 | D129: =ROUND(D17*1.2,0) -> 2 | E129: =ROUND(E17*1.2,0) -> 5 | F129: =ROUND(F17*1.5,0) -> 0 | G129: =ROUND(G17*1.5,0) -> 0 | H129: =ROUND(H17*1.5,0) -> 0 | I129: =ROUND(I17*1.5,0) -> 0 | J129: =J17 -> 0 | K129: =K17 -> 0 | L129: =L17 -> 0 | M129: =M17 -> 0 | N129: =ROUND(N17*1.6,0) -> 24 | O129: =O17 -> 0 | P129: =P17 -> 12 | Q129: =Q17 -> 4 | R129: =R17 -> 75 | S129: =S17 -> 300 | T129: =T17 -> 50
A130: 307 | B130: =B18&"头目" -> 残肢僵尸头目 | C130: =C18 -> 比奇矿区 | D130: =ROUND(D18*1.2,0) -> 6 | E130: =ROUND(E18*1.2,0) -> 14 | F130: =ROUND(F18*1.5,0) -> 0 | G130: =ROUND(G18*1.5,0) -> 0 | H130: =ROUND(H18*1.5,0) -> 0 | I130: =ROUND(I18*1.5,0) -> 0 | J130: =J18 -> 2 | K130: =K18 -> 2 | L130: =L18 -> 1 | M130: =M18 -> 1 | N130: =ROUND(N18*1.6,0) -> 248 | O130: =O18 -> 0 | P130: =P18 -> 12 | Q130: =Q18 -> 15 | R130: =R18 -> 75 | S130: =S18 -> 300 | T130: =T18 -> 50
A131: 308 | B131: =B19&"头目" -> 直立僵尸头目 | C131: =C19 -> 比奇矿区 | D131: =ROUND(D19*1.2,0) -> 6 | E131: =ROUND(E19*1.2,0) -> 18 | F131: =ROUND(F19*1.5,0) -> 0 | G131: =ROUND(G19*1.5,0) -> 0 | H131: =ROUND(H19*1.5,0) -> 0 | I131: =ROUND(I19*1.5,0) -> 0 | J131: =J19 -> 2 | K131: =K19 -> 2 | L131: =L19 -> 1 | M131: =M19 -> 1 | N131: =ROUND(N19*1.6,0) -> 248 | O131: =O19 -> 0 | P131: =P19 -> 12 | Q131: =Q19 -> 15 | R131: =R19 -> 75 | S131: =S19 -> 300 | T131: =T19 -> 50
... A143: 319 | B143: =B31&"头目" -> 多角虫头目 | C143: =C31 -> 盟重 | D143: =ROUND(D31*1.2,0) -> 8 | E143: =ROUND(E31*1.2,0) -> 10 | F143: =ROUND(F31*1.5,0) -> 0 | G143: =ROUND(G31*1.5,0) -> 0 | H143: =ROUND(H31*1.5,0) -> 0 | I143: =ROUND(I31*1.5,0) -> 0 | J143: =J31 -> 0 | K143: =K31 -> 0 | L143: =L31 -> 0 | M143: =M31 -> 0 | N143: =ROUND(N31*1.6,0) -> 83 | O143: =O31 -> 0 | P143: =P31 -> 10 | Q143: =Q31 -> 13 | R143: =R31 -> 75 | S143: =S31 -> 300 | T143: =T31 -> 50
A144: 320 | B144: =B32&"头目" -> 蜈蚣头目 | C144: =C32 -> 死亡峡谷 | D144: =ROUND(D32*1.2,0) -> 14 | E144: =ROUND(E32*1.2,0) -> 22 | F144: =ROUND(F32*1.5,0) -> 0 | G144: =ROUND(G32*1.5,0) -> 0 | H144: =ROUND(H32*1.5,0) -> 0 | I144: =ROUND(I32*1.5,0) -> 0 | J144: =J32 -> 0 | K144: =K32 -> 0 | L144: =L32 -> 5 | M144: =M32 -> 5 | N144: =ROUND(N32*1.6,-1) -> 370 | O144: =O32 -> 0 | P144: =P32 -> 13 | Q144: =Q32 -> 15 | R144: =R32 -> 75 | S144: =S32 -> 300 | T144: =T32 -> 50
A145: 321 | B145: =B33&"头目" -> 巨型蠕虫头目 | C145: =C33 -> 死亡峡谷 | D145: =ROUND(D33*1.2,0) -> 18 | E145: =ROUND(E33*1.2,0) -> 22 | F145: =ROUND(F33*1.5,0) -> 0 | G145: =ROUND(G33*1.5,0) -> 0 | H145: =ROUND(H33*1.5,0) -> 0 | I145: =ROUND(I33*1.5,0) -> 0 | J145: =J33 -> 3 | K145: =K33 -> 3 | L145: =L33 -> 3 | M145: =M33 -> 3 | N145: =ROUND(N33*1.6,-1) -> 320 | O145: =O33 -> 0 | P145: =P33 -> 13 | Q145: =Q33 -> 15 | R145: =R33 -> 75 | S145: =S33 -> 300 | T145: =T33 -> 50
A146: 322 | B146: =B34&"头目" -> 钳虫头目 | C146: =C34 -> 死亡峡谷 | D146: =ROUND(D34*1.2,0) -> 18 | E146: =ROUND(E34*1.2,0) -> 30 | F146: =ROUND(F34*1.5,0) -> 0 | G146: =ROUND(G34*1.5,0) -> 0 | H146: =ROUND(H34*1.5,0) -> 0 | I146: =ROUND(I34*1.5,0) -> 0 | J146: =J34 -> 5 | K146: =K34 -> 5 | L146: =L34 -> 7 | M146: =M34 -> 7 | N146: =ROUND(N34*1.6,-1) -> 430 | O146: =O34 -> 0 | P146: =P34 -> 13 | Q146: =Q34 -> 15 | R146: =R34 -> 75 | S146: =S34 -> 300 | T146: =T34 -> 50
A147: 323 | B147: =B35&"头目" -> 跳跳蜂头目 | C147: =C35 -> 死亡峡谷 | D147: =ROUND(D35*1.2,0) -> 14 | E147: =ROUND(E35*1.2,0) -> 22 | F147: =ROUND(F35*1.5,0) -> 0 | G147: =ROUND(G35*1.5,0) -> 0 | H147: =ROUND(H35*1.5,0) -> 0 | I147: =ROUND(I35*1.5,0) -> 0 | J147: =J35 -> 3 | K147: =K35 -> 3 | L147: =L35 -> 3 | M147: =M35 -> 3 | N147: =ROUND(N35*1.6,-1) -> 320 | O147: =O35 -> 0 | P147: =P35 -> 13 | Q147: =Q35 -> 15 | R147: =R35 -> 75 | S147: =S35 -> 300 | T147: =T35 -> 50
A148: 324 | B148: =B36&"头目" -> 恶蛆头目 | C148: =C36 -> 石墓 | D148: =ROUND(D36*1.2,0) -> 12 | E148: =ROUND(E36*1.2,0) -> 18 | F148: =ROUND(F36*1.5,0) -> 0 | G148: =ROUND(G36*1.5,0) -> 0 | H148: =ROUND(H36*1.5,0) -> 0 | I148: =ROUND(I36*1.5,0) -> 0 | J148: =J36 -> 5 | K148: =K36 -> 5 | L148: =L36 -> 0 | M148: =M36 -> 0 | N148: =ROUND(N36*1.6,-1) -> 370 | O148: =O36 -> 0 | P148: =P36 -> 13 | Q148: =Q36 -> 15 | R148: =R36 -> 75 | S148: =S36 -> 300 | T148: =T36 -> 50
A149: 325 | B149: =B37&"头目" -> 红野猪头目 | C149: =C37 -> 石墓 | D149: =ROUND(D37*1.2,0) -> 22 | E149: =ROUND(E37*1.2,0) -> 30 | F149: =ROUND(F37*1.5,0) -> 0 | G149: =ROUND(G37*1.5,0) -> 0 | H149: =ROUND(H37*1.5,0) -> 0 | I149: =ROUND(I37*1.5,0) -> 0 | J149: =J37 -> 0 | K149: =K37 -> 0 | L149: =L37 -> 8 | M149: =M37 -> 8 | N149: =ROUND(N37*1.6,-1) -> 530 | O149: =O37 -> 0 | P149: =P37 -> 13 | Q149: =Q37 -> 15 | R149: =R37 -> 75 | S149: =S37 -> 300 | T149: =T37 -> 50
A150: 326 | B150: =B38&"头目" -> 黑野猪头目 | C150: =C38 -> 石墓 | D150: =ROUND(D38*1.2,0) -> 24 | E150: =ROUND(E38*1.2,0) -> 31 | F150: =ROUND(F38*1.5,0) -> 0 | G150: =ROUND(G38*1.5,0) -> 0 | H150: =ROUND(H38*1.5,0) -> 0 | I150: =ROUND(I38*1.5,0) -> 0 | J150: =J38 -> 10 | K150: =K38 -> 10 | L150: =L38 -> 0 | M150: =M38 -> 0 | N150: =ROUND(N38*1.6,-1) -> 500 | O150: =O38 -> 0 | P150: =P38 -> 13 | Q150: =Q38 -> 15 | R150: =R38 -> 75 | S150: =S38 -> 300 | T150: =T38 -> 50
A151: 327 | B151: =B39&"头目" -> 白野猪头目 | C151: =C39 -> 石墓 | D151: =ROUND(D39*1.2,0) -> 36 | E151: =ROUND(E39*1.2,0) -> 66 | F151: =ROUND(F39*1.5,0) -> 0 | G151: =ROUND(G39*1.5,0) -> 0 | H151: =ROUND(H39*1.5,0) -> 0 | I151: =ROUND(I39*1.5,0) -> 0 | J151: =J39 -> 15 | K151: =K39 -> 15 | L151: =L39 -> 15 | M151: =M39 -> 15 | N151: =ROUND(N39*1.6,-1) -> 1600 | O151: =O39 -> 0 | P151: =P39 -> 17 | Q151: =Q39 -> 25 | R151: =R39 -> 75 | S151: =S39 -> 300 | T151: =T39 -> 50
A152: 328 | B152: =B40&"头目" -> 虹魔猪卫头目 | C152: =C40 -> 虹魔教坛 | D152: =ROUND(D40*1.2,0) -> 48 | E152: =ROUND(E40*1.2,0) -> 72 | F152: =ROUND(F40*1.5,0) -> 0 | G152: =ROUND(G40*1.5,0) -> 0 | H152: =ROUND(H40*1.5,0) -> 0 | I152: =ROUND(I40*1.5,0) -> 0 | J152: =J40 -> 20 | K152: =K40 -> 20 | L152: =L40 -> 20 | M152: =M40 -> 20 | N152: =ROUND(N40*1.6,-1) -> 2400 | O152: =O40 -> 0 | P152: =P40 -> 17 | Q152: =Q40 -> 25 | R152: =R40 -> 75 | S152: =S40 -> 300 | T152: =T40 -> 50
A153: 329 | B153: =B41&"头目" -> 虹魔蝎卫头目 | C153: =C41 -> 虹魔教坛 | D153: =ROUND(D41*1.2,0) -> 54 | E153: =ROUND(E41*1.2,0) -> 78 | F153: =ROUND(F41*1.5,0) -> 0 | G153: =ROUND(G41*1.5,0) -> 0 | H153: =ROUND(H41*1.5,0) -> 0 | I153: =ROUND(I41*1.5,0) -> 0 | J153: =J41 -> 25 | K153: =K41 -> 25 | L153: =L41 -> 25 | M153: =M41 -> 25 | N153: =ROUND(N41*1.6,-1) -> 3200 | O153: =O41 -> 0 | P153: =P41 -> 17 | Q153: =Q41 -> 25 | R153: =R41 -> 75 | S153: =S41 -> 300 | T153: =T41 -> 50
A154: 330 | B154: =B42&"头目" -> 残肢僵尸1头目 | C154: =C42 -> 比奇矿区 | D154: =ROUND(D42*1.2,0) -> 6 | E154: =ROUND(E42*1.2,0) -> 14 | F154: =ROUND(F42*1.5,0) -> 0 | G154: =ROUND(G42*1.5,0) -> 0 | H154: =ROUND(H42*1.5,0) -> 0 | I154: =ROUND(I42*1.5,0) -> 0 | J154: =J42 -> 2 | K154: =K42 -> 2 | L154: =L42 -> 1 | M154: =M42 -> 1 | N154: =ROUND(N42*1.6,-1) -> 120 | O154: =O42 -> 0 | P154: =P42 -> 5 | Q154: =Q42 -> 10 | R154: =R42 -> 75 | S154: =S42 -> 300 | T154: =T42 -> 50
A155: 331 | B155: =B43&"头目" -> 直立僵尸2头目 | C155: =C43 -> 比奇矿区 | D155: =ROUND(D43*1.2,0) -> 6 | E155: =ROUND(E43*1.2,0) -> 18 | F155: =ROUND(F43*1.5,0) -> 0 | G155: =ROUND(G43*1.5,0) -> 0 | H155: =ROUND(H43*1.5,0) -> 0 | I155: =ROUND(I43*1.5,0) -> 0 | J155: =J43 -> 2 | K155: =K43 -> 2 | L155: =L43 -> 1 | M155: =M43 -> 1 | N155: =ROUND(N43*1.6,-1) -> 120 | O155: =O43 -> 0 | P155: =P43 -> 5 | Q155: =Q43 -> 10 | R155: =R43 -> 75 | S155: =S43 -> 300 | T155: =T43 -> 50
... A162: 341 | B162: =B50&"头目" -> 角蝇巢穴头目 | C162: =C50 -> 祖玛寺庙 | D162: =ROUND(D50*1.2,0) -> 0 | E162: =ROUND(E50*1.2,0) -> 0 | F162: =ROUND(F50*1.5,0) -> 0 | G162: =ROUND(G50*1.5,0) -> 0 | H162: =ROUND(H50*1.5,0) -> 0 | I162: =ROUND(I50*1.5,0) -> 0 | J162: =J50 -> 0 | K162: =K50 -> 0 | L162: =L50 -> 6 | M162: =M50 -> 6 | N162: =ROUND(N50*1.6,-1) -> 320 | O162: =O50 -> 0 | P162: =P50 -> 1 | Q162: =Q50 -> 1 | R162: =R50 -> 75 | S162: =S50 -> 300 | T162: =T50 -> 50
A163: 339 | B163: =B51&"头目" -> 角蝇头目 | C163: =C51 -> 祖玛寺庙 | D163: =ROUND(D51*1.2,0) -> 0 | E163: =ROUND(E51*1.2,0) -> 26 | F163: =ROUND(F51*1.5,0) -> 0 | G163: =ROUND(G51*1.5,0) -> 0 | H163: =ROUND(H51*1.5,0) -> 0 | I163: =ROUND(I51*1.5,0) -> 0 | J163: =J51 -> 0 | K163: =K51 -> 0 | L163: =L51 -> 0 | M163: =M51 -> 0 | N163: 5 | O163: =O51 -> 0 | P163: =P51 -> 18 | Q163: =Q51 -> 5 | R163: =R51 -> 75 | S163: =S51 -> 300 | T163: =T51 -> 50
A164: 340 | B164: =B52&"头目" -> 楔蛾头目 | C164: =C52 -> 祖玛寺庙 | D164: =ROUND(D52*1.2,0) -> 16 | E164: =ROUND(E52*1.2,0) -> 22 | F164: =ROUND(F52*1.5,0) -> 0 | G164: =ROUND(G52*1.5,0) -> 0 | H164: =ROUND(H52*1.5,0) -> 0 | I164: =ROUND(I52*1.5,0) -> 0 | J164: =J52 -> 0 | K164: =K52 -> 0 | L164: =L52 -> 5 | M164: =M52 -> 5 | N164: =ROUND(N52*1.6,-1) -> 350 | O164: =O52 -> 0 | P164: =P52 -> 15 | Q164: =Q52 -> 17 | R164: =R52 -> 75 | S164: =S52 -> 300 | T164: =T52 -> 50
A165: 342 | B165: =B53&"头目" -> 鹰卫头目 | C165: =C53 -> 赤月峡谷 | D165: =ROUND(D53*1.2,0) -> 36 | E165: =ROUND(E53*1.2,0) -> 60 | F165: =ROUND(F53*1.5,0) -> 0 | G165: =ROUND(G53*1.5,0) -> 0 | H165: =ROUND(H53*1.5,0) -> 0 | I165: =ROUND(I53*1.5,0) -> 0 | J165: =J53 -> 15 | K165: =K53 -> 15 | L165: =L53 -> 18 | M165: =M53 -> 18 | N165: =ROUND(N53*1.6,-1) -> 2400 | O165: =O53 -> 0 | P165: =P53 -> 15 | Q165: =Q53 -> 20 | R165: =R53 -> 75 | S165: =S53 -> 300 | T165: =T53 -> 50
A166: 343 | B166: =B54&"头目" -> 月魔蜘蛛头目 | C166: =C54 -> 赤月峡谷 | D166: =ROUND(D54*1.2,0) -> 32 | E166: =ROUND(E54*1.2,0) -> 32 | F166: =ROUND(F54*1.5,0) -> 0 | G166: =ROUND(G54*1.5,0) -> 0 | H166: =ROUND(H54*1.5,0) -> 0 | I166: =ROUND(I54*1.5,0) -> 0 | J166: =J54 -> 12 | K166: =K54 -> 12 | L166: =L54 -> 28 | M166: =M54 -> 28 | N166: =ROUND(N54*1.6,-1) -> 1360 | O166: =O54 -> 0 | P166: =P54 -> 50 | Q166: =Q54 -> 20 | R166: =R54 -> 75 | S166: =S54 -> 300 | T166: =T54 -> 50
A167: 344 | B167: =B55&"头目" -> 天狼蜘蛛头目 | C167: =C55 -> 赤月峡谷 | D167: =ROUND(D55*1.2,0) -> 26 | E167: =ROUND(E55*1.2,0) -> 41 | F167: =ROUND(F55*1.5,0) -> 0 | G167: =ROUND(G55*1.5,0) -> 0 | H167: =ROUND(H55*1.5,0) -> 0 | I167: =ROUND(I55*1.5,0) -> 0 | J167: =J55 -> 8 | K167: =K55 -> 8 | L167: =L55 -> 20 | M167: =M55 -> 20 | N167: =ROUND(N55*1.6,-1) -> 800 | O167: =O55 -> 0 | P167: =P55 -> 15 | Q167: =Q55 -> 17 | R167: =R55 -> 75 | S167: =S55 -> 300 | T167: =T55 -> 50
A168: 345 | B168: =B56&"头目" -> 钢牙蜘蛛头目 | C168: =C56 -> 赤月峡谷 | D168: =ROUND(D56*1.2,0) -> 42 | E168: =ROUND(E56*1.2,0) -> 60 | F168: =ROUND(F56*1.5,0) -> 0 | G168: =ROUND(G56*1.5,0) -> 0 | H168: =ROUND(H56*1.5,0) -> 0 | I168: =ROUND(I56*1.5,0) -> 0 | J168: =J56 -> 13 | K168: =K56 -> 13 | L168: =L56 -> 33 | M168: =M56 -> 33 | N168: =ROUND(N56*1.6,-1) -> 1280 | O168: =O56 -> 0 | P168: =P56 -> 20 | Q168: =Q56 -> 17 | R168: =R56 -> 75 | S168: =S56 -> 300 | T168: =T56 -> 50
A169: 346 | B169: =B57&"头目" -> 花吻蜘蛛头目 | C169: =C57 -> 赤月峡谷 | D169: =ROUND(D57*1.2,0) -> 24 | E169: =ROUND(E57*1.2,0) -> 72 | F169: =ROUND(F57*1.5,0) -> 0 | G169: =ROUND(G57*1.5,0) -> 0 | H169: =ROUND(H57*1.5,0) -> 0 | I169: =ROUND(I57*1.5,0) -> 0 | J169: =J57 -> 12 | K169: =K57 -> 12 | L169: =L57 -> 27 | M169: =M57 -> 27 | N169: =ROUND(N57*1.6,-1) -> 1200 | O169: =O57 -> 0 | P169: =P57 -> 17 | Q169: =Q57 -> 25 | R169: =R57 -> 75 | S169: =S57 -> 300 | T169: =T57 -> 50
A170: 347 | B170: =B58&"头目" -> 黑锷蜘蛛头目 | C170: =C58 -> 赤月峡谷 | D170: =ROUND(D58*1.2,0) -> 18 | E170: =ROUND(E58*1.2,0) -> 90 | F170: =ROUND(F58*1.5,0) -> 0 | G170: =ROUND(G58*1.5,0) -> 0 | H170: =ROUND(H58*1.5,0) -> 0 | I170: =ROUND(I58*1.5,0) -> 0 | J170: =J58 -> 11 | K170: =K58 -> 11 | L170: =L58 -> 30 | M170: =M58 -> 30 | N170: =ROUND(N58*1.6,-1) -> 1920 | O170: =O58 -> 0 | P170: =P58 -> 17 | Q170: =Q58 -> 17 | R170: =R58 -> 75 | S170: =S58 -> 300 | T170: =T58 -> 50
...

Sheet Sheet1
B1: 10 | C1: =B1-1 -> 9
B2: 18 | C2: =B2-1 -> 17
B3: 25 | C3: =B3-1 -> 24
B4: 90 | C4: =B4-1 -> 89
B5: 33 | C5: =B5-1 -> 32
B6: 40 | C6: =B6-1 -> 39
B7: 300 | C7: =B7-1 -> 299
B8: 60 | C8: =B8-1 -> 59
B9: 60 | C9: =B9-1 -> 59
B10: 15 | C10: =B10-1 -> 14
B11: 140 | C11: =B11-1 -> 139
B12: 150 | C12: =B12-1 -> 149 | J12: 30 | K12: 55 | M12: 45 | N12: 75
B13: 160 | C13: =B13-1 -> 159 | J13: 25 | K13: 35 | M13: =CEILING((J13*1.2),5) -> 30 | N13: =CEILING((K13*1.2),5) -> 45
B14: 170 | C14: =B14-1 -> 169 | J14: 35 | K14: 55 | M14: =CEILING((J14*1.2),5) -> 45 | N14: =CEILING((K14*1.2),5) -> 70
B15: 25 | C15: =B15-1 -> 24 | J15: 30 | K15: 45 | M15: =CEILING((J15*1.2),5) -> 40 | N15: =CEILING((K15*1.2),5) -> 55
B16: 200 | C16: =B16-1 -> 199 | J16: 25 | K16: 35 | M16: =CEILING((J16*1.2),5) -> 30 | N16: =CEILING((K16*1.2),5) -> 45
B17: 260 | C17: =B17-1 -> 259 | J17: 35 | K17: 50 | M17: =CEILING((J17*1.2),5) -> 45 | N17: =CEILING((K17*1.2),5) -> 60
B18: 280 | C18: =B18-1 -> 279 | J18: 25 | K18: 35 | M18: =CEILING((J18*1.2),5) -> 30 | N18: =CEILING((K18*1.2),5) -> 45
B19: 280 | C19: =B19-1 -> 279 | J19: 10 | K19: 65 | M19: =CEILING((J19*1.2),5) -> 15 | N19: =CEILING((K19*1.2),5) -> 80
B20: 290 | C20: =B20-1 -> 289 | J20: 20 | K20: 30 | M20: =CEILING((J20*1.2),5) -> 25 | N20: =CEILING((K20*1.2),5) -> 40
B21: 37 | C21: =B21-1 -> 36 | J21: 40 | K21: 55 | M21: =CEILING((J21*1.2),5) -> 50 | N21: =CEILING((K21*1.2),5) -> 70
B22: 35 | C22: =B22-1 -> 34 | J22: 30 | K22: 35 | M22: =CEILING((J22*1.2),5) -> 40 | N22: =CEILING((K22*1.2),5) -> 45
B23: 32 | C23: =B23-1 -> 31 | J23: 40 | K23: 60 | M23: =CEILING((J23*1.2),5) -> 50 | N23: =CEILING((K23*1.2),5) -> 75
B24: 230 | C24: =B24-1 -> 229 | J24: 10 | K24: 20 | M24: =CEILING((J24*1.2),5) -> 15 | N24: =CEILING((K24*1.2),5) -> 25
... B29: 320 | C29: =B29-1 -> 319 | J29: 50 | K29: 100 | M29: =CEILING((J29*1.2),5) -> 60 | N29: =CEILING((K29*1.2),5) -> 120
B30: 380 | C30: =B30-1 -> 379
B31: 1600 | C31: =B31-1 -> 1599
B32: 2000 | C32: =B32-1 -> 1999
B33: 2500 | C33: =B33-1 -> 2499
B34: 75 | C34: =B34-1 -> 74
B35: 75 | C35: =B35-1 -> 74
B36: 37 | C36: =B36-1 -> 36
B37: 37 | C37: =B37-1 -> 36
B38: 350 | C38: =B38-1 -> 349
B39: 370 | C39: =B39-1 -> 369
B40: 450 | C40: =B40-1 -> 449
B41: 480 | C41: =B41-1 -> 479
... B172: 130 | C172: =B172-1 -> 129
B184: 800
B186: 2500
B187: 200
B188: 20000
B189: 2200
B190: 1000
B191: 5000
B192: 3000
B193: 200
B194: 1200
B195: 1400
B196: 1600
... B198: 2500
