Workbook
Name 刺客: Sheet5!$W$19:$W$24
Name 法师: Sheet5!$W$26:$W$31
Name 战士: Sheet5!$W$12:$W$17

Sheet Sheet1
A1: SetID | B1: SetName | C1: ItemID1 | D1: ItemID2 | E1: ItemID3 | F1: ItemID4 | G1: ItemID5 | H1: ItemID6 | I1: ItemID7 | J1: ItemID8 | K1: Count1 | L1: Attr1 | M1: Count2 | N1: Attr2 | O1: Count3 | P1: Attr3 | Q1: Count4 | R1: Attr4 | S1: Count5 | T1: Attr5 | U1: Count6 | V1: Attr6 | W1: Count7 | X1: Attr7 | Y1: Count8 | Z1: Attr8
A2: Both | B2: Both | C2: Both | D2: Both | E2: Both | F2: Both | G2: Both | H2: Both | I2: Both | J2: Both | K2: Both | L2: Both | M2: Both | N2: Both | O2: Both | P2: Both | Q2: Both | R2: Both | S2: Both | T2: Both | U2: Both | V2: Both | W2: Both | X2: Both | Y2: Both | Z2: Both
A3: 0 | B3: 套装名字
A4: 1001 | B4: 记忆套装 | C4: 99920025 | D4: 99930031 | E4: 99940022 | F4: 99910001 | K4: 4 | L4: 200012
A5: 1003 | B5: 魔血套装 | C5: 99920030 | D5: 99930036 | E5: 99940028 | K5: 3 | L5: 200011
A6: 1004 | B6: 虹魔套装 | C6: 99920031 | D6: 99930037 | E6: 99940029 | K6: 3 | L6: 21011

Sheet Sheet5
A1: SetID | B1: SetName | C1: ItemID1 | D1: ItemID2 | E1: ItemID3 | F1: ItemID4 | G1: ItemID5 | H1: ItemID6 | I1: ItemID7 | J1: ItemID8 | K1: Count1 | L1: Attr1 | M1: Count2 | N1: Attr2 | O1: Count3 | P1: Attr3 | Q1: Count4 | R1: Attr4 | S1: Count5 | T1: Attr5 | U1: Count6 | V1: Attr6 | W1: Count7 | X1: Attr7 | Y1: Count8 | Z1: Attr8
A2: N/A | B2: N/A | C2: N/A | D2: N/A | E2: N/A | F2: N/A | G2: N/A | H2: N/A | I2: N/A | J2: N/A | K2: N/A | L2: N/A | M2: N/A | N2: N/A | O2: N/A | P2: N/A | Q2: N/A | R2: N/A | S2: N/A | T2: N/A | U2: N/A | V2: N/A | W2: N/A | X2: N/A | Y2: N/A | Z2: N/A
A3: 0 | B3: 套装名字
A4: 1032 | B4: 勇气套装 | C4: 10311121 | D4: 10311221 | E4: 10311321 | F4: 10311421 | G4: 10311521 | H4: 10311621 | I4: 10311721 | K4: 2 | L4: 1004 | M4: 4 | N4: 22303 | O4: 6 | P4: 20303 | W4: =IF(INT(Sheet3!F15)=Sheet3!J15*10,111,"")
A5: 1033 | B5: 破军套装 | C5: 10311131 | D5: 10311231 | E5: 10311331 | F5: 10311431 | G5: 10311531 | H5: 10311631 | I5: 10311731 | K5: 2 | L5: 1010 | M5: 4 | N5: 21703 | O5: 6 | P5: 20504 | W5: =IF(INT(Sheet3!F16)=Sheet3!J16*10,111,"")
A6: 1052 | B6: 愤怒套装 | C6: 10511121 | D6: 10511221 | E6: 10511321 | F6: 10511421 | G6: 10511521 | H6: 10511621 | I6: 10511721 | K6: 2 | L6: 1008 | M6: 4 | N6: 22103 | O6: 6 | P6: 20704 | W6: =IF(INT(Sheet3!F17)=Sheet3!J17*10,111,"")
A7: 1053 | B7: 突围套装 | C7: 10511131 | D7: 10511231 | E7: 10511331 | F7: 10511431 | G7: 10511531 | H7: 10511631 | I7: 10511731 | K7: 2 | L7: 1015 | M7: 4 | N7: 20704 | O7: 6 | P7: 21706 | W7: =IF(INT(Sheet3!F18)=Sheet3!J18*10,111,"")
A8: 1054 | B8: 热血套装 | C8: 10511141 | D8: 10511241 | E8: 10511341 | F8: 10511441 | G8: 10511541 | H8: 10511641 | I8: 10511741 | K8: 2 | L8: 1020 | M8: 4 | N8: 22307 | O8: 6 | P8: 22108 | W8: =IF(INT(Sheet3!F19)=Sheet3!J19*10,111,"")
A9: 1073 | B9: 守护套装 | C9: 10711131 | D9: 10711231 | E9: 10711331 | F9: 10711431 | G9: 10711531 | H9: 10711631 | I9: 10711731 | K9: 2 | L9: 1025 | M9: 4 | N9: 21705 | O9: 6 | P9: 22310 | W9: =IF(INT(Sheet3!F20)=Sheet3!J20*10,111,"")
A10: 1074 | B10: 无畏套装 | C10: 10711141 | D10: 10711241 | E10: 10711341 | F10: 10711441 | G10: 10711541 | H10: 10711641 | I10: 10711741 | K10: 2 | L10: 1030 | M10: 4 | N10: 22309 | O10: 6 | P10: 25110 | W10: =IF(INT(Sheet3!F21)=Sheet3!J21*10,111,"")
A11: 2032 | B11: 迅影套装 | C11: 10321121 | D11: 10321221 | E11: 10321321 | F11: 10321421 | G11: 10321521 | H11: 10321621 | I11: 10321721 | K11: 2 | L11: 2004 | M11: 4 | N11: 22102 | O11: 6 | P11: 21703 | W11: =IF(INT(Sheet3!F22)=Sheet3!J22*10,111,"")
A12: 2033 | B12: 幻刺套装 | C12: 10321131 | D12: 10321231 | E12: 10321331 | F12: 10321431 | G12: 10321531 | H12: 10321631 | I12: 10321731 | K12: 2 | L12: 2010 | M12: 4 | N12: 21703 | O12: 6 | P12: 20304 | W12: =IF(INT(Sheet3!F23)=Sheet3!J23*10,111,"")
A13: 2052 | B13: 夜幕套装 | C13: 10521121 | D13: 10521221 | E13: 10521321 | F13: 10521421 | G13: 10521521 | H13: 10521621 | I13: 10521721 | K13: 2 | L13: 2008 | M13: 4 | N13: 21703 | O13: 6 | P13: 20504 | W13: =IF(INT(Sheet3!F24)=Sheet3!J24*10,111,"")
A14: 2053 | B14: 血牙套装 | C14: 10521131 | D14: 10521231 | E14: 10521331 | F14: 10521431 | G14: 10521531 | H14: 10521631 | I14: 10521731 | K14: 2 | L14: 2015 | M14: 4 | N14: 21704 | O14: 6 | P14: 20706 | W14: =IF(INT(Sheet3!F25)=Sheet3!J25*10,111,"")
A15: 2054 | B15: 抹灭套装 | C15: 10521141 | D15: 10521241 | E15: 10521341 | F15: 10521441 | G15: 10521541 | H15: 10521641 | I15: 10521741 | K15: 2 | L15: 2020 | M15: 4 | N15: 20705 | O15: 6 | P15: 22108 | W15: =IF(INT(Sheet3!F26)=Sheet3!J26*10,111,"")
... A31: 4074 | B31: 陨星套装 | C31: 10741141 | D31: 10741241 | E31: 10741341 | F31: 10741441 | G31: 10741541 | H31: 10741641 | I31: 10741741 | K31: 2 | L31: 3030 | M31: 4 | N31: 21706 | O31: 6 | P31: 25510 | W31: =IF(INT(Sheet3!F42)=Sheet3!J42*10,111,"")
A32: 1014 | B32: 战士意志1段 | C32: 10111141 | D32: 10111241 | E32: 10111341 | F32: 10111441 | G32: 10111541 | H32: 10111641 | I32: 10111741 | K32: 2 | L32: 1010 | M32: 4 | N32: 20306 | O32: 6 | P32: 20524
A33: 1024 | B33: 战士意志2段 | C33: 10211141 | D33: 10211241 | E33: 10211341 | F33: 10211441 | G33: 10211541 | H33: 10211641 | I33: 10211741 | K33: 2 | L33: 1020 | M33: 4 | N33: 20306 | O33: 6 | P33: 20524
A34: 1034 | B34: 战士意志3段 | C34: 10311141 | D34: 10311241 | E34: 10311341 | F34: 10311441 | G34: 10311541 | H34: 10311641 | I34: 10311741 | K34: 2 | L34: 1030 | M34: 4 | N34: 20307 | O34: 6 | P34: 20528
A35: 1044 | B35: 战士意志4段 | C35: 10411141 | D35: 10411241 | E35: 10411341 | F35: 10411441 | G35: 10411541 | H35: 10411641 | I35: 10411741 | K35: 2 | L35: 1040 | M35: 4 | N35: 20307 | O35: 6 | P35: 20528
A36: 1064 | B36: 战士意志6段 | C36: 10611141 | D36: 10611241 | E36: 10611341 | F36: 10611441 | G36: 10611541 | H36: 10611641 | I36: 10611741 | K36: 2 | L36: 1060 | M36: 4 | N36: 20308 | O36: 6 | P36: 20532
A37: 1084 | B37: 战士意志8段 | C37: 10811141 | D37: 10811241 | E37: 10811341 | F37: 10811441 | G37: 10811541 | H37: 10811641 | I37: 10811741 | K37: 2 | L37: 1080 | M37: 4 | N37: 20308 | O37: 6 | P37: 20532
A38: 1094 | B38: 战士意志9段 | C38: 10911141 | D38: 10911241 | E38: 10911341 | F38: 10911441 | G38: 10911541 | H38: 10911641 | I38: 10911741 | K38: 2 | L38: 1090 | M38: 4 | N38: 20309 | O38: 6 | P38: 20536
A39: 1104 | B39: 战士意志10段 | C39: 11011141 | D39: 11011241 | E39: 11011341 | F39: 11011441 | G39: 11011541 | H39: 11011641 | I39: 11011741 | K39: 2 | L39: 1100 | M39: 4 | N39: 20309 | O39: 6 | P39: 20536
A40: 1114 | B40: 战士意志11段 | C40: 11111141 | D40: 11111241 | E40: 11111341 | F40: 11111441 | G40: 11111541 | H40: 11111641 | I40: 11111741 | K40: 2 | L40: 1110 | M40: 4 | N40: 20310 | O40: 6 | P40: 20540
A41: 1124 | B41: 战士意志12段 | C41: 11211141 | D41: 11211241 | E41: 11211341 | F41: 11211441 | G41: 11211541 | H41: 11211641 | I41: 11211741 | K41: 2 | L41: 1120 | M41: 4 | N41: 20310 | O41: 6 | P41: 20540
A42: 2014 | B42: 刺杀之心1段 | C42: 10121141 | D42: 10121241 | E42: 10121341 | F42: 10121441 | G42: 10121541 | H42: 10121641 | I42: 10121741 | K42: 2 | L42: 2010 | M42: 4 | N42: 20306 | O42: 6 | P42: 20524
A43: 2024 | B43: 刺杀之心2段 | C43: 10221141 | D43: 10221241 | E43: 10221341 | F43: 10221441 | G43: 10221541 | H43: 10221641 | I43: 10221741 | K43: 2 | L43: 2020 | M43: 4 | N43: 20306 | O43: 6 | P43: 20524
... A71: 4124 | B71: 法神之怒12段 | C71: 11241141 | D71: 11241241 | E71: 11241341 | F71: 11241441 | G71: 11241541 | H71: 11241641 | I71: 11241741 | K71: 2 | L71: 3120 | M71: 4 | N71: 20110 | O71: 6 | P71: 20540

Sheet Sheet2
A1: 1014 | B1: 战士意志1段 | C1: 10111141 | D1: 10111241 | E1: 10111341 | F1: 10111441 | G1: 10111541 | H1: 10111641 | I1: 10111741 | J1: 10111841 | K1: 2 | L1: 1010 | M1: 4 | N1: 20304 | O1: 6 | P1: 22510
A2: 1024 | B2: 战士意志2段 | C2: 10211141 | D2: 10211241 | E2: 10211341 | F2: 10211441 | G2: 10211541 | H2: 10211641 | I2: 10211741 | J2: 10211841 | K2: 2 | L2: 1020 | M2: 4 | N2: 20306 | O2: 6 | P2: 22515
A3: 1034 | B3: 战士意志3段 | C3: 10311141 | D3: 10311241 | E3: 10311341 | F3: 10311441 | G3: 10311541 | H3: 10311641 | I3: 10311741 | J3: 10311841 | K3: 2 | L3: 1030 | M3: 4 | N3: 20308 | O3: 6 | P3: 22520
A4: 1044 | B4: 战士意志4段 | C4: 10411141 | D4: 10411241 | E4: 10411341 | F4: 10411441 | G4: 10411541 | H4: 10411641 | I4: 10411741 | J4: 10411841 | K4: 2 | L4: 1040 | M4: 4 | N4: 20310 | O4: 6 | P4: 22525
A5: 1054 | B5: 战士意志5段 | C5: 10511141 | D5: 10511241 | E5: 10511341 | F5: 10511441 | G5: 10511541 | H5: 10511641 | I5: 10511741 | J5: 10511841 | K5: 2 | L5: 1050 | M5: 4 | N5: 20312 | O5: 6 | P5: 22530
A6: 1064 | B6: 战士意志6段 | C6: 10611141 | D6: 10611241 | E6: 10611341 | F6: 10611441 | G6: 10611541 | H6: 10611641 | I6: 10611741 | J6: 10611841 | K6: 2 | L6: 1060 | M6: 4 | N6: 20314 | O6: 6 | P6: 22535
A7: 1074 | B7: 战士意志7段 | C7: 10711141 | D7: 10711241 | E7: 10711341 | F7: 10711441 | G7: 10711541 | H7: 10711641 | I7: 10711741 | J7: 10711841 | K7: 2 | L7: 1070 | M7: 4 | N7: 20316 | O7: 6 | P7: 22540
A8: 1084 | B8: 战士意志8段 | C8: 10811141 | D8: 10811241 | E8: 10811341 | F8: 10811441 | G8: 10811541 | H8: 10811641 | I8: 10811741 | J8: 10811841 | K8: 2 | L8: 1080 | M8: 4 | N8: 20318 | O8: 6 | P8: 22545
A9: 1094 | B9: 战士意志9段 | C9: 10911141 | D9: 10911241 | E9: 10911341 | F9: 10911441 | G9: 10911541 | H9: 10911641 | I9: 10911741 | J9: 10911841 | K9: 2 | L9: 1090 | M9: 4 | N9: 20320 | O9: 6 | P9: 22550
A10: 1104 | B10: 战士意志10段 | C10: 11011141 | D10: 11011241 | E10: 11011341 | F10: 11011441 | G10: 11011541 | H10: 11011641 | I10: 11011741 | J10: 11011841 | K10: 2 | L10: 1100 | M10: 4 | N10: 20322 | O10: 6 | P10: 22555
A11: 1114 | B11: 战士意志11段 | C11: 11111141 | D11: 11111241 | E11: 11111341 | F11: 11111441 | G11: 11111541 | H11: 11111641 | I11: 11111741 | J11: 11111841 | K11: 2 | L11: 1110 | M11: 4 | N11: 20324 | O11: 6 | P11: 22560
A12: 1124 | B12: 战士意志12段 | C12: 11211141 | D12: 11211241 | E12: 11211341 | F12: 11211441 | G12: 11211541 | H12: 11211641 | I12: 11211741 | J12: 11211841 | K12: 2 | L12: 1120 | M12: 4 | N12: 20326 | O12: 6 | P12: 22565
... A48: 4124 | B48: 法神之怒12段 | C48: 11241141 | D48: 11241241 | E48: 11241341 | F48: 11241441 | G48: 11241541 | H48: 11241641 | I48: 11241741 | J48: 11241841 | K48: 2 | L48: 3120 | M48: 4 | N48: 20126 | O48: 6 | P48: 22765

Sheet Sheet3
A1: 1 | B1: 1 | C1: 力量 | F1: 战士 | I1: 刺客 | L1: 弓手 | O1: 法师
A2: 2 | B2: 1 | C2: 敏捷 | F2: 1 | G2: 20.3 | H2: 1 | I2: 1 | J2: 20.3 | K2: 1 | L2: 1 | M2: 20.3 | N2: 1 | O2: 1 | P2: 20.1 | Q2: 1
A3: 3 | B3: 1 | C3: 智力 | F3: 2 | G3: 20.5 | H3: 3 | I3: 2 | J3: 20.5 | K3: 3 | L3: 2 | M3: 20.5 | N3: 3 | O3: 2 | P3: 20.5 | Q3: 3
A4: 4 | B4: 1 | C4: 体质 | F4: 3 | G4: 20.7 | H4: 3 | I4: 3 | J4: 20.7 | K4: 3 | L4: 3 | M4: 20.7 | N4: 3 | O4: 3 | P4: 20.9 | Q4: 3
A5: 5 | B5: 1 | C5: 精神 | F5: 4 | G5: 21.7 | H5: 1 | I5: 4 | J5: 21.7 | K5: 1 | L5: 4 | M5: 21.7 | N5: 1 | O5: 4 | P5: 21.7 | Q5: 1
A6: 6 | B6: 1 | C6: 生命上限 | F6: 5 | G6: 22.1 | H6: 2 | I6: 5 | J6: 22.1 | K6: 2 | L6: 5 | M6: 22.1 | N6: 2 | O6: 5 | P6: 22.1 | Q6: 2
A7: 7 | B7: 1 | C7: 物理防御 | F7: 6 | G7: 22.3 | H7: 2 | I7: 6 | J7: 22.5 | K7: 2 | L7: 6 | M7: 22.5 | N7: 2 | O7: 6 | P7: 22.7 | Q7: 2
A8: 8 | B8: 1 | C8: 法术防御 | F8: 7 | G8: 25.1 | H8: 1 | I8: 7 | J8: 25.1 | K8: 1 | L8: 7 | M8: 25.1 | N8: 1 | O8: 7 | P8: 25.5 | Q8: 1
A9: 9 | B9: 1 | C9: 暴击 | F9: 8 | I9: 8
A10: 10 | B10: 1 | C10: 精准 | F10: 9 | I10: 9
A11: 11 | B11: 1 | C11: 闪避 | F11: 10 | I11: 10
A12: 12 | B12: 1 | C12: 抗暴
A13: 13 | B13: 1 | C13: 格挡值
A14: 14 | B14: 1 | C14: 最小物理攻击
A15: 15 | B15: 1 | C15: 最大物理攻击 | G15: 2 | H15: 3 | I15: 22.3 | J15: 20.3
A16: 16 | B16: 1 | C16: 最小魔法攻击 | G16: 3 | H16: 4 | I16: 21.7 | J16: 20.5
A17: 17 | B17: 1 | C17: 最大魔法攻击 | G17: 3 | H17: 4 | I17: 22.1 | J17: 20.7
A18: 18 | B18: 1 | C18: 移动速度 | G18: 4 | H18: =G18+2 -> 6 | I18: 20.7 | J18: 21.7
A19: 19 | B19: 1 | C19: 幸运值 | G19: 5 | H19: 8 | I19: 22.3 | J19: 22.1
A20: 20.1 | B20: 1 | C20: 魔法暴击率 | G20: 5 | H20: =G20+2 -> 7 | I20: 21.7 | J20: 22.3
A21: 20.3 | B21: 1 | C21: 物理暴击率 | G21: 6 | H21: 10 | I21: 22.3 | J21: 25.1
A22: 20.5 | B22: 1 | C22: 暴击伤害倍率 | G22: 2 | H22: 3 | I22: 22.1 | J22: 21.7
A23: 20.7 | B23: 1 | C23: 物理穿透率 | G23: 3 | H23: 4 | I23: 21.7 | J23: 20.3
A24: 20.9 | B24: 1 | C24: 法术穿透率 | G24: 3 | H24: 4 | I24: 21.7 | J24: 20.5
A25: 21.1 | B25: 1 | C25: 格挡率 | G25: 4 | H25: 6 | I25: 21.7 | J25: 20.7
A26: 21.3 | B26: 1 | C26: 招架率 | G26: 5 | H26: 8 | I26: 20.7 | J26: 22.1
A27: 21.5 | B27: 1 | C27: 闪避率 | G27: 5 | H27: 7 | I27: 20.7 | J27: 22.5
A28: 21.7 | B28: 1 | C28: 伤害加成 | G28: 6 | H28: 10 | I28: 22.5 | J28: 25.1
A29: 21.9 | B29: 1 | C29: 伤害减免 | G29: 2 | H29: 3 | I29: 20.7 | J29: 20.3
A30: 22.1 | B30: 1 | C30: 攻击速度 | G30: 3 | H30: 4 | I30: 22.1 | J30: 20.5
A31: 22.3 | B31: 1.5 | C31: 力量 | G31: 3 | H31: 4 | I31: 20.3 | J31: 21.7
A32: 22.5 | B32: 1.5 | C32: 敏捷 | G32: 4 | H32: 6 | I32: 21.7 | J32: 20.7
... A42: 24.5 | B42: 1.5 | C42: 抗暴 | G42: 6 | H42: 10 | I42: 21.7 | J42: 25.5
A43: 24.7 | B43: 1 | C43: 格挡值
A44: 24.9 | B44: 1 | C44: 最小物理攻击
A45: 25.1 | B45: 1 | C45: 最大物理攻击
A46: 25.3 | B46: 1 | C46: 最小魔法攻击
A47: 25.5 | B47: 1 | C47: 最大魔法攻击
A48: 25.7 | B48: 1 | C48: 移动速度

Sheet 备注
A1: 字段名称 | B1: 描述 | C1: 详细说明 | D1: 备注
A2: SetID | B2: 套装ID
A3: SetName | B3: 套装名称
A4: ItemID1 | B4: 装备1ID | C4: 套装由这些装备组成
A5: ItemID2 | B5: 装备2ID
A6: ItemID3 | B6: 装备3ID
A7: ItemID4 | B7: 装备4ID
A8: ItemID5 | B8: 装备5ID
A9: ItemID6 | B9: 装备6ID
A10: ItemID7 | B10: 装备7ID
A11: ItemID8 | B11: 装备8ID
A12: Count1 | B12: 激活数量1 | C12: 装备满X件，可激活相应属性
A13: Attr1 | B13: 加成属性1 | C13: 可激活的属性ID
A14: Count2 | B14: 激活数量2 | C14: 同上
A15: Attr2 | B15: 加成属性2
A16: Count3 | B16: 激活数量3
A17: Attr3 | B17: 加成属性3
A18: Count4 | B18: 激活数量4
A19: Attr4 | B19: 加成属性4
A20: Count5 | B20: 激活数量5
A21: Attr5 | B21: 加成属性5
A22: Count6 | B22: 激活数量6
A23: Attr6 | B23: 加成属性6
A24: Count7 | B24: 激活数量7
A25: Attr7 | B25: 加成属性7
A26: Count8 | B26: 激活数量8
A27: Attr8 | B27: 加成属性8
