Workbook

Sheet Sheet2
A1: ShopID | B1: Index | C1: ShopName | D1: ItemID | E1: ItemName | F1: ItemCount | G1: CostItemID1 | H1: CostValue1 | I1: CostItemID2 | J1: CostValue2 | K1: RequireForceID | L1: Reputation | M1: RequireGuildBuildingID | N1: BuildingLevel | O1: MoneyType | P1: ShopTypeSell
A2: Server | B2: Server | C2: Server | D2: Server | E2: Server | F2: Server | G2: Server | H2: Server | I2: Server | J2: Server | K2: Server | L2: Server | M2: Server | N2: Server | O2: Server | P2: Server
A3: 0 | B3: 0 | D3: 0 | E3: 0 | F3: 0 | G3: -1 | H3: 0 | I3: -1 | J3: 0 | K3: -1 | L3: 0 | M3: 0 | N3: 0 | O3: -1 | P3: 0
A4: 1 | B4: 1 | C4: 随身商店 | D4: 301 | E4: =VLOOKUP(D4,装备道具ID!$A$1:$B$1221,2,FALSE) -> 金创药(小量) | F4: 1 | G4: MONEYTYPE_02 | H4: 80 | O4: -1 | P4: 1
A5: 1 | B5: 2 | C5: 随身商店 | D5: 302 | E5: =VLOOKUP(D5,装备道具ID!$A$1:$B$1221,2,FALSE) -> 金创药(中量) | F5: 1 | G5: MONEYTYPE_02 | H5: 260 | O5: -1 | P5: 1
A6: 4 | B6: 1 | C6: 药剂商店 | D6: 301 | E6: =VLOOKUP(D6,装备道具ID!$A$1:$B$1221,2,FALSE) -> 金创药(小量) | F6: 1 | G6: MONEYTYPE_02 | H6: 80 | O6: -1 | P6: 1
A7: 4 | B7: 2 | C7: 药剂商店 | D7: 302 | E7: =VLOOKUP(D7,装备道具ID!$A$1:$B$1221,2,FALSE) -> 金创药(中量) | F7: 1 | G7: MONEYTYPE_02 | H7: 260 | O7: -1 | P7: 1
A8: 4 | B8: 3 | C8: 药剂商店 | D8: 303 | E8: =VLOOKUP(D8,装备道具ID!$A$1:$B$1221,2,FALSE) -> 强效金创药 | F8: 1 | G8: MONEYTYPE_02 | H8: 700 | O8: -1 | P8: 1
A9: 4 | B9: 4 | C9: 药剂商店 | D9: 321 | E9: =VLOOKUP(D9,装备道具ID!$A$1:$B$1221,2,FALSE) -> 魔法药(小量) | F9: 1 | G9: MONEYTYPE_02 | H9: 80 | O9: -1 | P9: 1
A10: 4 | B10: 5 | C10: 药剂商店 | D10: 322 | E10: =VLOOKUP(D10,装备道具ID!$A$1:$B$1221,2,FALSE) -> 魔法药(中量) | F10: 1 | G10: MONEYTYPE_02 | H10: 260 | O10: -1 | P10: 1
A11: 4 | B11: 6 | C11: 药剂商店 | D11: 323 | E11: =VLOOKUP(D11,装备道具ID!$A$1:$B$1221,2,FALSE) -> 强效魔法药 | F11: 1 | G11: MONEYTYPE_02 | H11: 700 | O11: -1 | P11: 1
A12: 4 | B12: 7 | C12: 药剂商店 | D12: 351 | E12: =VLOOKUP(D12,装备道具ID!$A$1:$B$1221,2,FALSE) -> 太阳水 | F12: 1 | G12: MONEYTYPE_02 | H12: 1000 | O12: -1 | P12: 1
A13: 4 | B13: 8 | C13: 药剂商店 | D13: 352 | E13: =VLOOKUP(D13,装备道具ID!$A$1:$B$1221,2,FALSE) -> 强效太阳水 | F13: 1 | G13: MONEYTYPE_02 | H13: 2500 | O13: -1 | P13: 1
A14: 4 | B14: 9 | C14: 药剂商店 | D14: 361 | E14: =VLOOKUP(D14,装备道具ID!$A$1:$B$1221,2,FALSE) -> 金创药(小)包 | F14: 1 | G14: MONEYTYPE_02 | H14: =H6*8 -> 640 | O14: -1 | P14: 1
A15: 4 | B15: 10 | C15: 药剂商店 | D15: 362 | E15: =VLOOKUP(D15,装备道具ID!$A$1:$B$1221,2,FALSE) -> 金创药(中)包 | F15: 1 | G15: MONEYTYPE_02 | H15: =H7*8 -> 2080 | O15: -1 | P15: 1
A16: 4 | B16: 11 | C16: 药剂商店 | D16: 363 | E16: =VLOOKUP(D16,装备道具ID!$A$1:$B$1221,2,FALSE) -> 超级金创药 | F16: 1 | G16: MONEYTYPE_02 | H16: =H8*8+400 -> 6000 | O16: -1 | P16: 1
A17: 4 | B17: 12 | C17: 药剂商店 | D17: 371 | E17: =VLOOKUP(D17,装备道具ID!$A$1:$B$1221,2,FALSE) -> 魔法药(小)包 | F17: 1 | G17: MONEYTYPE_02 | H17: =H9*8 -> 640 | O17: -1 | P17: 1
A18: 4 | B18: 13 | C18: 药剂商店 | D18: 372 | E18: =VLOOKUP(D18,装备道具ID!$A$1:$B$1221,2,FALSE) -> 魔法药(中)包 | F18: 1 | G18: MONEYTYPE_02 | H18: =H10*8 -> 2080 | O18: -1 | P18: 1
A19: 4 | B19: 14 | C19: 药剂商店 | D19: 373 | E19: =VLOOKUP(D19,装备道具ID!$A$1:$B$1221,2,FALSE) -> 超级魔法药 | F19: 1 | G19: MONEYTYPE_02 | H19: =H11*8+400 -> 6000 | O19: -1 | P19: 1
A20: 4 | B20: 15 | C20: 药剂商店 | D20: 381 | E20: =VLOOKUP(D20,装备道具ID!$A$1:$B$1221,2,FALSE) -> 太阳水包 | F20: 1 | G20: MONEYTYPE_02 | H20: 7000 | O20: -1 | P20: 1
A21: 4 | B21: 16 | C21: 药剂商店 | D21: 382 | E21: =VLOOKUP(D21,装备道具ID!$A$1:$B$1221,2,FALSE) -> 强效太阳水包 | F21: 1 | G21: MONEYTYPE_02 | H21: 17000 | O21: -1 | P21: 1
A22: 4 | B22: 17 | C22: 药剂商店 | D22: 40001 | E22: =VLOOKUP(D22,装备道具ID!$A$1:$B$1221,2,FALSE) -> 灰色药粉(少量) | F22: 1 | G22: MONEYTYPE_02 | H22: 5000 | O22: -1 | P22: 1
A23: 4 | B23: 18 | C23: 药剂商店 | D23: 40002 | E23: =VLOOKUP(D23,装备道具ID!$A$1:$B$1221,2,FALSE) -> 灰色药粉(中量) | F23: 1 | G23: MONEYTYPE_02 | H23: 11000 | O23: -1 | P23: 1
A24: 4 | B24: 19 | C24: 药剂商店 | D24: 40003 | E24: =VLOOKUP(D24,装备道具ID!$A$1:$B$1221,2,FALSE) -> 灰色药粉(大量) | F24: 1 | G24: MONEYTYPE_02 | H24: 18000 | O24: -1 | P24: 1
A25: 4 | B25: 20 | C25: 药剂商店 | D25: 40011 | E25: =VLOOKUP(D25,装备道具ID!$A$1:$B$1221,2,FALSE) -> 黄色药粉(少量) | F25: 1 | G25: MONEYTYPE_02 | H25: 5000 | O25: -1 | P25: 1
A26: 4 | B26: 21 | C26: 药剂商店 | D26: 40012 | E26: =VLOOKUP(D26,装备道具ID!$A$1:$B$1221,2,FALSE) -> 黄色药粉(中量) | F26: 1 | G26: MONEYTYPE_02 | H26: 11000 | O26: -1 | P26: 1
A27: 4 | B27: 22 | C27: 药剂商店 | D27: 40013 | E27: =VLOOKUP(D27,装备道具ID!$A$1:$B$1221,2,FALSE) -> 黄色药粉(大量) | F27: 1 | G27: MONEYTYPE_02 | H27: 18000 | O27: -1 | P27: 1
A28: 34 | B28: 1 | C28: 野外药剂商店 | D28: 301 | E28: =VLOOKUP(D28,装备道具ID!$A$1:$B$1221,2,FALSE) -> 金创药(小量) | F28: 1 | G28: MONEYTYPE_02 | H28: =H6*1.5 -> 120 | O28: -1 | P28: 1
A29: 34 | B29: 2 | C29: 野外药剂商店 | D29: 302 | E29: =VLOOKUP(D29,装备道具ID!$A$1:$B$1221,2,FALSE) -> 金创药(中量) | F29: 1 | G29: MONEYTYPE_02 | H29: =H7*1.5 -> 390 | O29: -1 | P29: 1
A30: 34 | B30: 3 | C30: 野外药剂商店 | D30: 303 | E30: =VLOOKUP(D30,装备道具ID!$A$1:$B$1221,2,FALSE) -> 强效金创药 | F30: 1 | G30: MONEYTYPE_02 | H30: =H8*1.5 -> 1050 | O30: -1 | P30: 1
A31: 34 | B31: 4 | C31: 野外药剂商店 | D31: 321 | E31: =VLOOKUP(D31,装备道具ID!$A$1:$B$1221,2,FALSE) -> 魔法药(小量) | F31: 1 | G31: MONEYTYPE_02 | H31: =H9*1.5 -> 120 | O31: -1 | P31: 1
A32: 34 | B32: 5 | C32: 野外药剂商店 | D32: 322 | E32: =VLOOKUP(D32,装备道具ID!$A$1:$B$1221,2,FALSE) -> 魔法药(中量) | F32: 1 | G32: MONEYTYPE_02 | H32: =H10*1.5 -> 390 | O32: -1 | P32: 1
A33: 34 | B33: 6 | C33: 野外药剂商店 | D33: 323 | E33: =VLOOKUP(D33,装备道具ID!$A$1:$B$1221,2,FALSE) -> 强效魔法药 | F33: 1 | G33: MONEYTYPE_02 | H33: =H11*1.5 -> 1050 | O33: -1 | P33: 1
A34: 34 | B34: 7 | C34: 野外药剂商店 | D34: 351 | E34: =VLOOKUP(D34,装备道具ID!$A$1:$B$1221,2,FALSE) -> 太阳水 | F34: 1 | G34: MONEYTYPE_02 | H34: =H12*1.5 -> 1500 | O34: -1 | P34: 1
A35: 34 | B35: 8 | C35: 野外药剂商店 | D35: 352 | E35: =VLOOKUP(D35,装备道具ID!$A$1:$B$1221,2,FALSE) -> 强效太阳水 | F35: 1 | G35: MONEYTYPE_02 | H35: =H13*1.5 -> 3750 | O35: -1 | P35: 1
A36: 34 | B36: 9 | C36: 野外药剂商店 | D36: 361 | E36: =VLOOKUP(D36,装备道具ID!$A$1:$B$1221,2,FALSE) -> 金创药(小)包 | F36: 1 | G36: MONEYTYPE_02 | H36: =H14*1.5 -> 960 | O36: -1 | P36: 1
A37: 34 | B37: 10 | C37: 野外药剂商店 | D37: 362 | E37: =VLOOKUP(D37,装备道具ID!$A$1:$B$1221,2,FALSE) -> 金创药(中)包 | F37: 1 | G37: MONEYTYPE_02 | H37: =H15*1.5 -> 3120 | O37: -1 | P37: 1
A38: 34 | B38: 11 | C38: 野外药剂商店 | D38: 363 | E38: =VLOOKUP(D38,装备道具ID!$A$1:$B$1221,2,FALSE) -> 超级金创药 | F38: 1 | G38: MONEYTYPE_02 | H38: =H16*1.5 -> 9000 | O38: -1 | P38: 1
A39: 34 | B39: 12 | C39: 野外药剂商店 | D39: 371 | E39: =VLOOKUP(D39,装备道具ID!$A$1:$B$1221,2,FALSE) -> 魔法药(小)包 | F39: 1 | G39: MONEYTYPE_02 | H39: =H17*1.5 -> 960 | O39: -1 | P39: 1
... A49: 34 | B49: 22 | C49: 野外药剂商店 | D49: 40013 | E49: =VLOOKUP(D49,装备道具ID!$A$1:$B$1221,2,FALSE) -> 黄色药粉(大量) | F49: 1 | G49: MONEYTYPE_02 | H49: =H27*1.5 -> 27000 | O49: -1 | P49: 1
A50: 24 | B50: 1 | C50: 幽灵船药剂商店 | D50: 301 | E50: =VLOOKUP(D50,装备道具ID!$A$1:$B$1221,2,FALSE) -> 金创药(小量) | F50: 1 | G50: MONEYTYPE_02 | H50: =H6*2 -> 160 | O50: -1 | P50: 1
A51: 24 | B51: 2 | C51: 幽灵船药剂商店 | D51: 302 | E51: =VLOOKUP(D51,装备道具ID!$A$1:$B$1221,2,FALSE) -> 金创药(中量) | F51: 1 | G51: MONEYTYPE_02 | H51: =H7*2 -> 520 | O51: -1 | P51: 1
A52: 24 | B52: 3 | C52: 幽灵船药剂商店 | D52: 303 | E52: =VLOOKUP(D52,装备道具ID!$A$1:$B$1221,2,FALSE) -> 强效金创药 | F52: 1 | G52: MONEYTYPE_02 | H52: =H8*2 -> 1400 | O52: -1 | P52: 1
A53: 24 | B53: 4 | C53: 幽灵船药剂商店 | D53: 321 | E53: =VLOOKUP(D53,装备道具ID!$A$1:$B$1221,2,FALSE) -> 魔法药(小量) | F53: 1 | G53: MONEYTYPE_02 | H53: =H9*2 -> 160 | O53: -1 | P53: 1
A54: 24 | B54: 5 | C54: 幽灵船药剂商店 | D54: 322 | E54: =VLOOKUP(D54,装备道具ID!$A$1:$B$1221,2,FALSE) -> 魔法药(中量) | F54: 1 | G54: MONEYTYPE_02 | H54: =H10*2 -> 520 | O54: -1 | P54: 1
A55: 24 | B55: 6 | C55: 幽灵船药剂商店 | D55: 323 | E55: =VLOOKUP(D55,装备道具ID!$A$1:$B$1221,2,FALSE) -> 强效魔法药 | F55: 1 | G55: MONEYTYPE_02 | H55: =H11*2 -> 1400 | O55: -1 | P55: 1
A56: 24 | B56: 7 | C56: 幽灵船药剂商店 | D56: 351 | E56: =VLOOKUP(D56,装备道具ID!$A$1:$B$1221,2,FALSE) -> 太阳水 | F56: 1 | G56: MONEYTYPE_02 | H56: =H12*2 -> 2000 | O56: -1 | P56: 1
A57: 24 | B57: 8 | C57: 幽灵船药剂商店 | D57: 352 | E57: =VLOOKUP(D57,装备道具ID!$A$1:$B$1221,2,FALSE) -> 强效太阳水 | F57: 1 | G57: MONEYTYPE_02 | H57: =H13*2 -> 5000 | O57: -1 | P57: 1
A58: 24 | B58: 9 | C58: 幽灵船药剂商店 | D58: 361 | E58: =VLOOKUP(D58,装备道具ID!$A$1:$B$1221,2,FALSE) -> 金创药(小)包 | F58: 1 | G58: MONEYTYPE_02 | H58: =H14*2 -> 1280 | O58: -1 | P58: 1
A59: 24 | B59: 10 | C59: 幽灵船药剂商店 | D59: 362 | E59: =VLOOKUP(D59,装备道具ID!$A$1:$B$1221,2,FALSE) -> 金创药(中)包 | F59: 1 | G59: MONEYTYPE_02 | H59: =H15*2 -> 4160 | O59: -1 | P59: 1
A60: 24 | B60: 11 | C60: 幽灵船药剂商店 | D60: 363 | E60: =VLOOKUP(D60,装备道具ID!$A$1:$B$1221,2,FALSE) -> 超级金创药 | F60: 1 | G60: MONEYTYPE_02 | H60: =H16*2 -> 12000 | O60: -1 | P60: 1
A61: 24 | B61: 12 | C61: 幽灵船药剂商店 | D61: 371 | E61: =VLOOKUP(D61,装备道具ID!$A$1:$B$1221,2,FALSE) -> 魔法药(小)包 | F61: 1 | G61: MONEYTYPE_02 | H61: =H17*2 -> 1280 | O61: -1 | P61: 1
... A71: 24 | B71: 22 | C71: 幽灵船药剂商店 | D71: 40013 | E71: =VLOOKUP(D71,装备道具ID!$A$1:$B$1221,2,FALSE) -> 黄色药粉(大量) | F71: 1 | G71: MONEYTYPE_02 | H71: =H27*2 -> 36000 | O71: -1 | P71: 1
A72: 5 | B72: 1 | C72: 新手、比奇杂货商店 | D72: 80001 | E72: =VLOOKUP(D72,装备道具ID!$A$1:$B$1221,2,FALSE) -> 比奇回城卷 | F72: 1 | G72: MONEYTYPE_02 | H72: 800 | O72: -1 | P72: 2
A73: 5 | B73: 2 | C73: 新手、比奇杂货商店 | D73: 80005 | E73: =VLOOKUP(D73,装备道具ID!$A$1:$B$1221,2,FALSE) -> 随机传送卷 | F73: 1 | G73: MONEYTYPE_02 | H73: 100 | O73: -1 | P73: 2
A74: 5 | B74: 3 | C74: 新手、比奇杂货商店 | D74: 80101 | E74: =VLOOKUP(D74,装备道具ID!$A$1:$B$1221,2,FALSE) -> 比奇回城卷包 | F74: 1 | G74: MONEYTYPE_02 | H74: =H72*8+1000 -> 7400 | O74: -1 | P74: 2
A75: 5 | B75: 4 | C75: 新手、比奇杂货商店 | D75: 80105 | E75: =VLOOKUP(D75,装备道具ID!$A$1:$B$1221,2,FALSE) -> 随机传送卷包 | F75: 1 | G75: MONEYTYPE_02 | H75: =H73*8 -> 800 | O75: -1 | P75: 2
A76: 5 | B76: 5 | C76: 新手、比奇杂货商店 | D76: 80007 | E76: =VLOOKUP(D76,装备道具ID!$A$1:$B$1221,2,FALSE) -> 盟重回城卷 | F76: 1 | G76: MONEYTYPE_02 | H76: 800 | O76: -1 | P76: 2
A77: 5 | B77: 6 | C77: 新手、比奇杂货商店 | D77: 80107 | E77: =VLOOKUP(D77,装备道具ID!$A$1:$B$1221,2,FALSE) -> 盟重回城卷包 | F77: 1 | G77: MONEYTYPE_02 | H77: =H76*8+1000 -> 7400 | O77: -1 | P77: 2
A78: 5 | B78: 7 | C78: 新手、比奇杂货商店 | D78: 80201 | E78: =VLOOKUP(D78,装备道具ID!$A$1:$B$1221,2,FALSE) -> 比奇回城石 | F78: 1 | G78: MONEYTYPE_02 | H78: 200000 | O78: -1 | P78: 2
A79: 5 | B79: 8 | C79: 新手、比奇杂货商店 | D79: 80202 | E79: =VLOOKUP(D79,装备道具ID!$A$1:$B$1221,2,FALSE) -> 盟重回城石 | F79: 1 | G79: MONEYTYPE_02 | H79: 200000 | O79: -1 | P79: 2
A80: 5 | B80: 9 | C80: 新手、比奇杂货商店 | D80: 80203 | E80: =VLOOKUP(D80,装备道具ID!$A$1:$B$1221,2,FALSE) -> 随机传送石 | F80: 1 | G80: MONEYTYPE_02 | H80: 200000 | O80: -1 | P80: 2
A81: 5 | B81: 10 | C81: 新手、比奇杂货商店 | D81: 100002 | E81: =VLOOKUP(D81,装备道具ID!$A$1:$B$1221,2,FALSE) -> 初级红名符 | F81: 1 | G81: MONEYTYPE_02 | H81: 15000 | O81: -1 | P81: 2
A82: 5 | B82: 11 | C82: 新手、比奇杂货商店 | D82: 100003 | E82: =VLOOKUP(D82,装备道具ID!$A$1:$B$1221,2,FALSE) -> 中级红名符 | F82: 1 | G82: MONEYTYPE_02 | H82: 120000 | O82: -1 | P82: 2
A83: 5 | B83: 12 | C83: 新手、比奇杂货商店 | D83: 114003 | E83: =VLOOKUP(D83,装备道具ID!$A$1:$B$1221,2,FALSE) -> 黑铁矿石3 | F83: 1 | G83: MONEYTYPE_02 | H83: 1000 | O83: -1 | P83: 2
A84: 5 | B84: 13 | C84: 新手、比奇杂货商店 | D84: 40101 | E84: =VLOOKUP(D84,装备道具ID!$A$1:$B$1221,2,FALSE) -> 护身符 | F84: 1 | G84: MONEYTYPE_02 | H84: 500 | O84: -1 | P84: 2
A85: 5 | B85: 14 | C85: 新手、比奇杂货商店 | D85: 40102 | E85: =VLOOKUP(D85,装备道具ID!$A$1:$B$1221,2,FALSE) -> 护身符(大) | F85: 1 | G85: MONEYTYPE_02 | H85: 1100 | O85: -1 | P85: 2
A86: 5 | B86: 15 | C86: 新手、比奇杂货商店 | D86: 40103 | E86: =VLOOKUP(D86,装备道具ID!$A$1:$B$1221,2,FALSE) -> 超级护身符 | F86: 1 | G86: MONEYTYPE_02 | H86: 5000 | O86: -1 | P86: 2
A87: 5 | B87: 16 | C87: 新手、比奇杂货商店 | D87: 2201 | E87: =VLOOKUP(D87,装备道具ID!$A$1:$B$1221,2,FALSE) -> 千里传音 | F87: 1 | G87: MONEYTYPE_02 | H87: 100000 | O87: -1 | P87: 2
A88: 5 | B88: 17 | C88: 新手、比奇杂货商店 | D88: 2212 | E88: =VLOOKUP(D88,装备道具ID!$A$1:$B$1221,2,FALSE) -> 礼花 | F88: 1 | G88: MONEYTYPE_02 | H88: 30000 | O88: -1 | P88: 2
A89: 6 | B89: 1 | C89: 红名村药剂商店 | D89: 301 | E89: =VLOOKUP(D89,装备道具ID!$A$1:$B$1221,2,FALSE) -> 金创药(小量) | F89: 1 | G89: MONEYTYPE_02 | H89: =H6*1.5 -> 120 | O89: -1 | P89: 0
A90: 6 | B90: 2 | C90: 红名村药剂商店 | D90: 302 | E90: =VLOOKUP(D90,装备道具ID!$A$1:$B$1221,2,FALSE) -> 金创药(中量) | F90: 1 | G90: MONEYTYPE_02 | H90: =H7*1.5 -> 390 | O90: -1 | P90: 0
A91: 6 | B91: 3 | C91: 红名村药剂商店 | D91: 303 | E91: =VLOOKUP(D91,装备道具ID!$A$1:$B$1221,2,FALSE) -> 强效金创药 | F91: 1 | G91: MONEYTYPE_02 | H91: =H8*1.5 -> 1050 | O91: -1 | P91: 0
A92: 6 | B92: 4 | C92: 红名村药剂商店 | D92: 321 | E92: =VLOOKUP(D92,装备道具ID!$A$1:$B$1221,2,FALSE) -> 魔法药(小量) | F92: 1 | G92: MONEYTYPE_02 | H92: =H9*1.5 -> 120 | O92: -1 | P92: 0
A93: 6 | B93: 5 | C93: 红名村药剂商店 | D93: 322 | E93: =VLOOKUP(D93,装备道具ID!$A$1:$B$1221,2,FALSE) -> 魔法药(中量) | F93: 1 | G93: MONEYTYPE_02 | H93: =H10*1.5 -> 390 | O93: -1 | P93: 0
A94: 6 | B94: 6 | C94: 红名村药剂商店 | D94: 323 | E94: =VLOOKUP(D94,装备道具ID!$A$1:$B$1221,2,FALSE) -> 强效魔法药 | F94: 1 | G94: MONEYTYPE_02 | H94: =H11*1.5 -> 1050 | O94: -1 | P94: 0
A95: 6 | B95: 7 | C95: 红名村药剂商店 | D95: 351 | E95: =VLOOKUP(D95,装备道具ID!$A$1:$B$1221,2,FALSE) -> 太阳水 | F95: 1 | G95: MONEYTYPE_02 | H95: =H12*1.5 -> 1500 | O95: -1 | P95: 0
A96: 6 | B96: 8 | C96: 红名村药剂商店 | D96: 352 | E96: =VLOOKUP(D96,装备道具ID!$A$1:$B$1221,2,FALSE) -> 强效太阳水 | F96: 1 | G96: MONEYTYPE_02 | H96: =H13*1.5 -> 3750 | O96: -1 | P96: 0
A97: 6 | B97: 9 | C97: 红名村药剂商店 | D97: 361 | E97: =VLOOKUP(D97,装备道具ID!$A$1:$B$1221,2,FALSE) -> 金创药(小)包 | F97: 1 | G97: MONEYTYPE_02 | H97: =H14*1.5 -> 960 | O97: -1 | P97: 0
A98: 6 | B98: 10 | C98: 红名村药剂商店 | D98: 362 | E98: =VLOOKUP(D98,装备道具ID!$A$1:$B$1221,2,FALSE) -> 金创药(中)包 | F98: 1 | G98: MONEYTYPE_02 | H98: =H15*1.5 -> 3120 | O98: -1 | P98: 0
A99: 6 | B99: 11 | C99: 红名村药剂商店 | D99: 371 | E99: =VLOOKUP(D99,装备道具ID!$A$1:$B$1221,2,FALSE) -> 魔法药(小)包 | F99: 1 | G99: MONEYTYPE_02 | H99: =H17*1.5 -> 960 | O99: -1 | P99: 0
A100: 6 | B100: 12 | C100: 红名村药剂商店 | D100: 372 | E100: =VLOOKUP(D100,装备道具ID!$A$1:$B$1221,2,FALSE) -> 魔法药(中)包 | F100: 1 | G100: MONEYTYPE_02 | H100: =H18*1.5 -> 3120 | O100: -1 | P100: 0
A101: 6 | B101: 13 | C101: 红名村药剂商店 | D101: 381 | E101: =VLOOKUP(D101,装备道具ID!$A$1:$B$1221,2,FALSE) -> 太阳水包 | F101: 1 | G101: MONEYTYPE_02 | H101: =H20*1.5 -> 10500 | O101: -1 | P101: 0
A102: 6 | B102: 14 | C102: 红名村药剂商店 | D102: 382 | E102: =VLOOKUP(D102,装备道具ID!$A$1:$B$1221,2,FALSE) -> 强效太阳水包 | F102: 1 | G102: MONEYTYPE_02 | H102: =H21*1.5 -> 25500 | O102: -1 | P102: 0
A103: 6 | B103: 15 | C103: 红名村药剂商店 | D103: 40001 | E103: =VLOOKUP(D103,装备道具ID!$A$1:$B$1221,2,FALSE) -> 灰色药粉(少量) | F103: 1 | G103: MONEYTYPE_02 | H103: =H22*1.5 -> 7500 | O103: -1 | P103: 0
A104: 6 | B104: 16 | C104: 红名村药剂商店 | D104: 40002 | E104: =VLOOKUP(D104,装备道具ID!$A$1:$B$1221,2,FALSE) -> 灰色药粉(中量) | F104: 1 | G104: MONEYTYPE_02 | H104: =H23*1.5 -> 16500 | O104: -1 | P104: 0
A105: 6 | B105: 17 | C105: 红名村药剂商店 | D105: 40003 | E105: =VLOOKUP(D105,装备道具ID!$A$1:$B$1221,2,FALSE) -> 灰色药粉(大量) | F105: 1 | G105: MONEYTYPE_02 | H105: =H24*1.5 -> 27000 | O105: -1 | P105: 0
A106: 6 | B106: 18 | C106: 红名村药剂商店 | D106: 40011 | E106: =VLOOKUP(D106,装备道具ID!$A$1:$B$1221,2,FALSE) -> 黄色药粉(少量) | F106: 1 | G106: MONEYTYPE_02 | H106: =H25*1.5 -> 7500 | O106: -1 | P106: 0
A107: 6 | B107: 19 | C107: 红名村药剂商店 | D107: 40012 | E107: =VLOOKUP(D107,装备道具ID!$A$1:$B$1221,2,FALSE) -> 黄色药粉(中量) | F107: 1 | G107: MONEYTYPE_02 | H107: =H26*1.5 -> 16500 | O107: -1 | P107: 0
A108: 6 | B108: 20 | C108: 红名村药剂商店 | D108: 40013 | E108: =VLOOKUP(D108,装备道具ID!$A$1:$B$1221,2,FALSE) -> 黄色药粉(大量) | F108: 1 | G108: MONEYTYPE_02 | H108: =H27*1.5 -> 27000 | O108: -1 | P108: 0
A109: 6 | B109: 21 | C109: 红名村药剂商店 | D109: 80007 | E109: =VLOOKUP(D109,装备道具ID!$A$1:$B$1221,2,FALSE) -> 盟重回城卷 | F109: 1 | G109: MONEYTYPE_02 | H109: =H76*1.5 -> 1200 | O109: -1 | P109: 0
A110: 6 | B110: 22 | C110: 红名村药剂商店 | D110: 80005 | E110: =VLOOKUP(D110,装备道具ID!$A$1:$B$1221,2,FALSE) -> 随机传送卷 | F110: 1 | G110: MONEYTYPE_02 | H110: =H73*1.5 -> 150 | O110: -1 | P110: 0
A111: 6 | B111: 23 | C111: 红名村药剂商店 | D111: 80107 | E111: =VLOOKUP(D111,装备道具ID!$A$1:$B$1221,2,FALSE) -> 盟重回城卷包 | F111: 1 | G111: MONEYTYPE_02 | H111: =H77*1.5 -> 11100 | O111: -1 | P111: 0
A112: 6 | B112: 24 | C112: 红名村药剂商店 | D112: 80105 | E112: =VLOOKUP(D112,装备道具ID!$A$1:$B$1221,2,FALSE) -> 随机传送卷包 | F112: 1 | G112: MONEYTYPE_02 | H112: =H75*1.5 -> 1200 | O112: -1 | P112: 0
A113: 6 | B113: 25 | C113: 红名村药剂商店 | D113: 99900001 | E113: =VLOOKUP(D113,装备道具ID!$A$1:$B$1221,2,FALSE) -> 木剑 | F113: 1 | G113: MONEYTYPE_02 | H113: =H179*1.5 -> 75 | O113: -1 | P113: 0
A114: 6 | B114: 26 | C114: 红名村药剂商店 | D114: 99900002 | E114: =VLOOKUP(D114,装备道具ID!$A$1:$B$1221,2,FALSE) -> 匕首 | F114: 1 | G114: MONEYTYPE_02 | H114: =H180*1.5 -> 750 | O114: -1 | P114: 0
A115: 6 | B115: 27 | C115: 红名村药剂商店 | D115: 99900003 | E115: =VLOOKUP(D115,装备道具ID!$A$1:$B$1221,2,FALSE) -> 乌木剑 | F115: 1 | G115: MONEYTYPE_02 | H115: =H181*1.5 -> 6000 | O115: -1 | P115: 0
A116: 6 | B116: 28 | C116: 红名村药剂商店 | D116: 99980113 | E116: =VLOOKUP(D116,装备道具ID!$A$1:$B$1221,2,FALSE) -> 布衣 | F116: 1 | G116: MONEYTYPE_02 | H116: =H221*1.5 -> 180 | O116: -1 | P116: 0
A117: 6 | B117: 29 | C117: 红名村药剂商店 | D117: 99990113 | E117: =VLOOKUP(D117,装备道具ID!$A$1:$B$1221,2,FALSE) -> 布衣6 | F117: 1 | G117: MONEYTYPE_02 | H117: =H222*1.5 -> 180 | O117: -1 | P117: 0
A118: 6 | B118: 30 | C118: 红名村药剂商店 | D118: 99930001 | E118: =VLOOKUP(D118,装备道具ID!$A$1:$B$1221,2,FALSE) -> 古铜戒指 | G118: MONEYTYPE_02 | H118: =H230*1.5 -> 750 | O118: -1 | P118: 0
...

Sheet define
A1: 字段 | B1: 描述 | C1: 说明
A2: ShopID | B2: 商店id
A3: ShopName | B3: 商店名
A4: ItemID | B4: 道具id
A5: ItemCount | B5: 道具数量
A6: CostItemID1 | B6: 货币1 | C6: MONEYTYPE_01 | D6: 绑金
C7: MONEYTYPE_02 | D7: 金币
C8: MONEYTYPE_MORAL | D8: 道义值
C9: MONEYTYPE_ARENA | D9: 竞技场点数
C10: MONEYTYPE_BF | D10: 战场点数
A11: CostValue1 | B11: 货币数量
A12: CostItemID2 | B12: 货币2
A13: CostValue2 | B13: 货币数量
A14: RequireForceID | B14: 需求声望类型
A15: Reputation | B15: 消耗声望数量
A16: RequireGuildBuildingID | B16: 需求建筑编号 | C16: 公会
A17: BuildingLevel | B17: 需求建筑等级 | C17: 公会

Sheet Sheet3
A1: 1101 | B1: 防具商店（1级） | C1: 99980113 | D1: 1 | E1: MONEYTYPE_02 | F1: 3000
A2: 1101 | B2: 防具商店（1级） | C2: 99980114 | D2: 1 | E2: MONEYTYPE_02 | F2: 3000
A3: 1101 | B3: 防具商店（1级） | C3: 99990123 | D3: 1 | E3: MONEYTYPE_02 | F3: 3000
A4: 1101 | B4: 防具商店（1级） | C4: 99990124 | D4: 1 | E4: MONEYTYPE_02 | F4: 3000
A5: 1101 | B5: 防具商店（1级） | C5: 99990133 | D5: 1 | E5: MONEYTYPE_02 | F5: 3000
A6: 1101 | B6: 防具商店（1级） | C6: 99990134 | D6: 1 | E6: MONEYTYPE_02 | F6: 3000
A7: 1101 | B7: 防具商店（1级） | C7: 99980111 | D7: 1 | E7: MONEYTYPE_02 | F7: 1000 | H7: 第一套头
A8: 1101 | B8: 防具商店（1级） | C8: 99990121 | D8: 1 | E8: MONEYTYPE_02 | F8: 1000 | H8: 第一套头
A9: 1101 | B9: 防具商店（1级） | C9: 99990131 | D9: 1 | E9: MONEYTYPE_02 | F9: 1000 | H9: 道士第一套（女） | I9: 99990131 | J9: 3182 | K9: 纶巾6
A10: 1101 | B10: 防具商店（1级） | C10: 99980213 | D10: 1 | E10: MONEYTYPE_02 | F10: 6000 | H10: 战士第二套（男） | I10: 99980213 | J10: 3194 | K10: 轻型盔甲
A11: 1101 | B11: 防具商店（1级） | C11: 99980214 | D11: 1 | E11: MONEYTYPE_02 | F11: 6000 | H11: 战士第二套（男） | I11: 99980214 | J11: 4068 | K11: 熟铜护腿
A12: 1101 | B12: 防具商店（1级） | C12: 99980211 | D12: 1 | E12: MONEYTYPE_02 | F12: 4000 | H12: 战士第二套（男） | I12: 99980211 | J12: 3182 | K12: 皮质头盔
A13: 1101 | B13: 防具商店（1级） | C13: 99990223 | D13: 1 | E13: MONEYTYPE_02 | F13: 6000 | H13: 法师第二套（女） | I13: 99990223 | J13: 3158 | K13: 虹霞衣6
A14: 1101 | B14: 防具商店（1级） | C14: 99990224 | D14: 1 | E14: MONEYTYPE_02 | F14: 6000 | H14: 法师第二套（女） | I14: 99990224 | J14: 4068 | K14: 赤纹护腿6
A15: 1101 | B15: 防具商店（1级） | C15: 99990221 | D15: 1 | E15: MONEYTYPE_02 | F15: 4000 | H15: 法师第二套（女） | I15: 99990221 | J15: 3182 | K15: 魔法头盔6
A16: 1101 | B16: 防具商店（1级） | C16: 99990233 | D16: 1 | E16: MONEYTYPE_02 | F16: 6000 | H16: 道士第二套（女） | I16: 99990233 | J16: 4046 | K16: 雪灵道袍6
A17: 1101 | B17: 防具商店（1级） | C17: 99990234 | D17: 1 | E17: MONEYTYPE_02 | F17: 6000 | H17: 道士第二套（女） | I17: 99990234 | J17: 4068 | K17: 秘色裹腿6
A18: 1101 | B18: 防具商店（1级） | C18: 99990231 | D18: 1 | E18: MONEYTYPE_02 | F18: 4000 | H18: 道士第二套（女） | I18: 99990231 | J18: 3182 | K18: 尖角冠6
A19: 1101 | B19: 防具商店（1级） | C19: 99980313 | D19: 1 | E19: MONEYTYPE_02 | F19: 12000 | H19: 战士第三套（男） | I19: 99980313 | J19: 3195 | K19: 中型盔甲 | L19: 12000
A20: 1101 | B20: 防具商店（1级） | C20: 99980314 | D20: 1 | E20: MONEYTYPE_02 | F20: 12000 | H20: 战士第三套（男） | I20: 99980314 | J20: 4069 | K20: 铜甲护腿 | L20: 12000
A21: 1101 | B21: 防具商店（1级） | C21: 99980311 | D21: 1 | E21: MONEYTYPE_02 | F21: 10000 | H21: 战士第三套（男） | I21: 99980311 | J21: 3182 | K21: 骷髅头盔 | L21: 10000
A22: 1101 | B22: 防具商店（1级） | C22: 99990323 | D22: 1 | E22: MONEYTYPE_02 | F22: 12000 | H22: 法师第三套（女） | I22: 99990323 | J22: 3159 | K22: 绢丝法衣6
A23: 1101 | B23: 防具商店（1级） | C23: 99990324 | D23: 1 | E23: MONEYTYPE_02 | F23: 12000 | H23: 法师第三套（女） | I23: 99990324 | J23: 4075 | K23: 匠制护腿6
A24: 1101 | B24: 防具商店（1级） | C24: 99990321 | D24: 1 | E24: MONEYTYPE_02 | F24: 10000 | H24: 法师第三套（女） | I24: 99990321 | J24: 3182 | K24: 轻巧法冠6
A25: 1101 | B25: 防具商店（1级） | C25: 99990333 | D25: 1 | E25: MONEYTYPE_02 | F25: 12000 | H25: 道士第三套（女） | I25: 99990333 | J25: 4047 | K25: 青灵道袍6
A26: 1101 | B26: 防具商店（1级） | C26: 99990334 | D26: 1 | E26: MONEYTYPE_02 | F26: 12000 | H26: 道士第三套（女） | I26: 99990334 | J26: 4069 | K26: 暗纹护腿6
A27: 1101 | B27: 防具商店（1级） | C27: 99990331 | D27: 1 | E27: MONEYTYPE_02 | F27: 10000 | H27: 道士第三套（女） | I27: 99990331 | J27: 3182 | K27: 浩然头冠6

Sheet 装备道具ID
A1: 0 | B1: 绑金
A2: 1 | B2: 金币
A3: 10 | B3: 经验
A4: 301 | B4: 金创药(小量)
A5: 302 | B5: 金创药(中量)
A6: 303 | B6: 强效金创药
A7: 304 | B7: 超强金创药（占位）
A8: 305 | B8: 金创药（占位）
A9: 311 | B9: 小金创药(绑定)
A10: 312 | B10: 中金创药(绑定)
A11: 321 | B11: 魔法药(小量)
A12: 322 | B12: 魔法药(中量)
... A1178: 99990737 | B1178: 光芒道靴
